<?xml version="1.0" encoding="UTF-8"?>
<gpx version="1.1"
     creator="RaceMap Self-Serve"
     xmlns="http://www.topografix.com/GPX/1/1"
     xmlns:xsi="http://www.w3.org/2001/XMLSchema-instance"
     xsi:schemaLocation="http://www.topografix.com/GPX/1/1 http://www.topografix.com/GPX/1/1/gpx.xsd">
  <metadata>
    <name>15KM - La Mision 2026</name>
  </metadata>
  <trk>
    <name>15KM - La Mision 2026</name>
    <extensions>
      <distance>15285.8636235241</distance>
      <ascent>895.3</ascent>
    </extensions>
    <trkseg>
      <trkpt lat="-22.390405" lon="-44.966162">
        <ele>922.31</ele>
      </trkpt>
      <trkpt lat="-22.390405" lon="-44.966162">
        <ele>922.35</ele>
      </trkpt>
      <trkpt lat="-22.390411" lon="-44.966163">
        <ele>922.39</ele>
      </trkpt>
      <trkpt lat="-22.390417" lon="-44.966163">
        <ele>922.42</ele>
      </trkpt>
      <trkpt lat="-22.390428" lon="-44.966155">
        <ele>922.46</ele>
      </trkpt>
      <trkpt lat="-22.390439" lon="-44.966147">
        <ele>922.49</ele>
      </trkpt>
      <trkpt lat="-22.390459" lon="-44.966139">
        <ele>922.53</ele>
      </trkpt>
      <trkpt lat="-22.390478" lon="-44.966131">
        <ele>922.56</ele>
      </trkpt>
      <trkpt lat="-22.390504" lon="-44.966124">
        <ele>922.6</ele>
      </trkpt>
      <trkpt lat="-22.39053" lon="-44.966118">
        <ele>922.64</ele>
      </trkpt>
      <trkpt lat="-22.390559" lon="-44.966111">
        <ele>922.67</ele>
      </trkpt>
      <trkpt lat="-22.390588" lon="-44.966105">
        <ele>922.64</ele>
      </trkpt>
      <trkpt lat="-22.390618" lon="-44.966095">
        <ele>922.61</ele>
      </trkpt>
      <trkpt lat="-22.390647" lon="-44.966085">
        <ele>922.57</ele>
      </trkpt>
      <trkpt lat="-22.390675" lon="-44.966074">
        <ele>922.54</ele>
      </trkpt>
      <trkpt lat="-22.390703" lon="-44.966064">
        <ele>922.51</ele>
      </trkpt>
      <trkpt lat="-22.390731" lon="-44.966056">
        <ele>922.52</ele>
      </trkpt>
      <trkpt lat="-22.390759" lon="-44.966049">
        <ele>922.54</ele>
      </trkpt>
      <trkpt lat="-22.390789" lon="-44.966044">
        <ele>922.56</ele>
      </trkpt>
      <trkpt lat="-22.390818" lon="-44.96604">
        <ele>922.57</ele>
      </trkpt>
      <trkpt lat="-22.390849" lon="-44.966036">
        <ele>922.59</ele>
      </trkpt>
      <trkpt lat="-22.390879" lon="-44.966033">
        <ele>922.61</ele>
      </trkpt>
      <trkpt lat="-22.390909" lon="-44.966028">
        <ele>922.64</ele>
      </trkpt>
      <trkpt lat="-22.39094" lon="-44.966024">
        <ele>922.67</ele>
      </trkpt>
      <trkpt lat="-22.39097" lon="-44.966017">
        <ele>922.69</ele>
      </trkpt>
      <trkpt lat="-22.391" lon="-44.96601">
        <ele>922.72</ele>
      </trkpt>
      <trkpt lat="-22.391031" lon="-44.966001">
        <ele>922.76</ele>
      </trkpt>
      <trkpt lat="-22.391062" lon="-44.965992">
        <ele>922.8</ele>
      </trkpt>
      <trkpt lat="-22.391092" lon="-44.965983">
        <ele>922.84</ele>
      </trkpt>
      <trkpt lat="-22.391123" lon="-44.965974">
        <ele>922.89</ele>
      </trkpt>
      <trkpt lat="-22.391153" lon="-44.965966">
        <ele>922.93</ele>
      </trkpt>
      <trkpt lat="-22.391184" lon="-44.965959">
        <ele>922.92</ele>
      </trkpt>
      <trkpt lat="-22.391215" lon="-44.965952">
        <ele>922.91</ele>
      </trkpt>
      <trkpt lat="-22.391247" lon="-44.965946">
        <ele>922.91</ele>
      </trkpt>
      <trkpt lat="-22.391277" lon="-44.965942">
        <ele>922.9</ele>
      </trkpt>
      <trkpt lat="-22.391308" lon="-44.965938">
        <ele>922.89</ele>
      </trkpt>
      <trkpt lat="-22.391339" lon="-44.965937">
        <ele>922.89</ele>
      </trkpt>
      <trkpt lat="-22.391369" lon="-44.965936">
        <ele>922.89</ele>
      </trkpt>
      <trkpt lat="-22.3914" lon="-44.965938">
        <ele>922.89</ele>
      </trkpt>
      <trkpt lat="-22.391431" lon="-44.96594">
        <ele>922.89</ele>
      </trkpt>
      <trkpt lat="-22.391461" lon="-44.965944">
        <ele>922.89</ele>
      </trkpt>
      <trkpt lat="-22.391492" lon="-44.965947">
        <ele>922.89</ele>
      </trkpt>
      <trkpt lat="-22.391521" lon="-44.96595">
        <ele>922.89</ele>
      </trkpt>
      <trkpt lat="-22.391551" lon="-44.965954">
        <ele>922.89</ele>
      </trkpt>
      <trkpt lat="-22.391579" lon="-44.965956">
        <ele>922.9</ele>
      </trkpt>
      <trkpt lat="-22.391608" lon="-44.965958">
        <ele>922.9</ele>
      </trkpt>
      <trkpt lat="-22.391635" lon="-44.965957">
        <ele>922.84</ele>
      </trkpt>
      <trkpt lat="-22.391663" lon="-44.965956">
        <ele>922.79</ele>
      </trkpt>
      <trkpt lat="-22.391688" lon="-44.965948">
        <ele>922.73</ele>
      </trkpt>
      <trkpt lat="-22.391712" lon="-44.965941">
        <ele>922.68</ele>
      </trkpt>
      <trkpt lat="-22.391727" lon="-44.965922">
        <ele>922.62</ele>
      </trkpt>
      <trkpt lat="-22.391742" lon="-44.965903">
        <ele>922.56</ele>
      </trkpt>
      <trkpt lat="-22.391746" lon="-44.965876">
        <ele>922.5</ele>
      </trkpt>
      <trkpt lat="-22.391749" lon="-44.965849">
        <ele>922.44</ele>
      </trkpt>
      <trkpt lat="-22.391746" lon="-44.965819">
        <ele>922.38</ele>
      </trkpt>
      <trkpt lat="-22.391742" lon="-44.965789">
        <ele>922.32</ele>
      </trkpt>
      <trkpt lat="-22.391735" lon="-44.965757">
        <ele>922.26</ele>
      </trkpt>
      <trkpt lat="-22.391728" lon="-44.965726">
        <ele>922.19</ele>
      </trkpt>
      <trkpt lat="-22.391719" lon="-44.965691">
        <ele>922.13</ele>
      </trkpt>
      <trkpt lat="-22.39171" lon="-44.965657">
        <ele>922.06</ele>
      </trkpt>
      <trkpt lat="-22.391701" lon="-44.965622">
        <ele>921.99</ele>
      </trkpt>
      <trkpt lat="-22.391692" lon="-44.965587">
        <ele>921.93</ele>
      </trkpt>
      <trkpt lat="-22.391684" lon="-44.965552">
        <ele>921.76</ele>
      </trkpt>
      <trkpt lat="-22.391677" lon="-44.965516">
        <ele>921.6</ele>
      </trkpt>
      <trkpt lat="-22.39167" lon="-44.965482">
        <ele>921.43</ele>
      </trkpt>
      <trkpt lat="-22.391664" lon="-44.965448">
        <ele>921.27</ele>
      </trkpt>
      <trkpt lat="-22.391659" lon="-44.965416">
        <ele>921.1</ele>
      </trkpt>
      <trkpt lat="-22.391654" lon="-44.965384">
        <ele>920.87</ele>
      </trkpt>
      <trkpt lat="-22.391649" lon="-44.965354">
        <ele>920.65</ele>
      </trkpt>
      <trkpt lat="-22.391645" lon="-44.965323">
        <ele>920.42</ele>
      </trkpt>
      <trkpt lat="-22.391639" lon="-44.965292">
        <ele>920.19</ele>
      </trkpt>
      <trkpt lat="-22.391633" lon="-44.96526">
        <ele>919.97</ele>
      </trkpt>
      <trkpt lat="-22.391627" lon="-44.965228">
        <ele>919.72</ele>
      </trkpt>
      <trkpt lat="-22.391621" lon="-44.965195">
        <ele>919.48</ele>
      </trkpt>
      <trkpt lat="-22.391616" lon="-44.965161">
        <ele>919.23</ele>
      </trkpt>
      <trkpt lat="-22.391612" lon="-44.965128">
        <ele>918.99</ele>
      </trkpt>
      <trkpt lat="-22.391608" lon="-44.965095">
        <ele>918.74</ele>
      </trkpt>
      <trkpt lat="-22.391604" lon="-44.965061">
        <ele>918.72</ele>
      </trkpt>
      <trkpt lat="-22.391602" lon="-44.965029">
        <ele>918.7</ele>
      </trkpt>
      <trkpt lat="-22.391599" lon="-44.964996">
        <ele>918.67</ele>
      </trkpt>
      <trkpt lat="-22.391598" lon="-44.964966">
        <ele>918.65</ele>
      </trkpt>
      <trkpt lat="-22.391596" lon="-44.964935">
        <ele>918.63</ele>
      </trkpt>
      <trkpt lat="-22.391594" lon="-44.964904">
        <ele>918.68</ele>
      </trkpt>
      <trkpt lat="-22.391591" lon="-44.964872">
        <ele>918.73</ele>
      </trkpt>
      <trkpt lat="-22.391588" lon="-44.96484">
        <ele>918.78</ele>
      </trkpt>
      <trkpt lat="-22.391586" lon="-44.964808">
        <ele>918.83</ele>
      </trkpt>
      <trkpt lat="-22.391583" lon="-44.964777">
        <ele>918.87</ele>
      </trkpt>
      <trkpt lat="-22.391581" lon="-44.964745">
        <ele>919.08</ele>
      </trkpt>
      <trkpt lat="-22.391586" lon="-44.964717">
        <ele>919.29</ele>
      </trkpt>
      <trkpt lat="-22.391591" lon="-44.964688">
        <ele>919.49</ele>
      </trkpt>
      <trkpt lat="-22.39161" lon="-44.964667">
        <ele>919.7</ele>
      </trkpt>
      <trkpt lat="-22.391629" lon="-44.964646">
        <ele>919.9</ele>
      </trkpt>
      <trkpt lat="-22.39166" lon="-44.964633">
        <ele>919.99</ele>
      </trkpt>
      <trkpt lat="-22.391691" lon="-44.964621">
        <ele>920.08</ele>
      </trkpt>
      <trkpt lat="-22.391727" lon="-44.964615">
        <ele>920.17</ele>
      </trkpt>
      <trkpt lat="-22.391763" lon="-44.964608">
        <ele>920.27</ele>
      </trkpt>
      <trkpt lat="-22.391798" lon="-44.964604">
        <ele>920.28</ele>
      </trkpt>
      <trkpt lat="-22.391833" lon="-44.964601">
        <ele>920.29</ele>
      </trkpt>
      <trkpt lat="-22.391867" lon="-44.964597">
        <ele>920.3</ele>
      </trkpt>
      <trkpt lat="-22.391901" lon="-44.964593">
        <ele>920.31</ele>
      </trkpt>
      <trkpt lat="-22.391934" lon="-44.964589">
        <ele>920.32</ele>
      </trkpt>
      <trkpt lat="-22.391967" lon="-44.964584">
        <ele>920.32</ele>
      </trkpt>
      <trkpt lat="-22.392" lon="-44.964581">
        <ele>920.33</ele>
      </trkpt>
      <trkpt lat="-22.392032" lon="-44.964578">
        <ele>920.34</ele>
      </trkpt>
      <trkpt lat="-22.392063" lon="-44.964576">
        <ele>920.34</ele>
      </trkpt>
      <trkpt lat="-22.392094" lon="-44.964573">
        <ele>920.37</ele>
      </trkpt>
      <trkpt lat="-22.392124" lon="-44.964569">
        <ele>920.4</ele>
      </trkpt>
      <trkpt lat="-22.392154" lon="-44.964566">
        <ele>920.43</ele>
      </trkpt>
      <trkpt lat="-22.392185" lon="-44.964558">
        <ele>920.46</ele>
      </trkpt>
      <trkpt lat="-22.392215" lon="-44.964551">
        <ele>920.49</ele>
      </trkpt>
      <trkpt lat="-22.392245" lon="-44.964541">
        <ele>920.54</ele>
      </trkpt>
      <trkpt lat="-22.392275" lon="-44.964532">
        <ele>920.59</ele>
      </trkpt>
      <trkpt lat="-22.392306" lon="-44.964522">
        <ele>920.64</ele>
      </trkpt>
      <trkpt lat="-22.392336" lon="-44.964513">
        <ele>920.69</ele>
      </trkpt>
      <trkpt lat="-22.392366" lon="-44.964505">
        <ele>920.74</ele>
      </trkpt>
      <trkpt lat="-22.392397" lon="-44.964498">
        <ele>920.77</ele>
      </trkpt>
      <trkpt lat="-22.392426" lon="-44.964492">
        <ele>920.8</ele>
      </trkpt>
      <trkpt lat="-22.392455" lon="-44.964486">
        <ele>920.83</ele>
      </trkpt>
      <trkpt lat="-22.392483" lon="-44.96448">
        <ele>920.86</ele>
      </trkpt>
      <trkpt lat="-22.392512" lon="-44.964474">
        <ele>920.89</ele>
      </trkpt>
      <trkpt lat="-22.39254" lon="-44.964466">
        <ele>920.89</ele>
      </trkpt>
      <trkpt lat="-22.392569" lon="-44.964458">
        <ele>920.89</ele>
      </trkpt>
      <trkpt lat="-22.392598" lon="-44.964447">
        <ele>920.9</ele>
      </trkpt>
      <trkpt lat="-22.392627" lon="-44.964436">
        <ele>920.9</ele>
      </trkpt>
      <trkpt lat="-22.392657" lon="-44.964426">
        <ele>920.9</ele>
      </trkpt>
      <trkpt lat="-22.392686" lon="-44.964415">
        <ele>920.95</ele>
      </trkpt>
      <trkpt lat="-22.392716" lon="-44.964406">
        <ele>921.01</ele>
      </trkpt>
      <trkpt lat="-22.392746" lon="-44.964396">
        <ele>921.06</ele>
      </trkpt>
      <trkpt lat="-22.392775" lon="-44.964388">
        <ele>921.11</ele>
      </trkpt>
      <trkpt lat="-22.392804" lon="-44.964379">
        <ele>921.17</ele>
      </trkpt>
      <trkpt lat="-22.392831" lon="-44.96437">
        <ele>921.22</ele>
      </trkpt>
      <trkpt lat="-22.392858" lon="-44.96436">
        <ele>921.26</ele>
      </trkpt>
      <trkpt lat="-22.392881" lon="-44.964345">
        <ele>921.31</ele>
      </trkpt>
      <trkpt lat="-22.392903" lon="-44.96433">
        <ele>921.36</ele>
      </trkpt>
      <trkpt lat="-22.392914" lon="-44.964306">
        <ele>921.41</ele>
      </trkpt>
      <trkpt lat="-22.392925" lon="-44.964281">
        <ele>921.46</ele>
      </trkpt>
      <trkpt lat="-22.392923" lon="-44.964248">
        <ele>921.39</ele>
      </trkpt>
      <trkpt lat="-22.392921" lon="-44.964215">
        <ele>921.33</ele>
      </trkpt>
      <trkpt lat="-22.392906" lon="-44.964181">
        <ele>921.26</ele>
      </trkpt>
      <trkpt lat="-22.392892" lon="-44.964147">
        <ele>921.19</ele>
      </trkpt>
      <trkpt lat="-22.39287" lon="-44.964117">
        <ele>921.13</ele>
      </trkpt>
      <trkpt lat="-22.392849" lon="-44.964087">
        <ele>921.03</ele>
      </trkpt>
      <trkpt lat="-22.392826" lon="-44.964061">
        <ele>920.92</ele>
      </trkpt>
      <trkpt lat="-22.392803" lon="-44.964035">
        <ele>920.82</ele>
      </trkpt>
      <trkpt lat="-22.392786" lon="-44.964009">
        <ele>920.72</ele>
      </trkpt>
      <trkpt lat="-22.39277" lon="-44.963983">
        <ele>920.61</ele>
      </trkpt>
      <trkpt lat="-22.392769" lon="-44.963955">
        <ele>920.6</ele>
      </trkpt>
      <trkpt lat="-22.392768" lon="-44.963926">
        <ele>920.58</ele>
      </trkpt>
      <trkpt lat="-22.392781" lon="-44.963897">
        <ele>920.57</ele>
      </trkpt>
      <trkpt lat="-22.392793" lon="-44.963868">
        <ele>920.55</ele>
      </trkpt>
      <trkpt lat="-22.392813" lon="-44.96384">
        <ele>920.54</ele>
      </trkpt>
      <trkpt lat="-22.392833" lon="-44.963811">
        <ele>920.61</ele>
      </trkpt>
      <trkpt lat="-22.392855" lon="-44.963783">
        <ele>920.68</ele>
      </trkpt>
      <trkpt lat="-22.392877" lon="-44.963755">
        <ele>920.74</ele>
      </trkpt>
      <trkpt lat="-22.392897" lon="-44.963727">
        <ele>920.81</ele>
      </trkpt>
      <trkpt lat="-22.392917" lon="-44.963699">
        <ele>920.88</ele>
      </trkpt>
      <trkpt lat="-22.392935" lon="-44.963672">
        <ele>921.09</ele>
      </trkpt>
      <trkpt lat="-22.392954" lon="-44.963644">
        <ele>921.29</ele>
      </trkpt>
      <trkpt lat="-22.39297" lon="-44.963616">
        <ele>921.5</ele>
      </trkpt>
      <trkpt lat="-22.392987" lon="-44.963589">
        <ele>921.7</ele>
      </trkpt>
      <trkpt lat="-22.393003" lon="-44.963561">
        <ele>921.91</ele>
      </trkpt>
      <trkpt lat="-22.393018" lon="-44.963534">
        <ele>922.08</ele>
      </trkpt>
      <trkpt lat="-22.393029" lon="-44.963507">
        <ele>922.25</ele>
      </trkpt>
      <trkpt lat="-22.39304" lon="-44.96348">
        <ele>922.42</ele>
      </trkpt>
      <trkpt lat="-22.393037" lon="-44.963456">
        <ele>922.58</ele>
      </trkpt>
      <trkpt lat="-22.393033" lon="-44.963432">
        <ele>922.75</ele>
      </trkpt>
      <trkpt lat="-22.393015" lon="-44.963412">
        <ele>922.92</ele>
      </trkpt>
      <trkpt lat="-22.392996" lon="-44.963392">
        <ele>922.88</ele>
      </trkpt>
      <trkpt lat="-22.39297" lon="-44.963376">
        <ele>922.84</ele>
      </trkpt>
      <trkpt lat="-22.392944" lon="-44.96336">
        <ele>922.8</ele>
      </trkpt>
      <trkpt lat="-22.392915" lon="-44.963346">
        <ele>922.76</ele>
      </trkpt>
      <trkpt lat="-22.392886" lon="-44.963332">
        <ele>922.72</ele>
      </trkpt>
      <trkpt lat="-22.392856" lon="-44.963321">
        <ele>922.64</ele>
      </trkpt>
      <trkpt lat="-22.392825" lon="-44.96331">
        <ele>922.57</ele>
      </trkpt>
      <trkpt lat="-22.392795" lon="-44.963301">
        <ele>922.49</ele>
      </trkpt>
      <trkpt lat="-22.392764" lon="-44.963292">
        <ele>922.41</ele>
      </trkpt>
      <trkpt lat="-22.392733" lon="-44.963283">
        <ele>922.33</ele>
      </trkpt>
      <trkpt lat="-22.392703" lon="-44.963273">
        <ele>922.25</ele>
      </trkpt>
      <trkpt lat="-22.392672" lon="-44.963263">
        <ele>922.18</ele>
      </trkpt>
      <trkpt lat="-22.392641" lon="-44.963252">
        <ele>922.1</ele>
      </trkpt>
      <trkpt lat="-22.392611" lon="-44.96324">
        <ele>922.02</ele>
      </trkpt>
      <trkpt lat="-22.39258" lon="-44.963228">
        <ele>921.94</ele>
      </trkpt>
      <trkpt lat="-22.39255" lon="-44.963215">
        <ele>921.88</ele>
      </trkpt>
      <trkpt lat="-22.39252" lon="-44.963203">
        <ele>921.82</ele>
      </trkpt>
      <trkpt lat="-22.392492" lon="-44.96319">
        <ele>921.76</ele>
      </trkpt>
      <trkpt lat="-22.392463" lon="-44.963177">
        <ele>921.7</ele>
      </trkpt>
      <trkpt lat="-22.392437" lon="-44.963162">
        <ele>921.64</ele>
      </trkpt>
      <trkpt lat="-22.39241" lon="-44.963148">
        <ele>921.64</ele>
      </trkpt>
      <trkpt lat="-22.392387" lon="-44.963132">
        <ele>921.65</ele>
      </trkpt>
      <trkpt lat="-22.392363" lon="-44.963116">
        <ele>921.66</ele>
      </trkpt>
      <trkpt lat="-22.392342" lon="-44.9631">
        <ele>921.67</ele>
      </trkpt>
      <trkpt lat="-22.392321" lon="-44.963085">
        <ele>921.68</ele>
      </trkpt>
      <trkpt lat="-22.392302" lon="-44.963068">
        <ele>921.92</ele>
      </trkpt>
      <trkpt lat="-22.392283" lon="-44.963052">
        <ele>922.16</ele>
      </trkpt>
      <trkpt lat="-22.392265" lon="-44.963037">
        <ele>922.4</ele>
      </trkpt>
      <trkpt lat="-22.392247" lon="-44.963021">
        <ele>922.64</ele>
      </trkpt>
      <trkpt lat="-22.392228" lon="-44.963006">
        <ele>922.88</ele>
      </trkpt>
      <trkpt lat="-22.39221" lon="-44.962991">
        <ele>923.12</ele>
      </trkpt>
      <trkpt lat="-22.392191" lon="-44.962975">
        <ele>923.29</ele>
      </trkpt>
      <trkpt lat="-22.392173" lon="-44.96296">
        <ele>923.47</ele>
      </trkpt>
      <trkpt lat="-22.392153" lon="-44.962944">
        <ele>923.64</ele>
      </trkpt>
      <trkpt lat="-22.392133" lon="-44.962928">
        <ele>923.82</ele>
      </trkpt>
      <trkpt lat="-22.392113" lon="-44.962911">
        <ele>923.99</ele>
      </trkpt>
      <trkpt lat="-22.392092" lon="-44.962894">
        <ele>924.17</ele>
      </trkpt>
      <trkpt lat="-22.392072" lon="-44.962876">
        <ele>924.25</ele>
      </trkpt>
      <trkpt lat="-22.392051" lon="-44.962858">
        <ele>924.33</ele>
      </trkpt>
      <trkpt lat="-22.392032" lon="-44.962841">
        <ele>924.41</ele>
      </trkpt>
      <trkpt lat="-22.392012" lon="-44.962824">
        <ele>924.49</ele>
      </trkpt>
      <trkpt lat="-22.391993" lon="-44.962805">
        <ele>924.57</ele>
      </trkpt>
      <trkpt lat="-22.391973" lon="-44.962787">
        <ele>924.66</ele>
      </trkpt>
      <trkpt lat="-22.391955" lon="-44.962765">
        <ele>924.87</ele>
      </trkpt>
      <trkpt lat="-22.391937" lon="-44.962742">
        <ele>925.08</ele>
      </trkpt>
      <trkpt lat="-22.391919" lon="-44.962718">
        <ele>925.29</ele>
      </trkpt>
      <trkpt lat="-22.391901" lon="-44.962694">
        <ele>925.5</ele>
      </trkpt>
      <trkpt lat="-22.39188" lon="-44.962671">
        <ele>925.71</ele>
      </trkpt>
      <trkpt lat="-22.391859" lon="-44.962648">
        <ele>925.62</ele>
      </trkpt>
      <trkpt lat="-22.391835" lon="-44.96263">
        <ele>925.52</ele>
      </trkpt>
      <trkpt lat="-22.39181" lon="-44.962612">
        <ele>925.43</ele>
      </trkpt>
      <trkpt lat="-22.391782" lon="-44.962599">
        <ele>925.33</ele>
      </trkpt>
      <trkpt lat="-22.391754" lon="-44.962586">
        <ele>925.24</ele>
      </trkpt>
      <trkpt lat="-22.391725" lon="-44.962575">
        <ele>924.88</ele>
      </trkpt>
      <trkpt lat="-22.391695" lon="-44.962565">
        <ele>924.51</ele>
      </trkpt>
      <trkpt lat="-22.391665" lon="-44.962555">
        <ele>924.15</ele>
      </trkpt>
      <trkpt lat="-22.391635" lon="-44.962544">
        <ele>923.79</ele>
      </trkpt>
      <trkpt lat="-22.391604" lon="-44.962533">
        <ele>923.42</ele>
      </trkpt>
      <trkpt lat="-22.391573" lon="-44.962522">
        <ele>923.17</ele>
      </trkpt>
      <trkpt lat="-22.391542" lon="-44.962512">
        <ele>922.91</ele>
      </trkpt>
      <trkpt lat="-22.391511" lon="-44.962501">
        <ele>922.66</ele>
      </trkpt>
      <trkpt lat="-22.39148" lon="-44.962492">
        <ele>922.41</ele>
      </trkpt>
      <trkpt lat="-22.39145" lon="-44.962483">
        <ele>922.15</ele>
      </trkpt>
      <trkpt lat="-22.39142" lon="-44.962475">
        <ele>921.95</ele>
      </trkpt>
      <trkpt lat="-22.39139" lon="-44.962468">
        <ele>921.75</ele>
      </trkpt>
      <trkpt lat="-22.39136" lon="-44.96246">
        <ele>921.55</ele>
      </trkpt>
      <trkpt lat="-22.39133" lon="-44.962453">
        <ele>921.35</ele>
      </trkpt>
      <trkpt lat="-22.3913" lon="-44.962446">
        <ele>921.15</ele>
      </trkpt>
      <trkpt lat="-22.39127" lon="-44.962438">
        <ele>921</ele>
      </trkpt>
      <trkpt lat="-22.391239" lon="-44.962431">
        <ele>920.84</ele>
      </trkpt>
      <trkpt lat="-22.391209" lon="-44.962424">
        <ele>920.68</ele>
      </trkpt>
      <trkpt lat="-22.391178" lon="-44.962418">
        <ele>920.52</ele>
      </trkpt>
      <trkpt lat="-22.391147" lon="-44.962412">
        <ele>920.37</ele>
      </trkpt>
      <trkpt lat="-22.391117" lon="-44.962408">
        <ele>920.3</ele>
      </trkpt>
      <trkpt lat="-22.391086" lon="-44.962403">
        <ele>920.23</ele>
      </trkpt>
      <trkpt lat="-22.391056" lon="-44.962398">
        <ele>920.17</ele>
      </trkpt>
      <trkpt lat="-22.391025" lon="-44.962394">
        <ele>920.1</ele>
      </trkpt>
      <trkpt lat="-22.390995" lon="-44.962391">
        <ele>920.03</ele>
      </trkpt>
      <trkpt lat="-22.390964" lon="-44.962387">
        <ele>920</ele>
      </trkpt>
      <trkpt lat="-22.390934" lon="-44.962385">
        <ele>919.97</ele>
      </trkpt>
      <trkpt lat="-22.390903" lon="-44.962382">
        <ele>919.94</ele>
      </trkpt>
      <trkpt lat="-22.390872" lon="-44.96238">
        <ele>919.9</ele>
      </trkpt>
      <trkpt lat="-22.390841" lon="-44.962378">
        <ele>919.87</ele>
      </trkpt>
      <trkpt lat="-22.390809" lon="-44.962379">
        <ele>919.93</ele>
      </trkpt>
      <trkpt lat="-22.390777" lon="-44.96238">
        <ele>919.98</ele>
      </trkpt>
      <trkpt lat="-22.390743" lon="-44.962382">
        <ele>920.04</ele>
      </trkpt>
      <trkpt lat="-22.39071" lon="-44.962384">
        <ele>920.09</ele>
      </trkpt>
      <trkpt lat="-22.390676" lon="-44.962386">
        <ele>920.15</ele>
      </trkpt>
      <trkpt lat="-22.390642" lon="-44.962389">
        <ele>920.31</ele>
      </trkpt>
      <trkpt lat="-22.390609" lon="-44.962393">
        <ele>920.46</ele>
      </trkpt>
      <trkpt lat="-22.390577" lon="-44.962397">
        <ele>920.62</ele>
      </trkpt>
      <trkpt lat="-22.390545" lon="-44.9624">
        <ele>920.78</ele>
      </trkpt>
      <trkpt lat="-22.390513" lon="-44.962403">
        <ele>920.94</ele>
      </trkpt>
      <trkpt lat="-22.390482" lon="-44.962405">
        <ele>921.17</ele>
      </trkpt>
      <trkpt lat="-22.390451" lon="-44.962408">
        <ele>921.4</ele>
      </trkpt>
      <trkpt lat="-22.390421" lon="-44.962411">
        <ele>921.63</ele>
      </trkpt>
      <trkpt lat="-22.39039" lon="-44.962414">
        <ele>921.86</ele>
      </trkpt>
      <trkpt lat="-22.39036" lon="-44.962418">
        <ele>922.08</ele>
      </trkpt>
      <trkpt lat="-22.39033" lon="-44.962421">
        <ele>922.26</ele>
      </trkpt>
      <trkpt lat="-22.3903" lon="-44.962427">
        <ele>922.43</ele>
      </trkpt>
      <trkpt lat="-22.39027" lon="-44.962432">
        <ele>922.6</ele>
      </trkpt>
      <trkpt lat="-22.390239" lon="-44.962439">
        <ele>922.77</ele>
      </trkpt>
      <trkpt lat="-22.390209" lon="-44.962445">
        <ele>922.94</ele>
      </trkpt>
      <trkpt lat="-22.390178" lon="-44.962454">
        <ele>922.92</ele>
      </trkpt>
      <trkpt lat="-22.390148" lon="-44.962463">
        <ele>922.89</ele>
      </trkpt>
      <trkpt lat="-22.390117" lon="-44.962472">
        <ele>922.86</ele>
      </trkpt>
      <trkpt lat="-22.390087" lon="-44.962482">
        <ele>922.84</ele>
      </trkpt>
      <trkpt lat="-22.390057" lon="-44.962493">
        <ele>922.81</ele>
      </trkpt>
      <trkpt lat="-22.390026" lon="-44.962504">
        <ele>922.68</ele>
      </trkpt>
      <trkpt lat="-22.389996" lon="-44.962514">
        <ele>922.55</ele>
      </trkpt>
      <trkpt lat="-22.389966" lon="-44.962525">
        <ele>922.42</ele>
      </trkpt>
      <trkpt lat="-22.389935" lon="-44.962531">
        <ele>922.29</ele>
      </trkpt>
      <trkpt lat="-22.389905" lon="-44.962538">
        <ele>922.16</ele>
      </trkpt>
      <trkpt lat="-22.389874" lon="-44.962535">
        <ele>922.4</ele>
      </trkpt>
      <trkpt lat="-22.389844" lon="-44.962532">
        <ele>922.64</ele>
      </trkpt>
      <trkpt lat="-22.389815" lon="-44.962518">
        <ele>922.88</ele>
      </trkpt>
      <trkpt lat="-22.389787" lon="-44.962504">
        <ele>923.12</ele>
      </trkpt>
      <trkpt lat="-22.389761" lon="-44.962485">
        <ele>923.36</ele>
      </trkpt>
      <trkpt lat="-22.389736" lon="-44.962465">
        <ele>923.83</ele>
      </trkpt>
      <trkpt lat="-22.389712" lon="-44.962442">
        <ele>924.31</ele>
      </trkpt>
      <trkpt lat="-22.389689" lon="-44.96242">
        <ele>924.78</ele>
      </trkpt>
      <trkpt lat="-22.389668" lon="-44.962395">
        <ele>925.26</ele>
      </trkpt>
      <trkpt lat="-22.389647" lon="-44.96237">
        <ele>925.73</ele>
      </trkpt>
      <trkpt lat="-22.389629" lon="-44.962344">
        <ele>926.17</ele>
      </trkpt>
      <trkpt lat="-22.389611" lon="-44.962317">
        <ele>926.6</ele>
      </trkpt>
      <trkpt lat="-22.389596" lon="-44.96229">
        <ele>927.04</ele>
      </trkpt>
      <trkpt lat="-22.389581" lon="-44.962262">
        <ele>927.47</ele>
      </trkpt>
      <trkpt lat="-22.389568" lon="-44.962235">
        <ele>927.9</ele>
      </trkpt>
      <trkpt lat="-22.389555" lon="-44.962207">
        <ele>928.18</ele>
      </trkpt>
      <trkpt lat="-22.389543" lon="-44.962179">
        <ele>928.47</ele>
      </trkpt>
      <trkpt lat="-22.38953" lon="-44.962151">
        <ele>928.75</ele>
      </trkpt>
      <trkpt lat="-22.389517" lon="-44.962123">
        <ele>929.03</ele>
      </trkpt>
      <trkpt lat="-22.389504" lon="-44.962095">
        <ele>929.31</ele>
      </trkpt>
      <trkpt lat="-22.38949" lon="-44.962069">
        <ele>929.49</ele>
      </trkpt>
      <trkpt lat="-22.389477" lon="-44.962043">
        <ele>929.66</ele>
      </trkpt>
      <trkpt lat="-22.389464" lon="-44.962019">
        <ele>929.84</ele>
      </trkpt>
      <trkpt lat="-22.389452" lon="-44.961994">
        <ele>930.02</ele>
      </trkpt>
      <trkpt lat="-22.389443" lon="-44.96197">
        <ele>930.2</ele>
      </trkpt>
      <trkpt lat="-22.389433" lon="-44.961946">
        <ele>930.38</ele>
      </trkpt>
      <trkpt lat="-22.389427" lon="-44.961922">
        <ele>930.63</ele>
      </trkpt>
      <trkpt lat="-22.389421" lon="-44.961898">
        <ele>930.89</ele>
      </trkpt>
      <trkpt lat="-22.389418" lon="-44.961873">
        <ele>931.14</ele>
      </trkpt>
      <trkpt lat="-22.389416" lon="-44.961848">
        <ele>931.39</ele>
      </trkpt>
      <trkpt lat="-22.389413" lon="-44.961824">
        <ele>931.65</ele>
      </trkpt>
      <trkpt lat="-22.389411" lon="-44.9618">
        <ele>931.9</ele>
      </trkpt>
      <trkpt lat="-22.389409" lon="-44.961777">
        <ele>932.16</ele>
      </trkpt>
      <trkpt lat="-22.389407" lon="-44.961754">
        <ele>932.42</ele>
      </trkpt>
      <trkpt lat="-22.389405" lon="-44.96173">
        <ele>932.68</ele>
      </trkpt>
      <trkpt lat="-22.389403" lon="-44.961706">
        <ele>932.94</ele>
      </trkpt>
      <trkpt lat="-22.389401" lon="-44.96168">
        <ele>933.2</ele>
      </trkpt>
      <trkpt lat="-22.3894" lon="-44.961654">
        <ele>933.47</ele>
      </trkpt>
      <trkpt lat="-22.389398" lon="-44.961626">
        <ele>933.82</ele>
      </trkpt>
      <trkpt lat="-22.389396" lon="-44.961599">
        <ele>934.18</ele>
      </trkpt>
      <trkpt lat="-22.389393" lon="-44.96157">
        <ele>934.54</ele>
      </trkpt>
      <trkpt lat="-22.38939" lon="-44.96154">
        <ele>934.9</ele>
      </trkpt>
      <trkpt lat="-22.389386" lon="-44.961511">
        <ele>935.25</ele>
      </trkpt>
      <trkpt lat="-22.389383" lon="-44.961482">
        <ele>935.61</ele>
      </trkpt>
      <trkpt lat="-22.38938" lon="-44.961453">
        <ele>935.92</ele>
      </trkpt>
      <trkpt lat="-22.389377" lon="-44.961424">
        <ele>936.22</ele>
      </trkpt>
      <trkpt lat="-22.389374" lon="-44.961397">
        <ele>936.53</ele>
      </trkpt>
      <trkpt lat="-22.389372" lon="-44.961369">
        <ele>936.83</ele>
      </trkpt>
      <trkpt lat="-22.38937" lon="-44.961343">
        <ele>937.14</ele>
      </trkpt>
      <trkpt lat="-22.389369" lon="-44.961316">
        <ele>937.44</ele>
      </trkpt>
      <trkpt lat="-22.389368" lon="-44.96129">
        <ele>937.63</ele>
      </trkpt>
      <trkpt lat="-22.389367" lon="-44.961263">
        <ele>937.82</ele>
      </trkpt>
      <trkpt lat="-22.389365" lon="-44.961238">
        <ele>938.01</ele>
      </trkpt>
      <trkpt lat="-22.389363" lon="-44.961212">
        <ele>938.2</ele>
      </trkpt>
      <trkpt lat="-22.389359" lon="-44.961188">
        <ele>938.39</ele>
      </trkpt>
      <trkpt lat="-22.389356" lon="-44.961164">
        <ele>938.58</ele>
      </trkpt>
      <trkpt lat="-22.389351" lon="-44.961141">
        <ele>938.65</ele>
      </trkpt>
      <trkpt lat="-22.389347" lon="-44.961119">
        <ele>938.73</ele>
      </trkpt>
      <trkpt lat="-22.389342" lon="-44.961097">
        <ele>938.81</ele>
      </trkpt>
      <trkpt lat="-22.389337" lon="-44.961074">
        <ele>938.88</ele>
      </trkpt>
      <trkpt lat="-22.389331" lon="-44.961052">
        <ele>938.96</ele>
      </trkpt>
      <trkpt lat="-22.389325" lon="-44.96103">
        <ele>939.04</ele>
      </trkpt>
      <trkpt lat="-22.389318" lon="-44.961008">
        <ele>939.12</ele>
      </trkpt>
      <trkpt lat="-22.389311" lon="-44.960986">
        <ele>939.19</ele>
      </trkpt>
      <trkpt lat="-22.389304" lon="-44.960965">
        <ele>939.25</ele>
      </trkpt>
      <trkpt lat="-22.389297" lon="-44.960943">
        <ele>939.32</ele>
      </trkpt>
      <trkpt lat="-22.38929" lon="-44.960922">
        <ele>939.39</ele>
      </trkpt>
      <trkpt lat="-22.389283" lon="-44.9609">
        <ele>939.46</ele>
      </trkpt>
      <trkpt lat="-22.389277" lon="-44.960878">
        <ele>939.53</ele>
      </trkpt>
      <trkpt lat="-22.389271" lon="-44.960857">
        <ele>939.6</ele>
      </trkpt>
      <trkpt lat="-22.389264" lon="-44.960835">
        <ele>939.77</ele>
      </trkpt>
      <trkpt lat="-22.389258" lon="-44.960813">
        <ele>939.94</ele>
      </trkpt>
      <trkpt lat="-22.38925" lon="-44.960791">
        <ele>940.11</ele>
      </trkpt>
      <trkpt lat="-22.389243" lon="-44.960769">
        <ele>940.28</ele>
      </trkpt>
      <trkpt lat="-22.389235" lon="-44.960748">
        <ele>940.46</ele>
      </trkpt>
      <trkpt lat="-22.389228" lon="-44.960726">
        <ele>940.63</ele>
      </trkpt>
      <trkpt lat="-22.389221" lon="-44.960704">
        <ele>940.8</ele>
      </trkpt>
      <trkpt lat="-22.389213" lon="-44.960682">
        <ele>940.94</ele>
      </trkpt>
      <trkpt lat="-22.389205" lon="-44.960659">
        <ele>941.08</ele>
      </trkpt>
      <trkpt lat="-22.389196" lon="-44.960635">
        <ele>941.22</ele>
      </trkpt>
      <trkpt lat="-22.389188" lon="-44.96061">
        <ele>941.36</ele>
      </trkpt>
      <trkpt lat="-22.389181" lon="-44.960586">
        <ele>941.5</ele>
      </trkpt>
      <trkpt lat="-22.389174" lon="-44.960561">
        <ele>941.64</ele>
      </trkpt>
      <trkpt lat="-22.389168" lon="-44.960536">
        <ele>941.85</ele>
      </trkpt>
      <trkpt lat="-22.389162" lon="-44.960511">
        <ele>942.06</ele>
      </trkpt>
      <trkpt lat="-22.389157" lon="-44.960486">
        <ele>942.27</ele>
      </trkpt>
      <trkpt lat="-22.389153" lon="-44.960463">
        <ele>942.48</ele>
      </trkpt>
      <trkpt lat="-22.389149" lon="-44.960439">
        <ele>942.69</ele>
      </trkpt>
      <trkpt lat="-22.389148" lon="-44.960417">
        <ele>942.9</ele>
      </trkpt>
      <trkpt lat="-22.389148" lon="-44.960395">
        <ele>943.21</ele>
      </trkpt>
      <trkpt lat="-22.389149" lon="-44.960373">
        <ele>943.51</ele>
      </trkpt>
      <trkpt lat="-22.389151" lon="-44.960352">
        <ele>943.82</ele>
      </trkpt>
      <trkpt lat="-22.389152" lon="-44.960331">
        <ele>944.12</ele>
      </trkpt>
      <trkpt lat="-22.389154" lon="-44.96031">
        <ele>944.43</ele>
      </trkpt>
      <trkpt lat="-22.389157" lon="-44.960289">
        <ele>944.73</ele>
      </trkpt>
      <trkpt lat="-22.389159" lon="-44.960268">
        <ele>945.04</ele>
      </trkpt>
      <trkpt lat="-22.389162" lon="-44.960248">
        <ele>945.37</ele>
      </trkpt>
      <trkpt lat="-22.389165" lon="-44.960228">
        <ele>945.7</ele>
      </trkpt>
      <trkpt lat="-22.38917" lon="-44.960207">
        <ele>946.03</ele>
      </trkpt>
      <trkpt lat="-22.389174" lon="-44.960187">
        <ele>946.36</ele>
      </trkpt>
      <trkpt lat="-22.389181" lon="-44.960165">
        <ele>946.68</ele>
      </trkpt>
      <trkpt lat="-22.389188" lon="-44.960144">
        <ele>947.01</ele>
      </trkpt>
      <trkpt lat="-22.389194" lon="-44.96012">
        <ele>947.34</ele>
      </trkpt>
      <trkpt lat="-22.389201" lon="-44.960097">
        <ele>947.62</ele>
      </trkpt>
      <trkpt lat="-22.389205" lon="-44.960071">
        <ele>947.9</ele>
      </trkpt>
      <trkpt lat="-22.389208" lon="-44.960046">
        <ele>948.18</ele>
      </trkpt>
      <trkpt lat="-22.389208" lon="-44.960019">
        <ele>948.46</ele>
      </trkpt>
      <trkpt lat="-22.389208" lon="-44.959992">
        <ele>948.74</ele>
      </trkpt>
      <trkpt lat="-22.389204" lon="-44.959964">
        <ele>949.02</ele>
      </trkpt>
      <trkpt lat="-22.3892" lon="-44.959937">
        <ele>949.09</ele>
      </trkpt>
      <trkpt lat="-22.389194" lon="-44.95991">
        <ele>949.16</ele>
      </trkpt>
      <trkpt lat="-22.389187" lon="-44.959882">
        <ele>949.23</ele>
      </trkpt>
      <trkpt lat="-22.389175" lon="-44.959858">
        <ele>949.3</ele>
      </trkpt>
      <trkpt lat="-22.389164" lon="-44.959833">
        <ele>949.37</ele>
      </trkpt>
      <trkpt lat="-22.389145" lon="-44.959818">
        <ele>949.43</ele>
      </trkpt>
      <trkpt lat="-22.389127" lon="-44.959803">
        <ele>949.11</ele>
      </trkpt>
      <trkpt lat="-22.389102" lon="-44.959802">
        <ele>948.79</ele>
      </trkpt>
      <trkpt lat="-22.389077" lon="-44.959802">
        <ele>948.47</ele>
      </trkpt>
      <trkpt lat="-22.38905" lon="-44.959811">
        <ele>948.15</ele>
      </trkpt>
      <trkpt lat="-22.389022" lon="-44.95982">
        <ele>947.83</ele>
      </trkpt>
      <trkpt lat="-22.388994" lon="-44.959833">
        <ele>947.51</ele>
      </trkpt>
      <trkpt lat="-22.388966" lon="-44.959846">
        <ele>947.47</ele>
      </trkpt>
      <trkpt lat="-22.388938" lon="-44.959858">
        <ele>947.43</ele>
      </trkpt>
      <trkpt lat="-22.388911" lon="-44.95987">
        <ele>947.39</ele>
      </trkpt>
      <trkpt lat="-22.388886" lon="-44.959876">
        <ele>947.35</ele>
      </trkpt>
      <trkpt lat="-22.388861" lon="-44.959882">
        <ele>947.31</ele>
      </trkpt>
      <trkpt lat="-22.38884" lon="-44.95988">
        <ele>947.55</ele>
      </trkpt>
      <trkpt lat="-22.388818" lon="-44.959878">
        <ele>947.79</ele>
      </trkpt>
      <trkpt lat="-22.3888" lon="-44.959869">
        <ele>948.03</ele>
      </trkpt>
      <trkpt lat="-22.388782" lon="-44.959861">
        <ele>948.27</ele>
      </trkpt>
      <trkpt lat="-22.388766" lon="-44.959851">
        <ele>948.51</ele>
      </trkpt>
      <trkpt lat="-22.38875" lon="-44.959842">
        <ele>948.75</ele>
      </trkpt>
      <trkpt lat="-22.388736" lon="-44.959837">
        <ele>948.99</ele>
      </trkpt>
      <trkpt lat="-22.388723" lon="-44.959831">
        <ele>949.23</ele>
      </trkpt>
      <trkpt lat="-22.38871" lon="-44.95983">
        <ele>949.36</ele>
      </trkpt>
      <trkpt lat="-22.388697" lon="-44.959829">
        <ele>949.5</ele>
      </trkpt>
      <trkpt lat="-22.388684" lon="-44.959829">
        <ele>949.64</ele>
      </trkpt>
      <trkpt lat="-22.388671" lon="-44.959829">
        <ele>949.78</ele>
      </trkpt>
      <trkpt lat="-22.388658" lon="-44.959829">
        <ele>949.91</ele>
      </trkpt>
      <trkpt lat="-22.388644" lon="-44.959829">
        <ele>950.05</ele>
      </trkpt>
      <trkpt lat="-22.388632" lon="-44.959828">
        <ele>950.19</ele>
      </trkpt>
      <trkpt lat="-22.38862" lon="-44.959827">
        <ele>950.32</ele>
      </trkpt>
      <trkpt lat="-22.38862" lon="-44.959827">
        <ele>950.46</ele>
      </trkpt>
      <trkpt lat="-22.38862" lon="-44.959827">
        <ele>950.6</ele>
      </trkpt>
      <trkpt lat="-22.38862" lon="-44.959827">
        <ele>950.74</ele>
      </trkpt>
      <trkpt lat="-22.38862" lon="-44.959827">
        <ele>950.87</ele>
      </trkpt>
      <trkpt lat="-22.38862" lon="-44.959827">
        <ele>951.01</ele>
      </trkpt>
      <trkpt lat="-22.38862" lon="-44.959827">
        <ele>951.15</ele>
      </trkpt>
      <trkpt lat="-22.38862" lon="-44.959827">
        <ele>951.29</ele>
      </trkpt>
      <trkpt lat="-22.388602" lon="-44.959822">
        <ele>951.42</ele>
      </trkpt>
      <trkpt lat="-22.388598" lon="-44.959821">
        <ele>951.56</ele>
      </trkpt>
      <trkpt lat="-22.388595" lon="-44.95982">
        <ele>951.7</ele>
      </trkpt>
      <trkpt lat="-22.388588" lon="-44.959818">
        <ele>951.83</ele>
      </trkpt>
      <trkpt lat="-22.388581" lon="-44.959816">
        <ele>952.33</ele>
      </trkpt>
      <trkpt lat="-22.388568" lon="-44.95981">
        <ele>952.82</ele>
      </trkpt>
      <trkpt lat="-22.388554" lon="-44.959803">
        <ele>953.31</ele>
      </trkpt>
      <trkpt lat="-22.388535" lon="-44.959793">
        <ele>953.8</ele>
      </trkpt>
      <trkpt lat="-22.388515" lon="-44.959782">
        <ele>954.29</ele>
      </trkpt>
      <trkpt lat="-22.388496" lon="-44.95977">
        <ele>954.78</ele>
      </trkpt>
      <trkpt lat="-22.388476" lon="-44.959757">
        <ele>955.27</ele>
      </trkpt>
      <trkpt lat="-22.388461" lon="-44.959743">
        <ele>955.76</ele>
      </trkpt>
      <trkpt lat="-22.388445" lon="-44.959728">
        <ele>956.32</ele>
      </trkpt>
      <trkpt lat="-22.388433" lon="-44.959712">
        <ele>956.89</ele>
      </trkpt>
      <trkpt lat="-22.388421" lon="-44.959697">
        <ele>957.45</ele>
      </trkpt>
      <trkpt lat="-22.38841" lon="-44.959681">
        <ele>958.01</ele>
      </trkpt>
      <trkpt lat="-22.388398" lon="-44.959666">
        <ele>958.58</ele>
      </trkpt>
      <trkpt lat="-22.388386" lon="-44.959652">
        <ele>959.14</ele>
      </trkpt>
      <trkpt lat="-22.388374" lon="-44.959638">
        <ele>959.7</ele>
      </trkpt>
      <trkpt lat="-22.38836" lon="-44.959626">
        <ele>960.27</ele>
      </trkpt>
      <trkpt lat="-22.388346" lon="-44.959614">
        <ele>960.75</ele>
      </trkpt>
      <trkpt lat="-22.388332" lon="-44.959603">
        <ele>961.24</ele>
      </trkpt>
      <trkpt lat="-22.388317" lon="-44.959593">
        <ele>961.72</ele>
      </trkpt>
      <trkpt lat="-22.388303" lon="-44.959585">
        <ele>962.2</ele>
      </trkpt>
      <trkpt lat="-22.388289" lon="-44.959577">
        <ele>962.69</ele>
      </trkpt>
      <trkpt lat="-22.388275" lon="-44.959572">
        <ele>963.17</ele>
      </trkpt>
      <trkpt lat="-22.388262" lon="-44.959566">
        <ele>963.66</ele>
      </trkpt>
      <trkpt lat="-22.388247" lon="-44.959562">
        <ele>964.14</ele>
      </trkpt>
      <trkpt lat="-22.388233" lon="-44.959558">
        <ele>964.62</ele>
      </trkpt>
      <trkpt lat="-22.388219" lon="-44.959553">
        <ele>965.08</ele>
      </trkpt>
      <trkpt lat="-22.388204" lon="-44.959549">
        <ele>965.54</ele>
      </trkpt>
      <trkpt lat="-22.38819" lon="-44.959543">
        <ele>966</ele>
      </trkpt>
      <trkpt lat="-22.388175" lon="-44.959538">
        <ele>966.45</ele>
      </trkpt>
      <trkpt lat="-22.388162" lon="-44.959532">
        <ele>966.91</ele>
      </trkpt>
      <trkpt lat="-22.388149" lon="-44.959527">
        <ele>967.37</ele>
      </trkpt>
      <trkpt lat="-22.38814" lon="-44.959521">
        <ele>967.83</ele>
      </trkpt>
      <trkpt lat="-22.388131" lon="-44.959516">
        <ele>968.29</ele>
      </trkpt>
      <trkpt lat="-22.388126" lon="-44.959508">
        <ele>968.74</ele>
      </trkpt>
      <trkpt lat="-22.388122" lon="-44.959501">
        <ele>969.2</ele>
      </trkpt>
      <trkpt lat="-22.388118" lon="-44.959492">
        <ele>969.66</ele>
      </trkpt>
      <trkpt lat="-22.388114" lon="-44.959483">
        <ele>969.91</ele>
      </trkpt>
      <trkpt lat="-22.388109" lon="-44.959472">
        <ele>970.17</ele>
      </trkpt>
      <trkpt lat="-22.388104" lon="-44.959461">
        <ele>970.42</ele>
      </trkpt>
      <trkpt lat="-22.388099" lon="-44.959451">
        <ele>970.68</ele>
      </trkpt>
      <trkpt lat="-22.388094" lon="-44.95944">
        <ele>970.93</ele>
      </trkpt>
      <trkpt lat="-22.38809" lon="-44.959429">
        <ele>971.18</ele>
      </trkpt>
      <trkpt lat="-22.388086" lon="-44.959418">
        <ele>971.44</ele>
      </trkpt>
      <trkpt lat="-22.388083" lon="-44.959408">
        <ele>971.69</ele>
      </trkpt>
      <trkpt lat="-22.388079" lon="-44.959398">
        <ele>971.95</ele>
      </trkpt>
      <trkpt lat="-22.388077" lon="-44.959387">
        <ele>972.2</ele>
      </trkpt>
      <trkpt lat="-22.388074" lon="-44.959376">
        <ele>972.45</ele>
      </trkpt>
      <trkpt lat="-22.388072" lon="-44.959364">
        <ele>972.71</ele>
      </trkpt>
      <trkpt lat="-22.38807" lon="-44.959352">
        <ele>972.96</ele>
      </trkpt>
      <trkpt lat="-22.388068" lon="-44.959338">
        <ele>973.13</ele>
      </trkpt>
      <trkpt lat="-22.388066" lon="-44.959324">
        <ele>973.31</ele>
      </trkpt>
      <trkpt lat="-22.388064" lon="-44.95931">
        <ele>973.48</ele>
      </trkpt>
      <trkpt lat="-22.388063" lon="-44.959295">
        <ele>973.65</ele>
      </trkpt>
      <trkpt lat="-22.388061" lon="-44.95928">
        <ele>973.82</ele>
      </trkpt>
      <trkpt lat="-22.38806" lon="-44.959265">
        <ele>974</ele>
      </trkpt>
      <trkpt lat="-22.38806" lon="-44.959251">
        <ele>974.17</ele>
      </trkpt>
      <trkpt lat="-22.38806" lon="-44.959236">
        <ele>974.34</ele>
      </trkpt>
      <trkpt lat="-22.388059" lon="-44.959223">
        <ele>974.51</ele>
      </trkpt>
      <trkpt lat="-22.388058" lon="-44.95921">
        <ele>974.69</ele>
      </trkpt>
      <trkpt lat="-22.388058" lon="-44.959196">
        <ele>974.86</ele>
      </trkpt>
      <trkpt lat="-22.388058" lon="-44.959182">
        <ele>975.05</ele>
      </trkpt>
      <trkpt lat="-22.388058" lon="-44.959167">
        <ele>975.25</ele>
      </trkpt>
      <trkpt lat="-22.388058" lon="-44.959152">
        <ele>975.45</ele>
      </trkpt>
      <trkpt lat="-22.388057" lon="-44.959137">
        <ele>975.64</ele>
      </trkpt>
      <trkpt lat="-22.388057" lon="-44.959122">
        <ele>975.84</ele>
      </trkpt>
      <trkpt lat="-22.388056" lon="-44.959105">
        <ele>976.03</ele>
      </trkpt>
      <trkpt lat="-22.388055" lon="-44.959089">
        <ele>976.23</ele>
      </trkpt>
      <trkpt lat="-22.388052" lon="-44.959069">
        <ele>976.43</ele>
      </trkpt>
      <trkpt lat="-22.388049" lon="-44.95905">
        <ele>976.62</ele>
      </trkpt>
      <trkpt lat="-22.388045" lon="-44.959029">
        <ele>977</ele>
      </trkpt>
      <trkpt lat="-22.388042" lon="-44.959009">
        <ele>977.37</ele>
      </trkpt>
      <trkpt lat="-22.388039" lon="-44.958989">
        <ele>977.74</ele>
      </trkpt>
      <trkpt lat="-22.388037" lon="-44.958968">
        <ele>978.12</ele>
      </trkpt>
      <trkpt lat="-22.388034" lon="-44.958948">
        <ele>978.49</ele>
      </trkpt>
      <trkpt lat="-22.388032" lon="-44.958927">
        <ele>978.87</ele>
      </trkpt>
      <trkpt lat="-22.388027" lon="-44.958906">
        <ele>979.24</ele>
      </trkpt>
      <trkpt lat="-22.388022" lon="-44.958885">
        <ele>979.67</ele>
      </trkpt>
      <trkpt lat="-22.388014" lon="-44.958863">
        <ele>980.09</ele>
      </trkpt>
      <trkpt lat="-22.388007" lon="-44.95884">
        <ele>980.52</ele>
      </trkpt>
      <trkpt lat="-22.387999" lon="-44.958818">
        <ele>980.95</ele>
      </trkpt>
      <trkpt lat="-22.387991" lon="-44.958796">
        <ele>981.38</ele>
      </trkpt>
      <trkpt lat="-22.387984" lon="-44.958773">
        <ele>981.8</ele>
      </trkpt>
      <trkpt lat="-22.387976" lon="-44.95875">
        <ele>982.23</ele>
      </trkpt>
      <trkpt lat="-22.387971" lon="-44.958725">
        <ele>982.18</ele>
      </trkpt>
      <trkpt lat="-22.387965" lon="-44.958701">
        <ele>982.12</ele>
      </trkpt>
      <trkpt lat="-22.387961" lon="-44.958678">
        <ele>982.07</ele>
      </trkpt>
      <trkpt lat="-22.387957" lon="-44.958654">
        <ele>982.01</ele>
      </trkpt>
      <trkpt lat="-22.387953" lon="-44.958633">
        <ele>981.96</ele>
      </trkpt>
      <trkpt lat="-22.387949" lon="-44.958611">
        <ele>981.9</ele>
      </trkpt>
      <trkpt lat="-22.387945" lon="-44.958591">
        <ele>981.85</ele>
      </trkpt>
      <trkpt lat="-22.38794" lon="-44.958571">
        <ele>981.73</ele>
      </trkpt>
      <trkpt lat="-22.387935" lon="-44.958551">
        <ele>981.62</ele>
      </trkpt>
      <trkpt lat="-22.38793" lon="-44.958531">
        <ele>981.5</ele>
      </trkpt>
      <trkpt lat="-22.387924" lon="-44.958509">
        <ele>981.39</ele>
      </trkpt>
      <trkpt lat="-22.387918" lon="-44.958488">
        <ele>981.27</ele>
      </trkpt>
      <trkpt lat="-22.387911" lon="-44.958464">
        <ele>981.16</ele>
      </trkpt>
      <trkpt lat="-22.387904" lon="-44.95844">
        <ele>981.04</ele>
      </trkpt>
      <trkpt lat="-22.387896" lon="-44.958416">
        <ele>981.06</ele>
      </trkpt>
      <trkpt lat="-22.387887" lon="-44.958392">
        <ele>981.08</ele>
      </trkpt>
      <trkpt lat="-22.387873" lon="-44.95837">
        <ele>981.09</ele>
      </trkpt>
      <trkpt lat="-22.38786" lon="-44.958349">
        <ele>981.11</ele>
      </trkpt>
      <trkpt lat="-22.387839" lon="-44.958333">
        <ele>981.13</ele>
      </trkpt>
      <trkpt lat="-22.387819" lon="-44.958317">
        <ele>981.15</ele>
      </trkpt>
      <trkpt lat="-22.387795" lon="-44.958308">
        <ele>981.85</ele>
      </trkpt>
      <trkpt lat="-22.38777" lon="-44.958299">
        <ele>982.56</ele>
      </trkpt>
      <trkpt lat="-22.387745" lon="-44.958295">
        <ele>983.26</ele>
      </trkpt>
      <trkpt lat="-22.38772" lon="-44.958291">
        <ele>983.97</ele>
      </trkpt>
      <trkpt lat="-22.387695" lon="-44.958292">
        <ele>984.68</ele>
      </trkpt>
      <trkpt lat="-22.387671" lon="-44.958292">
        <ele>985.38</ele>
      </trkpt>
      <trkpt lat="-22.387646" lon="-44.958295">
        <ele>986.24</ele>
      </trkpt>
      <trkpt lat="-22.387621" lon="-44.958298">
        <ele>987.09</ele>
      </trkpt>
      <trkpt lat="-22.387595" lon="-44.958304">
        <ele>987.95</ele>
      </trkpt>
      <trkpt lat="-22.387569" lon="-44.958309">
        <ele>988.81</ele>
      </trkpt>
      <trkpt lat="-22.387541" lon="-44.958314">
        <ele>989.66</ele>
      </trkpt>
      <trkpt lat="-22.387513" lon="-44.958318">
        <ele>990.52</ele>
      </trkpt>
      <trkpt lat="-22.387484" lon="-44.95832">
        <ele>991.13</ele>
      </trkpt>
      <trkpt lat="-22.387455" lon="-44.958322">
        <ele>991.73</ele>
      </trkpt>
      <trkpt lat="-22.387426" lon="-44.95832">
        <ele>992.34</ele>
      </trkpt>
      <trkpt lat="-22.387398" lon="-44.958319">
        <ele>992.95</ele>
      </trkpt>
      <trkpt lat="-22.387368" lon="-44.958315">
        <ele>993.55</ele>
      </trkpt>
      <trkpt lat="-22.387338" lon="-44.958312">
        <ele>993.8</ele>
      </trkpt>
      <trkpt lat="-22.387306" lon="-44.958305">
        <ele>994.04</ele>
      </trkpt>
      <trkpt lat="-22.387273" lon="-44.958299">
        <ele>994.29</ele>
      </trkpt>
      <trkpt lat="-22.387241" lon="-44.958293">
        <ele>994.54</ele>
      </trkpt>
      <trkpt lat="-22.387208" lon="-44.958286">
        <ele>994.78</ele>
      </trkpt>
      <trkpt lat="-22.387179" lon="-44.958281">
        <ele>994.57</ele>
      </trkpt>
      <trkpt lat="-22.387149" lon="-44.958275">
        <ele>994.35</ele>
      </trkpt>
      <trkpt lat="-22.387127" lon="-44.958264">
        <ele>994.14</ele>
      </trkpt>
      <trkpt lat="-22.387105" lon="-44.958253">
        <ele>993.92</ele>
      </trkpt>
      <trkpt lat="-22.387091" lon="-44.958236">
        <ele>993.71</ele>
      </trkpt>
      <trkpt lat="-22.387076" lon="-44.958219">
        <ele>993.5</ele>
      </trkpt>
      <trkpt lat="-22.387065" lon="-44.958202">
        <ele>993.36</ele>
      </trkpt>
      <trkpt lat="-22.387054" lon="-44.958186">
        <ele>993.22</ele>
      </trkpt>
      <trkpt lat="-22.387041" lon="-44.958173">
        <ele>993.08</ele>
      </trkpt>
      <trkpt lat="-22.387028" lon="-44.958161">
        <ele>992.94</ele>
      </trkpt>
      <trkpt lat="-22.387011" lon="-44.958155">
        <ele>992.8</ele>
      </trkpt>
      <trkpt lat="-22.386994" lon="-44.958148">
        <ele>992.66</ele>
      </trkpt>
      <trkpt lat="-22.386977" lon="-44.958145">
        <ele>992.53</ele>
      </trkpt>
      <trkpt lat="-22.38696" lon="-44.958142">
        <ele>992.39</ele>
      </trkpt>
      <trkpt lat="-22.386943" lon="-44.958141">
        <ele>992.74</ele>
      </trkpt>
      <trkpt lat="-22.386927" lon="-44.958141">
        <ele>993.1</ele>
      </trkpt>
      <trkpt lat="-22.38691" lon="-44.958142">
        <ele>993.46</ele>
      </trkpt>
      <trkpt lat="-22.386893" lon="-44.958143">
        <ele>993.82</ele>
      </trkpt>
      <trkpt lat="-22.386875" lon="-44.958144">
        <ele>994.17</ele>
      </trkpt>
      <trkpt lat="-22.386858" lon="-44.958145">
        <ele>994.53</ele>
      </trkpt>
      <trkpt lat="-22.386839" lon="-44.958145">
        <ele>994.89</ele>
      </trkpt>
      <trkpt lat="-22.386821" lon="-44.958145">
        <ele>995.24</ele>
      </trkpt>
      <trkpt lat="-22.386802" lon="-44.958143">
        <ele>995.46</ele>
      </trkpt>
      <trkpt lat="-22.386783" lon="-44.95814">
        <ele>995.67</ele>
      </trkpt>
      <trkpt lat="-22.386761" lon="-44.958134">
        <ele>995.88</ele>
      </trkpt>
      <trkpt lat="-22.38674" lon="-44.958127">
        <ele>996.1</ele>
      </trkpt>
      <trkpt lat="-22.386721" lon="-44.958113">
        <ele>996.31</ele>
      </trkpt>
      <trkpt lat="-22.386702" lon="-44.958099">
        <ele>996.52</ele>
      </trkpt>
      <trkpt lat="-22.386694" lon="-44.958076">
        <ele>996.74</ele>
      </trkpt>
      <trkpt lat="-22.386687" lon="-44.958053">
        <ele>996.06</ele>
      </trkpt>
      <trkpt lat="-22.386692" lon="-44.958028">
        <ele>995.39</ele>
      </trkpt>
      <trkpt lat="-22.386697" lon="-44.958003">
        <ele>994.72</ele>
      </trkpt>
      <trkpt lat="-22.38671" lon="-44.957978">
        <ele>994.05</ele>
      </trkpt>
      <trkpt lat="-22.386723" lon="-44.957953">
        <ele>993.38</ele>
      </trkpt>
      <trkpt lat="-22.386737" lon="-44.957928">
        <ele>992.71</ele>
      </trkpt>
      <trkpt lat="-22.38675" lon="-44.957902">
        <ele>992.56</ele>
      </trkpt>
      <trkpt lat="-22.38676" lon="-44.957877">
        <ele>992.42</ele>
      </trkpt>
      <trkpt lat="-22.38677" lon="-44.957852">
        <ele>992.28</ele>
      </trkpt>
      <trkpt lat="-22.386778" lon="-44.957827">
        <ele>992.13</ele>
      </trkpt>
      <trkpt lat="-22.386786" lon="-44.957801">
        <ele>991.99</ele>
      </trkpt>
      <trkpt lat="-22.386797" lon="-44.957778">
        <ele>991.85</ele>
      </trkpt>
      <trkpt lat="-22.386807" lon="-44.957754">
        <ele>991.72</ele>
      </trkpt>
      <trkpt lat="-22.386819" lon="-44.957732">
        <ele>991.59</ele>
      </trkpt>
      <trkpt lat="-22.386831" lon="-44.957709">
        <ele>991.46</ele>
      </trkpt>
      <trkpt lat="-22.386842" lon="-44.957685">
        <ele>991.34</ele>
      </trkpt>
      <trkpt lat="-22.386854" lon="-44.957661">
        <ele>991.21</ele>
      </trkpt>
      <trkpt lat="-22.386866" lon="-44.957638">
        <ele>991.08</ele>
      </trkpt>
      <trkpt lat="-22.386878" lon="-44.957615">
        <ele>991.09</ele>
      </trkpt>
      <trkpt lat="-22.38689" lon="-44.957593">
        <ele>991.1</ele>
      </trkpt>
      <trkpt lat="-22.386903" lon="-44.957571">
        <ele>991.11</ele>
      </trkpt>
      <trkpt lat="-22.386915" lon="-44.957551">
        <ele>991.12</ele>
      </trkpt>
      <trkpt lat="-22.386927" lon="-44.957531">
        <ele>991.14</ele>
      </trkpt>
      <trkpt lat="-22.386939" lon="-44.957514">
        <ele>991.15</ele>
      </trkpt>
      <trkpt lat="-22.386951" lon="-44.957497">
        <ele>991.13</ele>
      </trkpt>
      <trkpt lat="-22.386961" lon="-44.957481">
        <ele>991.11</ele>
      </trkpt>
      <trkpt lat="-22.386971" lon="-44.957466">
        <ele>991.1</ele>
      </trkpt>
      <trkpt lat="-22.38698" lon="-44.957453">
        <ele>991.08</ele>
      </trkpt>
      <trkpt lat="-22.38699" lon="-44.957439">
        <ele>991.07</ele>
      </trkpt>
      <trkpt lat="-22.387003" lon="-44.957429">
        <ele>991.05</ele>
      </trkpt>
      <trkpt lat="-22.387017" lon="-44.957418">
        <ele>991.03</ele>
      </trkpt>
      <trkpt lat="-22.387035" lon="-44.957412">
        <ele>991.02</ele>
      </trkpt>
      <trkpt lat="-22.387053" lon="-44.957405">
        <ele>990.7</ele>
      </trkpt>
      <trkpt lat="-22.387073" lon="-44.957402">
        <ele>990.38</ele>
      </trkpt>
      <trkpt lat="-22.387093" lon="-44.957399">
        <ele>990.07</ele>
      </trkpt>
      <trkpt lat="-22.387113" lon="-44.957397">
        <ele>989.75</ele>
      </trkpt>
      <trkpt lat="-22.387134" lon="-44.957396">
        <ele>989.44</ele>
      </trkpt>
      <trkpt lat="-22.387155" lon="-44.957395">
        <ele>989.12</ele>
      </trkpt>
      <trkpt lat="-22.387176" lon="-44.957394">
        <ele>988.8</ele>
      </trkpt>
      <trkpt lat="-22.387195" lon="-44.957391">
        <ele>988.82</ele>
      </trkpt>
      <trkpt lat="-22.387215" lon="-44.957387">
        <ele>988.83</ele>
      </trkpt>
      <trkpt lat="-22.38723" lon="-44.957379">
        <ele>988.85</ele>
      </trkpt>
      <trkpt lat="-22.387246" lon="-44.95737">
        <ele>988.87</ele>
      </trkpt>
      <trkpt lat="-22.387253" lon="-44.95736">
        <ele>988.88</ele>
      </trkpt>
      <trkpt lat="-22.387261" lon="-44.957349">
        <ele>988.9</ele>
      </trkpt>
      <trkpt lat="-22.387261" lon="-44.957338">
        <ele>988.91</ele>
      </trkpt>
      <trkpt lat="-22.387261" lon="-44.957328">
        <ele>988.93</ele>
      </trkpt>
      <trkpt lat="-22.387258" lon="-44.957318">
        <ele>988.94</ele>
      </trkpt>
      <trkpt lat="-22.387255" lon="-44.957308">
        <ele>988.96</ele>
      </trkpt>
      <trkpt lat="-22.38725" lon="-44.957298">
        <ele>989.32</ele>
      </trkpt>
      <trkpt lat="-22.387246" lon="-44.957289">
        <ele>989.68</ele>
      </trkpt>
      <trkpt lat="-22.38724" lon="-44.957279">
        <ele>990.04</ele>
      </trkpt>
      <trkpt lat="-22.387234" lon="-44.95727">
        <ele>990.4</ele>
      </trkpt>
      <trkpt lat="-22.387227" lon="-44.957261">
        <ele>990.76</ele>
      </trkpt>
      <trkpt lat="-22.387219" lon="-44.957252">
        <ele>991.12</ele>
      </trkpt>
      <trkpt lat="-22.387212" lon="-44.957241">
        <ele>991.48</ele>
      </trkpt>
      <trkpt lat="-22.387205" lon="-44.957231">
        <ele>991.85</ele>
      </trkpt>
      <trkpt lat="-22.387198" lon="-44.95722">
        <ele>992.21</ele>
      </trkpt>
      <trkpt lat="-22.387191" lon="-44.957209">
        <ele>992.57</ele>
      </trkpt>
      <trkpt lat="-22.387185" lon="-44.957199">
        <ele>992.93</ele>
      </trkpt>
      <trkpt lat="-22.387179" lon="-44.957189">
        <ele>993.29</ele>
      </trkpt>
      <trkpt lat="-22.387174" lon="-44.957179">
        <ele>993.65</ele>
      </trkpt>
      <trkpt lat="-22.38717" lon="-44.957169">
        <ele>993.96</ele>
      </trkpt>
      <trkpt lat="-22.387166" lon="-44.957159">
        <ele>994.27</ele>
      </trkpt>
      <trkpt lat="-22.387163" lon="-44.957149">
        <ele>994.58</ele>
      </trkpt>
      <trkpt lat="-22.387159" lon="-44.95714">
        <ele>994.89</ele>
      </trkpt>
      <trkpt lat="-22.387155" lon="-44.95713">
        <ele>995.2</ele>
      </trkpt>
      <trkpt lat="-22.38715" lon="-44.957121">
        <ele>995.51</ele>
      </trkpt>
      <trkpt lat="-22.387145" lon="-44.957111">
        <ele>995.82</ele>
      </trkpt>
      <trkpt lat="-22.38714" lon="-44.957102">
        <ele>996.14</ele>
      </trkpt>
      <trkpt lat="-22.387134" lon="-44.957093">
        <ele>996.45</ele>
      </trkpt>
      <trkpt lat="-22.387127" lon="-44.957087">
        <ele>996.76</ele>
      </trkpt>
      <trkpt lat="-22.387119" lon="-44.957081">
        <ele>997.07</ele>
      </trkpt>
      <trkpt lat="-22.38711" lon="-44.957077">
        <ele>997.38</ele>
      </trkpt>
      <trkpt lat="-22.387101" lon="-44.957074">
        <ele>997.69</ele>
      </trkpt>
      <trkpt lat="-22.387089" lon="-44.957072">
        <ele>998</ele>
      </trkpt>
      <trkpt lat="-22.387078" lon="-44.95707">
        <ele>998.31</ele>
      </trkpt>
      <trkpt lat="-22.387066" lon="-44.957067">
        <ele>998.62</ele>
      </trkpt>
      <trkpt lat="-22.387054" lon="-44.957064">
        <ele>998.93</ele>
      </trkpt>
      <trkpt lat="-22.387043" lon="-44.95706">
        <ele>999.24</ele>
      </trkpt>
      <trkpt lat="-22.387032" lon="-44.957056">
        <ele>999.55</ele>
      </trkpt>
      <trkpt lat="-22.387022" lon="-44.957051">
        <ele>999.86</ele>
      </trkpt>
      <trkpt lat="-22.387011" lon="-44.957046">
        <ele>1000.17</ele>
      </trkpt>
      <trkpt lat="-22.387002" lon="-44.957041">
        <ele>1000.48</ele>
      </trkpt>
      <trkpt lat="-22.386992" lon="-44.957036">
        <ele>1000.79</ele>
      </trkpt>
      <trkpt lat="-22.386983" lon="-44.957032">
        <ele>1001.1</ele>
      </trkpt>
      <trkpt lat="-22.386974" lon="-44.957027">
        <ele>1001.41</ele>
      </trkpt>
      <trkpt lat="-22.386965" lon="-44.957022">
        <ele>1001.72</ele>
      </trkpt>
      <trkpt lat="-22.386956" lon="-44.957018">
        <ele>1002.03</ele>
      </trkpt>
      <trkpt lat="-22.386948" lon="-44.957013">
        <ele>1002.26</ele>
      </trkpt>
      <trkpt lat="-22.38694" lon="-44.957008">
        <ele>1002.5</ele>
      </trkpt>
      <trkpt lat="-22.386932" lon="-44.957002">
        <ele>1002.74</ele>
      </trkpt>
      <trkpt lat="-22.386924" lon="-44.956996">
        <ele>1002.98</ele>
      </trkpt>
      <trkpt lat="-22.386919" lon="-44.956991">
        <ele>1003.22</ele>
      </trkpt>
      <trkpt lat="-22.386915" lon="-44.956987">
        <ele>1003.45</ele>
      </trkpt>
      <trkpt lat="-22.38691" lon="-44.956983">
        <ele>1003.69</ele>
      </trkpt>
      <trkpt lat="-22.386905" lon="-44.956981">
        <ele>1003.93</ele>
      </trkpt>
      <trkpt lat="-22.386899" lon="-44.956979">
        <ele>1004.17</ele>
      </trkpt>
      <trkpt lat="-22.386892" lon="-44.956979">
        <ele>1004.4</ele>
      </trkpt>
      <trkpt lat="-22.386885" lon="-44.95698">
        <ele>1004.64</ele>
      </trkpt>
      <trkpt lat="-22.386877" lon="-44.956979">
        <ele>1004.88</ele>
      </trkpt>
      <trkpt lat="-22.386869" lon="-44.956978">
        <ele>1005.12</ele>
      </trkpt>
      <trkpt lat="-22.386861" lon="-44.956976">
        <ele>1005.36</ele>
      </trkpt>
      <trkpt lat="-22.386853" lon="-44.956975">
        <ele>1005.59</ele>
      </trkpt>
      <trkpt lat="-22.386844" lon="-44.956973">
        <ele>1005.83</ele>
      </trkpt>
      <trkpt lat="-22.386836" lon="-44.956972">
        <ele>1006.07</ele>
      </trkpt>
      <trkpt lat="-22.386827" lon="-44.956969">
        <ele>1006.31</ele>
      </trkpt>
      <trkpt lat="-22.386819" lon="-44.956967">
        <ele>1006.58</ele>
      </trkpt>
      <trkpt lat="-22.38681" lon="-44.956964">
        <ele>1006.85</ele>
      </trkpt>
      <trkpt lat="-22.386801" lon="-44.956961">
        <ele>1007.12</ele>
      </trkpt>
      <trkpt lat="-22.386793" lon="-44.956958">
        <ele>1007.39</ele>
      </trkpt>
      <trkpt lat="-22.386786" lon="-44.956955">
        <ele>1007.67</ele>
      </trkpt>
      <trkpt lat="-22.386779" lon="-44.956953">
        <ele>1007.94</ele>
      </trkpt>
      <trkpt lat="-22.386772" lon="-44.956951">
        <ele>1008.21</ele>
      </trkpt>
      <trkpt lat="-22.386764" lon="-44.956948">
        <ele>1008.48</ele>
      </trkpt>
      <trkpt lat="-22.386756" lon="-44.956945">
        <ele>1008.75</ele>
      </trkpt>
      <trkpt lat="-22.386748" lon="-44.956943">
        <ele>1009.02</ele>
      </trkpt>
      <trkpt lat="-22.38674" lon="-44.956941">
        <ele>1009.3</ele>
      </trkpt>
      <trkpt lat="-22.386731" lon="-44.956938">
        <ele>1009.57</ele>
      </trkpt>
      <trkpt lat="-22.386722" lon="-44.956936">
        <ele>1009.84</ele>
      </trkpt>
      <trkpt lat="-22.386714" lon="-44.956933">
        <ele>1010.11</ele>
      </trkpt>
      <trkpt lat="-22.386706" lon="-44.95693">
        <ele>1010.38</ele>
      </trkpt>
      <trkpt lat="-22.386699" lon="-44.956926">
        <ele>1010.65</ele>
      </trkpt>
      <trkpt lat="-22.386692" lon="-44.956922">
        <ele>1010.93</ele>
      </trkpt>
      <trkpt lat="-22.386686" lon="-44.956916">
        <ele>1011.2</ele>
      </trkpt>
      <trkpt lat="-22.38668" lon="-44.95691">
        <ele>1011.47</ele>
      </trkpt>
      <trkpt lat="-22.386675" lon="-44.956904">
        <ele>1011.74</ele>
      </trkpt>
      <trkpt lat="-22.38667" lon="-44.956898">
        <ele>1012.01</ele>
      </trkpt>
      <trkpt lat="-22.386665" lon="-44.956891">
        <ele>1012.28</ele>
      </trkpt>
      <trkpt lat="-22.38666" lon="-44.956885">
        <ele>1012.55</ele>
      </trkpt>
      <trkpt lat="-22.386654" lon="-44.956877">
        <ele>1012.82</ele>
      </trkpt>
      <trkpt lat="-22.386648" lon="-44.95687">
        <ele>1013.09</ele>
      </trkpt>
      <trkpt lat="-22.386643" lon="-44.956859">
        <ele>1013.37</ele>
      </trkpt>
      <trkpt lat="-22.386638" lon="-44.956849">
        <ele>1013.64</ele>
      </trkpt>
      <trkpt lat="-22.386634" lon="-44.956837">
        <ele>1013.91</ele>
      </trkpt>
      <trkpt lat="-22.38663" lon="-44.956825">
        <ele>1014.18</ele>
      </trkpt>
      <trkpt lat="-22.386626" lon="-44.956813">
        <ele>1014.45</ele>
      </trkpt>
      <trkpt lat="-22.386622" lon="-44.956801">
        <ele>1014.72</ele>
      </trkpt>
      <trkpt lat="-22.386618" lon="-44.956787">
        <ele>1014.99</ele>
      </trkpt>
      <trkpt lat="-22.386614" lon="-44.956774">
        <ele>1015.24</ele>
      </trkpt>
      <trkpt lat="-22.386608" lon="-44.956757">
        <ele>1015.49</ele>
      </trkpt>
      <trkpt lat="-22.386602" lon="-44.956739">
        <ele>1015.74</ele>
      </trkpt>
      <trkpt lat="-22.386594" lon="-44.956719">
        <ele>1015.98</ele>
      </trkpt>
      <trkpt lat="-22.386586" lon="-44.956698">
        <ele>1016.23</ele>
      </trkpt>
      <trkpt lat="-22.386578" lon="-44.956676">
        <ele>1016.48</ele>
      </trkpt>
      <trkpt lat="-22.386568" lon="-44.956653">
        <ele>1016.73</ele>
      </trkpt>
      <trkpt lat="-22.386558" lon="-44.95663">
        <ele>1016.97</ele>
      </trkpt>
      <trkpt lat="-22.386549" lon="-44.956607">
        <ele>1017.31</ele>
      </trkpt>
      <trkpt lat="-22.386538" lon="-44.956583">
        <ele>1017.65</ele>
      </trkpt>
      <trkpt lat="-22.386527" lon="-44.956559">
        <ele>1018</ele>
      </trkpt>
      <trkpt lat="-22.386515" lon="-44.956536">
        <ele>1018.34</ele>
      </trkpt>
      <trkpt lat="-22.386503" lon="-44.956513">
        <ele>1018.68</ele>
      </trkpt>
      <trkpt lat="-22.38649" lon="-44.956492">
        <ele>1019.02</ele>
      </trkpt>
      <trkpt lat="-22.386477" lon="-44.956471">
        <ele>1019.37</ele>
      </trkpt>
      <trkpt lat="-22.386464" lon="-44.956451">
        <ele>1019.71</ele>
      </trkpt>
      <trkpt lat="-22.38645" lon="-44.956432">
        <ele>1020.06</ele>
      </trkpt>
      <trkpt lat="-22.386437" lon="-44.956413">
        <ele>1020.41</ele>
      </trkpt>
      <trkpt lat="-22.386423" lon="-44.956393">
        <ele>1020.76</ele>
      </trkpt>
      <trkpt lat="-22.38641" lon="-44.956374">
        <ele>1021.11</ele>
      </trkpt>
      <trkpt lat="-22.386396" lon="-44.956355">
        <ele>1021.56</ele>
      </trkpt>
      <trkpt lat="-22.386381" lon="-44.956336">
        <ele>1022</ele>
      </trkpt>
      <trkpt lat="-22.386367" lon="-44.956317">
        <ele>1022.44</ele>
      </trkpt>
      <trkpt lat="-22.38635" lon="-44.956302">
        <ele>1022.88</ele>
      </trkpt>
      <trkpt lat="-22.386334" lon="-44.956287">
        <ele>1023.32</ele>
      </trkpt>
      <trkpt lat="-22.386319" lon="-44.956278">
        <ele>1023.77</ele>
      </trkpt>
      <trkpt lat="-22.386305" lon="-44.956269">
        <ele>1024.21</ele>
      </trkpt>
      <trkpt lat="-22.38629" lon="-44.956266">
        <ele>1024.77</ele>
      </trkpt>
      <trkpt lat="-22.386276" lon="-44.956263">
        <ele>1025.33</ele>
      </trkpt>
      <trkpt lat="-22.386261" lon="-44.956263">
        <ele>1025.89</ele>
      </trkpt>
      <trkpt lat="-22.386246" lon="-44.956263">
        <ele>1026.46</ele>
      </trkpt>
      <trkpt lat="-22.38623" lon="-44.956266">
        <ele>1027.02</ele>
      </trkpt>
      <trkpt lat="-22.386214" lon="-44.956268">
        <ele>1027.58</ele>
      </trkpt>
      <trkpt lat="-22.386199" lon="-44.956274">
        <ele>1028.14</ele>
      </trkpt>
      <trkpt lat="-22.386183" lon="-44.95628">
        <ele>1028.7</ele>
      </trkpt>
      <trkpt lat="-22.386169" lon="-44.956288">
        <ele>1029.27</ele>
      </trkpt>
      <trkpt lat="-22.386155" lon="-44.956297">
        <ele>1029.64</ele>
      </trkpt>
      <trkpt lat="-22.386143" lon="-44.956301">
        <ele>1030.02</ele>
      </trkpt>
      <trkpt lat="-22.386131" lon="-44.956306">
        <ele>1030.4</ele>
      </trkpt>
      <trkpt lat="-22.386121" lon="-44.956305">
        <ele>1030.77</ele>
      </trkpt>
      <trkpt lat="-22.386111" lon="-44.956303">
        <ele>1031.15</ele>
      </trkpt>
      <trkpt lat="-22.386103" lon="-44.956299">
        <ele>1031.53</ele>
      </trkpt>
      <trkpt lat="-22.386094" lon="-44.956295">
        <ele>1031.9</ele>
      </trkpt>
      <trkpt lat="-22.386086" lon="-44.95629">
        <ele>1032.28</ele>
      </trkpt>
      <trkpt lat="-22.386077" lon="-44.956285">
        <ele>1032.66</ele>
      </trkpt>
      <trkpt lat="-22.386067" lon="-44.95628">
        <ele>1033.03</ele>
      </trkpt>
      <trkpt lat="-22.386057" lon="-44.956275">
        <ele>1033.41</ele>
      </trkpt>
      <trkpt lat="-22.386047" lon="-44.95627">
        <ele>1033.79</ele>
      </trkpt>
      <trkpt lat="-22.386036" lon="-44.956265">
        <ele>1034.16</ele>
      </trkpt>
      <trkpt lat="-22.386026" lon="-44.956262">
        <ele>1034.57</ele>
      </trkpt>
      <trkpt lat="-22.386017" lon="-44.956259">
        <ele>1034.97</ele>
      </trkpt>
      <trkpt lat="-22.386007" lon="-44.956259">
        <ele>1035.37</ele>
      </trkpt>
      <trkpt lat="-22.385997" lon="-44.956259">
        <ele>1035.77</ele>
      </trkpt>
      <trkpt lat="-22.385987" lon="-44.95626">
        <ele>1036.18</ele>
      </trkpt>
      <trkpt lat="-22.385977" lon="-44.95626">
        <ele>1036.58</ele>
      </trkpt>
      <trkpt lat="-22.385966" lon="-44.956259">
        <ele>1036.98</ele>
      </trkpt>
      <trkpt lat="-22.385955" lon="-44.956257">
        <ele>1037.38</ele>
      </trkpt>
      <trkpt lat="-22.385943" lon="-44.956255">
        <ele>1037.79</ele>
      </trkpt>
      <trkpt lat="-22.385931" lon="-44.956252">
        <ele>1038.19</ele>
      </trkpt>
      <trkpt lat="-22.385918" lon="-44.956249">
        <ele>1038.59</ele>
      </trkpt>
      <trkpt lat="-22.385906" lon="-44.956246">
        <ele>1038.99</ele>
      </trkpt>
      <trkpt lat="-22.385893" lon="-44.956242">
        <ele>1039.4</ele>
      </trkpt>
      <trkpt lat="-22.38588" lon="-44.956238">
        <ele>1039.92</ele>
      </trkpt>
      <trkpt lat="-22.385867" lon="-44.956233">
        <ele>1040.45</ele>
      </trkpt>
      <trkpt lat="-22.385855" lon="-44.956229">
        <ele>1040.98</ele>
      </trkpt>
      <trkpt lat="-22.385839" lon="-44.956221">
        <ele>1041.5</ele>
      </trkpt>
      <trkpt lat="-22.385823" lon="-44.956214">
        <ele>1042.03</ele>
      </trkpt>
      <trkpt lat="-22.385805" lon="-44.956202">
        <ele>1042.56</ele>
      </trkpt>
      <trkpt lat="-22.385788" lon="-44.956191">
        <ele>1043.08</ele>
      </trkpt>
      <trkpt lat="-22.38577" lon="-44.956176">
        <ele>1043.61</ele>
      </trkpt>
      <trkpt lat="-22.385753" lon="-44.956161">
        <ele>1043.99</ele>
      </trkpt>
      <trkpt lat="-22.385736" lon="-44.956145">
        <ele>1044.38</ele>
      </trkpt>
      <trkpt lat="-22.38572" lon="-44.956128">
        <ele>1044.77</ele>
      </trkpt>
      <trkpt lat="-22.385706" lon="-44.95611">
        <ele>1045.15</ele>
      </trkpt>
      <trkpt lat="-22.385692" lon="-44.956092">
        <ele>1045.54</ele>
      </trkpt>
      <trkpt lat="-22.385683" lon="-44.956068">
        <ele>1045.92</ele>
      </trkpt>
      <trkpt lat="-22.385674" lon="-44.956045">
        <ele>1046.31</ele>
      </trkpt>
      <trkpt lat="-22.385668" lon="-44.95602">
        <ele>1046.43</ele>
      </trkpt>
      <trkpt lat="-22.385663" lon="-44.955995">
        <ele>1046.55</ele>
      </trkpt>
      <trkpt lat="-22.385659" lon="-44.955973">
        <ele>1046.67</ele>
      </trkpt>
      <trkpt lat="-22.385656" lon="-44.95595">
        <ele>1046.79</ele>
      </trkpt>
      <trkpt lat="-22.385653" lon="-44.955931">
        <ele>1046.91</ele>
      </trkpt>
      <trkpt lat="-22.385651" lon="-44.955912">
        <ele>1047.03</ele>
      </trkpt>
      <trkpt lat="-22.385652" lon="-44.955895">
        <ele>1047.15</ele>
      </trkpt>
      <trkpt lat="-22.385653" lon="-44.955879">
        <ele>1047.18</ele>
      </trkpt>
      <trkpt lat="-22.385657" lon="-44.955864">
        <ele>1047.22</ele>
      </trkpt>
      <trkpt lat="-22.385661" lon="-44.955849">
        <ele>1047.26</ele>
      </trkpt>
      <trkpt lat="-22.385665" lon="-44.955835">
        <ele>1047.3</ele>
      </trkpt>
      <trkpt lat="-22.385669" lon="-44.955821">
        <ele>1047.33</ele>
      </trkpt>
      <trkpt lat="-22.385673" lon="-44.955809">
        <ele>1047.37</ele>
      </trkpt>
      <trkpt lat="-22.385677" lon="-44.955797">
        <ele>1047.41</ele>
      </trkpt>
      <trkpt lat="-22.38568" lon="-44.955786">
        <ele>1047.45</ele>
      </trkpt>
      <trkpt lat="-22.385683" lon="-44.955775">
        <ele>1047.48</ele>
      </trkpt>
      <trkpt lat="-22.385684" lon="-44.955766">
        <ele>1047.52</ele>
      </trkpt>
      <trkpt lat="-22.385686" lon="-44.955756">
        <ele>1047.56</ele>
      </trkpt>
      <trkpt lat="-22.385687" lon="-44.955747">
        <ele>1047.6</ele>
      </trkpt>
      <trkpt lat="-22.385689" lon="-44.955738">
        <ele>1047.55</ele>
      </trkpt>
      <trkpt lat="-22.385692" lon="-44.955729">
        <ele>1047.5</ele>
      </trkpt>
      <trkpt lat="-22.385695" lon="-44.95572">
        <ele>1047.45</ele>
      </trkpt>
      <trkpt lat="-22.3857" lon="-44.955712">
        <ele>1047.4</ele>
      </trkpt>
      <trkpt lat="-22.385705" lon="-44.955704">
        <ele>1047.36</ele>
      </trkpt>
      <trkpt lat="-22.38571" lon="-44.955696">
        <ele>1047.31</ele>
      </trkpt>
      <trkpt lat="-22.385715" lon="-44.955687">
        <ele>1047.26</ele>
      </trkpt>
      <trkpt lat="-22.385719" lon="-44.95568">
        <ele>1047.21</ele>
      </trkpt>
      <trkpt lat="-22.385723" lon="-44.955672">
        <ele>1047.16</ele>
      </trkpt>
      <trkpt lat="-22.385726" lon="-44.955664">
        <ele>1047.12</ele>
      </trkpt>
      <trkpt lat="-22.38573" lon="-44.955655">
        <ele>1047.07</ele>
      </trkpt>
      <trkpt lat="-22.385734" lon="-44.955646">
        <ele>1047.02</ele>
      </trkpt>
      <trkpt lat="-22.385738" lon="-44.955637">
        <ele>1046.97</ele>
      </trkpt>
      <trkpt lat="-22.385744" lon="-44.955628">
        <ele>1046.92</ele>
      </trkpt>
      <trkpt lat="-22.38575" lon="-44.955619">
        <ele>1046.88</ele>
      </trkpt>
      <trkpt lat="-22.385756" lon="-44.955609">
        <ele>1047.13</ele>
      </trkpt>
      <trkpt lat="-22.385762" lon="-44.9556">
        <ele>1047.38</ele>
      </trkpt>
      <trkpt lat="-22.385765" lon="-44.955589">
        <ele>1047.64</ele>
      </trkpt>
      <trkpt lat="-22.385769" lon="-44.955578">
        <ele>1047.89</ele>
      </trkpt>
      <trkpt lat="-22.385769" lon="-44.955567">
        <ele>1048.14</ele>
      </trkpt>
      <trkpt lat="-22.38577" lon="-44.955555">
        <ele>1048.39</ele>
      </trkpt>
      <trkpt lat="-22.385769" lon="-44.955543">
        <ele>1048.65</ele>
      </trkpt>
      <trkpt lat="-22.385768" lon="-44.955531">
        <ele>1048.9</ele>
      </trkpt>
      <trkpt lat="-22.385768" lon="-44.955519">
        <ele>1049.15</ele>
      </trkpt>
      <trkpt lat="-22.385767" lon="-44.955507">
        <ele>1049.41</ele>
      </trkpt>
      <trkpt lat="-22.385767" lon="-44.955494">
        <ele>1049.66</ele>
      </trkpt>
      <trkpt lat="-22.385767" lon="-44.955482">
        <ele>1049.91</ele>
      </trkpt>
      <trkpt lat="-22.385768" lon="-44.955469">
        <ele>1050.16</ele>
      </trkpt>
      <trkpt lat="-22.385769" lon="-44.955455">
        <ele>1050.3</ele>
      </trkpt>
      <trkpt lat="-22.385771" lon="-44.955443">
        <ele>1050.44</ele>
      </trkpt>
      <trkpt lat="-22.385772" lon="-44.95543">
        <ele>1050.58</ele>
      </trkpt>
      <trkpt lat="-22.385776" lon="-44.955417">
        <ele>1050.72</ele>
      </trkpt>
      <trkpt lat="-22.385779" lon="-44.955405">
        <ele>1050.86</ele>
      </trkpt>
      <trkpt lat="-22.385783" lon="-44.955393">
        <ele>1050.99</ele>
      </trkpt>
      <trkpt lat="-22.385788" lon="-44.955381">
        <ele>1051.13</ele>
      </trkpt>
      <trkpt lat="-22.385793" lon="-44.955369">
        <ele>1051.27</ele>
      </trkpt>
      <trkpt lat="-22.385797" lon="-44.955357">
        <ele>1051.41</ele>
      </trkpt>
      <trkpt lat="-22.385802" lon="-44.955346">
        <ele>1051.55</ele>
      </trkpt>
      <trkpt lat="-22.385807" lon="-44.955336">
        <ele>1051.69</ele>
      </trkpt>
      <trkpt lat="-22.38581" lon="-44.955327">
        <ele>1051.83</ele>
      </trkpt>
      <trkpt lat="-22.385814" lon="-44.955317">
        <ele>1051.92</ele>
      </trkpt>
      <trkpt lat="-22.385817" lon="-44.955308">
        <ele>1052.01</ele>
      </trkpt>
      <trkpt lat="-22.385819" lon="-44.955299">
        <ele>1052.1</ele>
      </trkpt>
      <trkpt lat="-22.385822" lon="-44.955288">
        <ele>1052.19</ele>
      </trkpt>
      <trkpt lat="-22.385824" lon="-44.955278">
        <ele>1052.29</ele>
      </trkpt>
      <trkpt lat="-22.385827" lon="-44.955268">
        <ele>1052.38</ele>
      </trkpt>
      <trkpt lat="-22.38583" lon="-44.955259">
        <ele>1052.47</ele>
      </trkpt>
      <trkpt lat="-22.38583" lon="-44.95525">
        <ele>1052.56</ele>
      </trkpt>
      <trkpt lat="-22.385831" lon="-44.955242">
        <ele>1052.66</ele>
      </trkpt>
      <trkpt lat="-22.385834" lon="-44.955233">
        <ele>1052.75</ele>
      </trkpt>
      <trkpt lat="-22.385836" lon="-44.955225">
        <ele>1052.84</ele>
      </trkpt>
      <trkpt lat="-22.38584" lon="-44.955216">
        <ele>1052.93</ele>
      </trkpt>
      <trkpt lat="-22.385844" lon="-44.955208">
        <ele>1053.02</ele>
      </trkpt>
      <trkpt lat="-22.385847" lon="-44.955199">
        <ele>1053.12</ele>
      </trkpt>
      <trkpt lat="-22.38585" lon="-44.95519">
        <ele>1053.21</ele>
      </trkpt>
      <trkpt lat="-22.385855" lon="-44.955181">
        <ele>1053.3</ele>
      </trkpt>
      <trkpt lat="-22.385861" lon="-44.955173">
        <ele>1053.32</ele>
      </trkpt>
      <trkpt lat="-22.385869" lon="-44.955164">
        <ele>1053.34</ele>
      </trkpt>
      <trkpt lat="-22.385876" lon="-44.955156">
        <ele>1053.36</ele>
      </trkpt>
      <trkpt lat="-22.385885" lon="-44.955145">
        <ele>1053.38</ele>
      </trkpt>
      <trkpt lat="-22.385893" lon="-44.955135">
        <ele>1053.4</ele>
      </trkpt>
      <trkpt lat="-22.385903" lon="-44.955123">
        <ele>1053.42</ele>
      </trkpt>
      <trkpt lat="-22.385913" lon="-44.95511">
        <ele>1053.44</ele>
      </trkpt>
      <trkpt lat="-22.385923" lon="-44.955097">
        <ele>1053.46</ele>
      </trkpt>
      <trkpt lat="-22.385933" lon="-44.955084">
        <ele>1053.48</ele>
      </trkpt>
      <trkpt lat="-22.385938" lon="-44.955077">
        <ele>1053.5</ele>
      </trkpt>
      <trkpt lat="-22.385942" lon="-44.95507">
        <ele>1053.52</ele>
      </trkpt>
      <trkpt lat="-22.385947" lon="-44.955063">
        <ele>1053.54</ele>
      </trkpt>
      <trkpt lat="-22.38595" lon="-44.955057">
        <ele>1053.74</ele>
      </trkpt>
      <trkpt lat="-22.385953" lon="-44.955051">
        <ele>1053.94</ele>
      </trkpt>
      <trkpt lat="-22.385956" lon="-44.955044">
        <ele>1054.15</ele>
      </trkpt>
      <trkpt lat="-22.385959" lon="-44.955037">
        <ele>1054.35</ele>
      </trkpt>
      <trkpt lat="-22.385965" lon="-44.955027">
        <ele>1054.55</ele>
      </trkpt>
      <trkpt lat="-22.385971" lon="-44.955017">
        <ele>1054.75</ele>
      </trkpt>
      <trkpt lat="-22.38598" lon="-44.955003">
        <ele>1054.95</ele>
      </trkpt>
      <trkpt lat="-22.385989" lon="-44.95499">
        <ele>1055.15</ele>
      </trkpt>
      <trkpt lat="-22.385998" lon="-44.954977">
        <ele>1055.35</ele>
      </trkpt>
      <trkpt lat="-22.386008" lon="-44.954963">
        <ele>1055.56</ele>
      </trkpt>
      <trkpt lat="-22.386016" lon="-44.954954">
        <ele>1055.76</ele>
      </trkpt>
      <trkpt lat="-22.386023" lon="-44.954945">
        <ele>1055.96</ele>
      </trkpt>
      <trkpt lat="-22.386027" lon="-44.954938">
        <ele>1056.16</ele>
      </trkpt>
      <trkpt lat="-22.386032" lon="-44.954931">
        <ele>1056.4</ele>
      </trkpt>
      <trkpt lat="-22.386036" lon="-44.954924">
        <ele>1056.63</ele>
      </trkpt>
      <trkpt lat="-22.38604" lon="-44.954918">
        <ele>1056.87</ele>
      </trkpt>
      <trkpt lat="-22.386045" lon="-44.954909">
        <ele>1057.11</ele>
      </trkpt>
      <trkpt lat="-22.386049" lon="-44.954901">
        <ele>1057.35</ele>
      </trkpt>
      <trkpt lat="-22.386054" lon="-44.954891">
        <ele>1057.58</ele>
      </trkpt>
      <trkpt lat="-22.38606" lon="-44.954881">
        <ele>1057.82</ele>
      </trkpt>
      <trkpt lat="-22.386068" lon="-44.954872">
        <ele>1058.06</ele>
      </trkpt>
      <trkpt lat="-22.386076" lon="-44.954862">
        <ele>1058.3</ele>
      </trkpt>
      <trkpt lat="-22.386085" lon="-44.954853">
        <ele>1058.53</ele>
      </trkpt>
      <trkpt lat="-22.386094" lon="-44.954844">
        <ele>1058.77</ele>
      </trkpt>
      <trkpt lat="-22.386102" lon="-44.954834">
        <ele>1059.01</ele>
      </trkpt>
      <trkpt lat="-22.38611" lon="-44.954824">
        <ele>1059.24</ele>
      </trkpt>
      <trkpt lat="-22.386116" lon="-44.954815">
        <ele>1059.56</ele>
      </trkpt>
      <trkpt lat="-22.386122" lon="-44.954806">
        <ele>1059.88</ele>
      </trkpt>
      <trkpt lat="-22.386126" lon="-44.954799">
        <ele>1060.2</ele>
      </trkpt>
      <trkpt lat="-22.38613" lon="-44.954793">
        <ele>1060.52</ele>
      </trkpt>
      <trkpt lat="-22.386131" lon="-44.954791">
        <ele>1060.84</ele>
      </trkpt>
      <trkpt lat="-22.386133" lon="-44.954789">
        <ele>1061.16</ele>
      </trkpt>
      <trkpt lat="-22.386134" lon="-44.954787">
        <ele>1061.48</ele>
      </trkpt>
      <trkpt lat="-22.386135" lon="-44.954784">
        <ele>1061.8</ele>
      </trkpt>
      <trkpt lat="-22.386138" lon="-44.954779">
        <ele>1062.12</ele>
      </trkpt>
      <trkpt lat="-22.386142" lon="-44.954775">
        <ele>1062.44</ele>
      </trkpt>
      <trkpt lat="-22.386149" lon="-44.954768">
        <ele>1062.76</ele>
      </trkpt>
      <trkpt lat="-22.386156" lon="-44.954761">
        <ele>1063.08</ele>
      </trkpt>
      <trkpt lat="-22.386166" lon="-44.954753">
        <ele>1063.4</ele>
      </trkpt>
      <trkpt lat="-22.386176" lon="-44.954745">
        <ele>1063.72</ele>
      </trkpt>
      <trkpt lat="-22.386187" lon="-44.954738">
        <ele>1064.04</ele>
      </trkpt>
      <trkpt lat="-22.386199" lon="-44.95473">
        <ele>1064.36</ele>
      </trkpt>
      <trkpt lat="-22.38621" lon="-44.954724">
        <ele>1064.68</ele>
      </trkpt>
      <trkpt lat="-22.386221" lon="-44.954718">
        <ele>1065.07</ele>
      </trkpt>
      <trkpt lat="-22.386231" lon="-44.954713">
        <ele>1065.46</ele>
      </trkpt>
      <trkpt lat="-22.386242" lon="-44.954708">
        <ele>1065.85</ele>
      </trkpt>
      <trkpt lat="-22.386255" lon="-44.954701">
        <ele>1066.24</ele>
      </trkpt>
      <trkpt lat="-22.386269" lon="-44.954695">
        <ele>1066.64</ele>
      </trkpt>
      <trkpt lat="-22.386287" lon="-44.954689">
        <ele>1067.03</ele>
      </trkpt>
      <trkpt lat="-22.386304" lon="-44.954682">
        <ele>1067.42</ele>
      </trkpt>
      <trkpt lat="-22.386322" lon="-44.954677">
        <ele>1067.81</ele>
      </trkpt>
      <trkpt lat="-22.38634" lon="-44.954671">
        <ele>1068.2</ele>
      </trkpt>
      <trkpt lat="-22.386356" lon="-44.954667">
        <ele>1068.32</ele>
      </trkpt>
      <trkpt lat="-22.386371" lon="-44.954662">
        <ele>1068.44</ele>
      </trkpt>
      <trkpt lat="-22.386384" lon="-44.95466">
        <ele>1068.56</ele>
      </trkpt>
      <trkpt lat="-22.386397" lon="-44.954657">
        <ele>1068.68</ele>
      </trkpt>
      <trkpt lat="-22.386409" lon="-44.954656">
        <ele>1068.79</ele>
      </trkpt>
      <trkpt lat="-22.386421" lon="-44.954654">
        <ele>1068.91</ele>
      </trkpt>
      <trkpt lat="-22.386434" lon="-44.954652">
        <ele>1069.03</ele>
      </trkpt>
      <trkpt lat="-22.386446" lon="-44.954651">
        <ele>1069.15</ele>
      </trkpt>
      <trkpt lat="-22.386459" lon="-44.954649">
        <ele>1069.27</ele>
      </trkpt>
      <trkpt lat="-22.386472" lon="-44.954647">
        <ele>1069.39</ele>
      </trkpt>
      <trkpt lat="-22.386488" lon="-44.954646">
        <ele>1069.51</ele>
      </trkpt>
      <trkpt lat="-22.386504" lon="-44.954644">
        <ele>1069.45</ele>
      </trkpt>
      <trkpt lat="-22.386523" lon="-44.954644">
        <ele>1069.4</ele>
      </trkpt>
      <trkpt lat="-22.386542" lon="-44.954645">
        <ele>1069.35</ele>
      </trkpt>
      <trkpt lat="-22.386561" lon="-44.954646">
        <ele>1069.3</ele>
      </trkpt>
      <trkpt lat="-22.386581" lon="-44.954648">
        <ele>1069.24</ele>
      </trkpt>
      <trkpt lat="-22.386598" lon="-44.954648">
        <ele>1069.19</ele>
      </trkpt>
      <trkpt lat="-22.386616" lon="-44.954649">
        <ele>1069.14</ele>
      </trkpt>
      <trkpt lat="-22.386629" lon="-44.954648">
        <ele>1069.09</ele>
      </trkpt>
      <trkpt lat="-22.386643" lon="-44.954648">
        <ele>1069.03</ele>
      </trkpt>
      <trkpt lat="-22.386651" lon="-44.954647">
        <ele>1068.97</ele>
      </trkpt>
      <trkpt lat="-22.38666" lon="-44.954646">
        <ele>1068.92</ele>
      </trkpt>
      <trkpt lat="-22.386668" lon="-44.954645">
        <ele>1068.86</ele>
      </trkpt>
      <trkpt lat="-22.386675" lon="-44.954643">
        <ele>1068.8</ele>
      </trkpt>
      <trkpt lat="-22.386684" lon="-44.954643">
        <ele>1068.74</ele>
      </trkpt>
      <trkpt lat="-22.386693" lon="-44.954643">
        <ele>1068.69</ele>
      </trkpt>
      <trkpt lat="-22.386704" lon="-44.954646">
        <ele>1068.63</ele>
      </trkpt>
      <trkpt lat="-22.386716" lon="-44.954649">
        <ele>1068.57</ele>
      </trkpt>
      <trkpt lat="-22.38673" lon="-44.954654">
        <ele>1068.52</ele>
      </trkpt>
      <trkpt lat="-22.386744" lon="-44.954659">
        <ele>1068.46</ele>
      </trkpt>
      <trkpt lat="-22.386756" lon="-44.954663">
        <ele>1068.4</ele>
      </trkpt>
      <trkpt lat="-22.386768" lon="-44.954666">
        <ele>1068.34</ele>
      </trkpt>
      <trkpt lat="-22.386778" lon="-44.954668">
        <ele>1068.43</ele>
      </trkpt>
      <trkpt lat="-22.386787" lon="-44.954669">
        <ele>1068.52</ele>
      </trkpt>
      <trkpt lat="-22.386795" lon="-44.954669">
        <ele>1068.61</ele>
      </trkpt>
      <trkpt lat="-22.386804" lon="-44.954668">
        <ele>1068.7</ele>
      </trkpt>
      <trkpt lat="-22.386813" lon="-44.954668">
        <ele>1068.79</ele>
      </trkpt>
      <trkpt lat="-22.386823" lon="-44.954669">
        <ele>1068.88</ele>
      </trkpt>
      <trkpt lat="-22.386834" lon="-44.954671">
        <ele>1068.97</ele>
      </trkpt>
      <trkpt lat="-22.386845" lon="-44.954673">
        <ele>1069.05</ele>
      </trkpt>
      <trkpt lat="-22.386853" lon="-44.954674">
        <ele>1069.14</ele>
      </trkpt>
      <trkpt lat="-22.386862" lon="-44.954675">
        <ele>1069.23</ele>
      </trkpt>
      <trkpt lat="-22.386868" lon="-44.954673">
        <ele>1069.32</ele>
      </trkpt>
      <trkpt lat="-22.386874" lon="-44.954671">
        <ele>1069.41</ele>
      </trkpt>
      <trkpt lat="-22.386879" lon="-44.954666">
        <ele>1069.5</ele>
      </trkpt>
      <trkpt lat="-22.386884" lon="-44.954661">
        <ele>1069.59</ele>
      </trkpt>
      <trkpt lat="-22.386887" lon="-44.954656">
        <ele>1069.67</ele>
      </trkpt>
      <trkpt lat="-22.38689" lon="-44.954652">
        <ele>1069.76</ele>
      </trkpt>
      <trkpt lat="-22.386894" lon="-44.954647">
        <ele>1069.85</ele>
      </trkpt>
      <trkpt lat="-22.386896" lon="-44.954639">
        <ele>1070.27</ele>
      </trkpt>
      <trkpt lat="-22.386898" lon="-44.954632">
        <ele>1070.69</ele>
      </trkpt>
      <trkpt lat="-22.386899" lon="-44.954628">
        <ele>1071.1</ele>
      </trkpt>
      <trkpt lat="-22.3869" lon="-44.954623">
        <ele>1071.52</ele>
      </trkpt>
      <trkpt lat="-22.386902" lon="-44.954618">
        <ele>1071.94</ele>
      </trkpt>
      <trkpt lat="-22.386903" lon="-44.954611">
        <ele>1072.35</ele>
      </trkpt>
      <trkpt lat="-22.386904" lon="-44.954605">
        <ele>1072.77</ele>
      </trkpt>
      <trkpt lat="-22.386905" lon="-44.954597">
        <ele>1073.19</ele>
      </trkpt>
      <trkpt lat="-22.386907" lon="-44.95459">
        <ele>1073.6</ele>
      </trkpt>
      <trkpt lat="-22.386909" lon="-44.954581">
        <ele>1074.02</ele>
      </trkpt>
      <trkpt lat="-22.386911" lon="-44.954572">
        <ele>1074.44</ele>
      </trkpt>
      <trkpt lat="-22.386913" lon="-44.954566">
        <ele>1074.85</ele>
      </trkpt>
      <trkpt lat="-22.386914" lon="-44.954559">
        <ele>1075.27</ele>
      </trkpt>
      <trkpt lat="-22.386916" lon="-44.954553">
        <ele>1075.69</ele>
      </trkpt>
      <trkpt lat="-22.386919" lon="-44.954544">
        <ele>1076.1</ele>
      </trkpt>
      <trkpt lat="-22.386921" lon="-44.954536">
        <ele>1076.52</ele>
      </trkpt>
      <trkpt lat="-22.386922" lon="-44.954532">
        <ele>1076.94</ele>
      </trkpt>
      <trkpt lat="-22.386923" lon="-44.954528">
        <ele>1077.36</ele>
      </trkpt>
      <trkpt lat="-22.386924" lon="-44.954521">
        <ele>1077.77</ele>
      </trkpt>
      <trkpt lat="-22.386926" lon="-44.954514">
        <ele>1078.19</ele>
      </trkpt>
      <trkpt lat="-22.386929" lon="-44.954508">
        <ele>1078.61</ele>
      </trkpt>
      <trkpt lat="-22.386931" lon="-44.954502">
        <ele>1079.02</ele>
      </trkpt>
      <trkpt lat="-22.386934" lon="-44.954499">
        <ele>1079.09</ele>
      </trkpt>
      <trkpt lat="-22.386936" lon="-44.954495">
        <ele>1079.16</ele>
      </trkpt>
      <trkpt lat="-22.386939" lon="-44.954488">
        <ele>1079.22</ele>
      </trkpt>
      <trkpt lat="-22.386941" lon="-44.954481">
        <ele>1079.29</ele>
      </trkpt>
      <trkpt lat="-22.386942" lon="-44.954475">
        <ele>1079.35</ele>
      </trkpt>
      <trkpt lat="-22.386943" lon="-44.954469">
        <ele>1079.42</ele>
      </trkpt>
      <trkpt lat="-22.386943" lon="-44.954462">
        <ele>1079.49</ele>
      </trkpt>
      <trkpt lat="-22.386944" lon="-44.954456">
        <ele>1079.55</ele>
      </trkpt>
      <trkpt lat="-22.386944" lon="-44.954456">
        <ele>1079.62</ele>
      </trkpt>
      <trkpt lat="-22.386944" lon="-44.954456">
        <ele>1079.69</ele>
      </trkpt>
      <trkpt lat="-22.386944" lon="-44.954456">
        <ele>1079.75</ele>
      </trkpt>
      <trkpt lat="-22.386944" lon="-44.954456">
        <ele>1079.82</ele>
      </trkpt>
      <trkpt lat="-22.386944" lon="-44.954456">
        <ele>1079.89</ele>
      </trkpt>
      <trkpt lat="-22.386944" lon="-44.954456">
        <ele>1079.95</ele>
      </trkpt>
      <trkpt lat="-22.386944" lon="-44.954456">
        <ele>1080.02</ele>
      </trkpt>
      <trkpt lat="-22.386944" lon="-44.954456">
        <ele>1080.09</ele>
      </trkpt>
      <trkpt lat="-22.386944" lon="-44.954456">
        <ele>1080.15</ele>
      </trkpt>
      <trkpt lat="-22.386944" lon="-44.954456">
        <ele>1080.22</ele>
      </trkpt>
      <trkpt lat="-22.386944" lon="-44.954456">
        <ele>1080.28</ele>
      </trkpt>
      <trkpt lat="-22.386944" lon="-44.954456">
        <ele>1080.35</ele>
      </trkpt>
      <trkpt lat="-22.386944" lon="-44.954456">
        <ele>1080.42</ele>
      </trkpt>
      <trkpt lat="-22.386944" lon="-44.954456">
        <ele>1080.48</ele>
      </trkpt>
      <trkpt lat="-22.386944" lon="-44.954456">
        <ele>1080.55</ele>
      </trkpt>
      <trkpt lat="-22.386944" lon="-44.954456">
        <ele>1080.62</ele>
      </trkpt>
      <trkpt lat="-22.386944" lon="-44.954456">
        <ele>1080.68</ele>
      </trkpt>
      <trkpt lat="-22.386944" lon="-44.954456">
        <ele>1080.75</ele>
      </trkpt>
      <trkpt lat="-22.386944" lon="-44.954456">
        <ele>1080.82</ele>
      </trkpt>
      <trkpt lat="-22.386944" lon="-44.954456">
        <ele>1080.88</ele>
      </trkpt>
      <trkpt lat="-22.386944" lon="-44.954456">
        <ele>1080.95</ele>
      </trkpt>
      <trkpt lat="-22.386944" lon="-44.954456">
        <ele>1081.02</ele>
      </trkpt>
      <trkpt lat="-22.386944" lon="-44.954456">
        <ele>1081.08</ele>
      </trkpt>
      <trkpt lat="-22.386944" lon="-44.954456">
        <ele>1081.15</ele>
      </trkpt>
      <trkpt lat="-22.386944" lon="-44.954456">
        <ele>1081.21</ele>
      </trkpt>
      <trkpt lat="-22.386944" lon="-44.954456">
        <ele>1081.28</ele>
      </trkpt>
      <trkpt lat="-22.386944" lon="-44.954456">
        <ele>1081.35</ele>
      </trkpt>
      <trkpt lat="-22.386944" lon="-44.954456">
        <ele>1081.41</ele>
      </trkpt>
      <trkpt lat="-22.386944" lon="-44.954456">
        <ele>1081.48</ele>
      </trkpt>
      <trkpt lat="-22.386944" lon="-44.954456">
        <ele>1081.55</ele>
      </trkpt>
      <trkpt lat="-22.386944" lon="-44.954456">
        <ele>1081.61</ele>
      </trkpt>
      <trkpt lat="-22.386944" lon="-44.954456">
        <ele>1081.68</ele>
      </trkpt>
      <trkpt lat="-22.386944" lon="-44.954456">
        <ele>1081.75</ele>
      </trkpt>
      <trkpt lat="-22.386944" lon="-44.954456">
        <ele>1081.81</ele>
      </trkpt>
      <trkpt lat="-22.386944" lon="-44.954456">
        <ele>1081.88</ele>
      </trkpt>
      <trkpt lat="-22.386944" lon="-44.954456">
        <ele>1081.95</ele>
      </trkpt>
      <trkpt lat="-22.386944" lon="-44.954456">
        <ele>1082.01</ele>
      </trkpt>
      <trkpt lat="-22.386944" lon="-44.954456">
        <ele>1082.08</ele>
      </trkpt>
      <trkpt lat="-22.386944" lon="-44.954456">
        <ele>1082.14</ele>
      </trkpt>
      <trkpt lat="-22.386944" lon="-44.954456">
        <ele>1082.21</ele>
      </trkpt>
      <trkpt lat="-22.386944" lon="-44.954456">
        <ele>1082.28</ele>
      </trkpt>
      <trkpt lat="-22.386944" lon="-44.954456">
        <ele>1082.34</ele>
      </trkpt>
      <trkpt lat="-22.386944" lon="-44.954456">
        <ele>1082.41</ele>
      </trkpt>
      <trkpt lat="-22.386944" lon="-44.954456">
        <ele>1082.48</ele>
      </trkpt>
      <trkpt lat="-22.386944" lon="-44.954456">
        <ele>1082.54</ele>
      </trkpt>
      <trkpt lat="-22.386944" lon="-44.954456">
        <ele>1082.61</ele>
      </trkpt>
      <trkpt lat="-22.386944" lon="-44.954456">
        <ele>1082.68</ele>
      </trkpt>
      <trkpt lat="-22.386944" lon="-44.954456">
        <ele>1082.74</ele>
      </trkpt>
      <trkpt lat="-22.386944" lon="-44.954456">
        <ele>1082.81</ele>
      </trkpt>
      <trkpt lat="-22.386944" lon="-44.954456">
        <ele>1082.88</ele>
      </trkpt>
      <trkpt lat="-22.386944" lon="-44.954456">
        <ele>1082.94</ele>
      </trkpt>
      <trkpt lat="-22.386944" lon="-44.954456">
        <ele>1083.01</ele>
      </trkpt>
      <trkpt lat="-22.386944" lon="-44.954456">
        <ele>1083.07</ele>
      </trkpt>
      <trkpt lat="-22.386944" lon="-44.954456">
        <ele>1083.14</ele>
      </trkpt>
      <trkpt lat="-22.386944" lon="-44.954456">
        <ele>1083.21</ele>
      </trkpt>
      <trkpt lat="-22.386944" lon="-44.954456">
        <ele>1083.27</ele>
      </trkpt>
      <trkpt lat="-22.386944" lon="-44.954456">
        <ele>1083.34</ele>
      </trkpt>
      <trkpt lat="-22.386944" lon="-44.954456">
        <ele>1083.41</ele>
      </trkpt>
      <trkpt lat="-22.386944" lon="-44.954456">
        <ele>1083.47</ele>
      </trkpt>
      <trkpt lat="-22.386944" lon="-44.954456">
        <ele>1083.54</ele>
      </trkpt>
      <trkpt lat="-22.386944" lon="-44.954456">
        <ele>1083.61</ele>
      </trkpt>
      <trkpt lat="-22.386944" lon="-44.954456">
        <ele>1083.67</ele>
      </trkpt>
      <trkpt lat="-22.386944" lon="-44.954456">
        <ele>1083.74</ele>
      </trkpt>
      <trkpt lat="-22.386944" lon="-44.954456">
        <ele>1083.81</ele>
      </trkpt>
      <trkpt lat="-22.386944" lon="-44.954456">
        <ele>1083.87</ele>
      </trkpt>
      <trkpt lat="-22.386944" lon="-44.954456">
        <ele>1083.94</ele>
      </trkpt>
      <trkpt lat="-22.386944" lon="-44.954456">
        <ele>1084</ele>
      </trkpt>
      <trkpt lat="-22.386944" lon="-44.954456">
        <ele>1084.07</ele>
      </trkpt>
      <trkpt lat="-22.386944" lon="-44.954456">
        <ele>1084.14</ele>
      </trkpt>
      <trkpt lat="-22.386944" lon="-44.954456">
        <ele>1084.2</ele>
      </trkpt>
      <trkpt lat="-22.386944" lon="-44.954456">
        <ele>1084.27</ele>
      </trkpt>
      <trkpt lat="-22.386944" lon="-44.954456">
        <ele>1084.34</ele>
      </trkpt>
      <trkpt lat="-22.386944" lon="-44.954456">
        <ele>1084.4</ele>
      </trkpt>
      <trkpt lat="-22.386944" lon="-44.954456">
        <ele>1084.47</ele>
      </trkpt>
      <trkpt lat="-22.386944" lon="-44.954456">
        <ele>1084.54</ele>
      </trkpt>
      <trkpt lat="-22.386944" lon="-44.954456">
        <ele>1084.6</ele>
      </trkpt>
      <trkpt lat="-22.386944" lon="-44.954456">
        <ele>1084.67</ele>
      </trkpt>
      <trkpt lat="-22.386944" lon="-44.954456">
        <ele>1084.74</ele>
      </trkpt>
      <trkpt lat="-22.386944" lon="-44.954456">
        <ele>1084.8</ele>
      </trkpt>
      <trkpt lat="-22.386944" lon="-44.954456">
        <ele>1084.87</ele>
      </trkpt>
      <trkpt lat="-22.386944" lon="-44.954456">
        <ele>1084.93</ele>
      </trkpt>
      <trkpt lat="-22.386944" lon="-44.954456">
        <ele>1085</ele>
      </trkpt>
      <trkpt lat="-22.386944" lon="-44.954456">
        <ele>1085.07</ele>
      </trkpt>
      <trkpt lat="-22.386944" lon="-44.954456">
        <ele>1085.13</ele>
      </trkpt>
      <trkpt lat="-22.386944" lon="-44.954456">
        <ele>1085.2</ele>
      </trkpt>
      <trkpt lat="-22.386944" lon="-44.954456">
        <ele>1085.27</ele>
      </trkpt>
      <trkpt lat="-22.386944" lon="-44.954456">
        <ele>1085.33</ele>
      </trkpt>
      <trkpt lat="-22.386944" lon="-44.954456">
        <ele>1085.4</ele>
      </trkpt>
      <trkpt lat="-22.386944" lon="-44.954456">
        <ele>1085.47</ele>
      </trkpt>
      <trkpt lat="-22.386944" lon="-44.954456">
        <ele>1085.53</ele>
      </trkpt>
      <trkpt lat="-22.386944" lon="-44.954456">
        <ele>1085.6</ele>
      </trkpt>
      <trkpt lat="-22.386944" lon="-44.954456">
        <ele>1085.67</ele>
      </trkpt>
      <trkpt lat="-22.386944" lon="-44.954456">
        <ele>1085.73</ele>
      </trkpt>
      <trkpt lat="-22.386944" lon="-44.954456">
        <ele>1085.8</ele>
      </trkpt>
      <trkpt lat="-22.386944" lon="-44.954456">
        <ele>1085.86</ele>
      </trkpt>
      <trkpt lat="-22.386944" lon="-44.954456">
        <ele>1085.93</ele>
      </trkpt>
      <trkpt lat="-22.386946" lon="-44.954435">
        <ele>1086</ele>
      </trkpt>
      <trkpt lat="-22.386946" lon="-44.954435">
        <ele>1086.06</ele>
      </trkpt>
      <trkpt lat="-22.386946" lon="-44.954435">
        <ele>1086.13</ele>
      </trkpt>
      <trkpt lat="-22.386946" lon="-44.954435">
        <ele>1086.2</ele>
      </trkpt>
      <trkpt lat="-22.386946" lon="-44.954435">
        <ele>1086.26</ele>
      </trkpt>
      <trkpt lat="-22.386946" lon="-44.954435">
        <ele>1086.33</ele>
      </trkpt>
      <trkpt lat="-22.386946" lon="-44.954435">
        <ele>1086.4</ele>
      </trkpt>
      <trkpt lat="-22.386946" lon="-44.954435">
        <ele>1086.46</ele>
      </trkpt>
      <trkpt lat="-22.386946" lon="-44.954435">
        <ele>1086.53</ele>
      </trkpt>
      <trkpt lat="-22.386946" lon="-44.954435">
        <ele>1086.6</ele>
      </trkpt>
      <trkpt lat="-22.386946" lon="-44.954435">
        <ele>1086.66</ele>
      </trkpt>
      <trkpt lat="-22.386946" lon="-44.954435">
        <ele>1086.73</ele>
      </trkpt>
      <trkpt lat="-22.386946" lon="-44.954435">
        <ele>1086.79</ele>
      </trkpt>
      <trkpt lat="-22.386951" lon="-44.954417">
        <ele>1086.86</ele>
      </trkpt>
      <trkpt lat="-22.386954" lon="-44.954405">
        <ele>1086.93</ele>
      </trkpt>
      <trkpt lat="-22.386958" lon="-44.954394">
        <ele>1086.99</ele>
      </trkpt>
      <trkpt lat="-22.386961" lon="-44.954386">
        <ele>1087.06</ele>
      </trkpt>
      <trkpt lat="-22.386964" lon="-44.954377">
        <ele>1087.13</ele>
      </trkpt>
      <trkpt lat="-22.386966" lon="-44.954369">
        <ele>1087.19</ele>
      </trkpt>
      <trkpt lat="-22.386968" lon="-44.954361">
        <ele>1087.26</ele>
      </trkpt>
      <trkpt lat="-22.386969" lon="-44.954352">
        <ele>1087.76</ele>
      </trkpt>
      <trkpt lat="-22.386971" lon="-44.954344">
        <ele>1088.27</ele>
      </trkpt>
      <trkpt lat="-22.386973" lon="-44.954335">
        <ele>1088.77</ele>
      </trkpt>
      <trkpt lat="-22.386976" lon="-44.954327">
        <ele>1089.28</ele>
      </trkpt>
      <trkpt lat="-22.38698" lon="-44.954319">
        <ele>1089.78</ele>
      </trkpt>
      <trkpt lat="-22.386984" lon="-44.954312">
        <ele>1090.29</ele>
      </trkpt>
      <trkpt lat="-22.386989" lon="-44.954303">
        <ele>1090.79</ele>
      </trkpt>
      <trkpt lat="-22.386993" lon="-44.954295">
        <ele>1091.3</ele>
      </trkpt>
      <trkpt lat="-22.386996" lon="-44.954285">
        <ele>1091.81</ele>
      </trkpt>
      <trkpt lat="-22.386998" lon="-44.954274">
        <ele>1092.31</ele>
      </trkpt>
      <trkpt lat="-22.386998" lon="-44.954263">
        <ele>1092.82</ele>
      </trkpt>
      <trkpt lat="-22.386998" lon="-44.954252">
        <ele>1093.32</ele>
      </trkpt>
      <trkpt lat="-22.386998" lon="-44.954241">
        <ele>1093.83</ele>
      </trkpt>
      <trkpt lat="-22.386998" lon="-44.954231">
        <ele>1094.33</ele>
      </trkpt>
      <trkpt lat="-22.386999" lon="-44.954223">
        <ele>1094.84</ele>
      </trkpt>
      <trkpt lat="-22.387001" lon="-44.954215">
        <ele>1095.34</ele>
      </trkpt>
      <trkpt lat="-22.387003" lon="-44.954207">
        <ele>1095.68</ele>
      </trkpt>
      <trkpt lat="-22.387004" lon="-44.9542">
        <ele>1096.03</ele>
      </trkpt>
      <trkpt lat="-22.387005" lon="-44.954192">
        <ele>1096.37</ele>
      </trkpt>
      <trkpt lat="-22.387006" lon="-44.954185">
        <ele>1096.71</ele>
      </trkpt>
      <trkpt lat="-22.387006" lon="-44.954178">
        <ele>1097.05</ele>
      </trkpt>
      <trkpt lat="-22.387006" lon="-44.954171">
        <ele>1097.39</ele>
      </trkpt>
      <trkpt lat="-22.387007" lon="-44.954163">
        <ele>1097.74</ele>
      </trkpt>
      <trkpt lat="-22.387008" lon="-44.954156">
        <ele>1098.08</ele>
      </trkpt>
      <trkpt lat="-22.38701" lon="-44.954148">
        <ele>1098.42</ele>
      </trkpt>
      <trkpt lat="-22.387012" lon="-44.954141">
        <ele>1098.76</ele>
      </trkpt>
      <trkpt lat="-22.387013" lon="-44.954134">
        <ele>1099.11</ele>
      </trkpt>
      <trkpt lat="-22.387014" lon="-44.954127">
        <ele>1099.45</ele>
      </trkpt>
      <trkpt lat="-22.387014" lon="-44.95412">
        <ele>1099.79</ele>
      </trkpt>
      <trkpt lat="-22.387014" lon="-44.954114">
        <ele>1100.13</ele>
      </trkpt>
      <trkpt lat="-22.387014" lon="-44.954107">
        <ele>1100.48</ele>
      </trkpt>
      <trkpt lat="-22.387014" lon="-44.954101">
        <ele>1100.82</ele>
      </trkpt>
      <trkpt lat="-22.387015" lon="-44.954093">
        <ele>1101.16</ele>
      </trkpt>
      <trkpt lat="-22.387016" lon="-44.954086">
        <ele>1101.5</ele>
      </trkpt>
      <trkpt lat="-22.387017" lon="-44.954082">
        <ele>1101.85</ele>
      </trkpt>
      <trkpt lat="-22.387018" lon="-44.954078">
        <ele>1102.19</ele>
      </trkpt>
      <trkpt lat="-22.38702" lon="-44.95407">
        <ele>1102.53</ele>
      </trkpt>
      <trkpt lat="-22.387021" lon="-44.954063">
        <ele>1102.82</ele>
      </trkpt>
      <trkpt lat="-22.387023" lon="-44.954058">
        <ele>1103.12</ele>
      </trkpt>
      <trkpt lat="-22.387025" lon="-44.954052">
        <ele>1103.41</ele>
      </trkpt>
      <trkpt lat="-22.387024" lon="-44.954047">
        <ele>1103.71</ele>
      </trkpt>
      <trkpt lat="-22.387024" lon="-44.954041">
        <ele>1104</ele>
      </trkpt>
      <trkpt lat="-22.387022" lon="-44.954035">
        <ele>1104.3</ele>
      </trkpt>
      <trkpt lat="-22.38702" lon="-44.954029">
        <ele>1104.59</ele>
      </trkpt>
      <trkpt lat="-22.387018" lon="-44.954022">
        <ele>1104.88</ele>
      </trkpt>
      <trkpt lat="-22.387015" lon="-44.954015">
        <ele>1105.18</ele>
      </trkpt>
      <trkpt lat="-22.387012" lon="-44.954007">
        <ele>1105.47</ele>
      </trkpt>
      <trkpt lat="-22.38701" lon="-44.954">
        <ele>1105.77</ele>
      </trkpt>
      <trkpt lat="-22.387009" lon="-44.953993">
        <ele>1106.06</ele>
      </trkpt>
      <trkpt lat="-22.387008" lon="-44.953986">
        <ele>1106.35</ele>
      </trkpt>
      <trkpt lat="-22.387008" lon="-44.95398">
        <ele>1106.65</ele>
      </trkpt>
      <trkpt lat="-22.387008" lon="-44.953974">
        <ele>1106.94</ele>
      </trkpt>
      <trkpt lat="-22.387008" lon="-44.953967">
        <ele>1107.24</ele>
      </trkpt>
      <trkpt lat="-22.387007" lon="-44.953961">
        <ele>1107.53</ele>
      </trkpt>
      <trkpt lat="-22.387007" lon="-44.953955">
        <ele>1107.83</ele>
      </trkpt>
      <trkpt lat="-22.387006" lon="-44.953948">
        <ele>1108.12</ele>
      </trkpt>
      <trkpt lat="-22.387006" lon="-44.953942">
        <ele>1108.41</ele>
      </trkpt>
      <trkpt lat="-22.387007" lon="-44.953936">
        <ele>1108.71</ele>
      </trkpt>
      <trkpt lat="-22.387006" lon="-44.95393">
        <ele>1109</ele>
      </trkpt>
      <trkpt lat="-22.387005" lon="-44.953923">
        <ele>1109.3</ele>
      </trkpt>
      <trkpt lat="-22.387004" lon="-44.953917">
        <ele>1109.54</ele>
      </trkpt>
      <trkpt lat="-22.387003" lon="-44.953911">
        <ele>1109.78</ele>
      </trkpt>
      <trkpt lat="-22.387001" lon="-44.953905">
        <ele>1110.03</ele>
      </trkpt>
      <trkpt lat="-22.386999" lon="-44.9539">
        <ele>1110.27</ele>
      </trkpt>
      <trkpt lat="-22.386996" lon="-44.953894">
        <ele>1110.52</ele>
      </trkpt>
      <trkpt lat="-22.386993" lon="-44.953889">
        <ele>1110.76</ele>
      </trkpt>
      <trkpt lat="-22.38699" lon="-44.953882">
        <ele>1111</ele>
      </trkpt>
      <trkpt lat="-22.386987" lon="-44.953876">
        <ele>1111.25</ele>
      </trkpt>
      <trkpt lat="-22.386985" lon="-44.95387">
        <ele>1111.49</ele>
      </trkpt>
      <trkpt lat="-22.386982" lon="-44.953864">
        <ele>1111.74</ele>
      </trkpt>
      <trkpt lat="-22.38698" lon="-44.953857">
        <ele>1111.98</ele>
      </trkpt>
      <trkpt lat="-22.386977" lon="-44.953851">
        <ele>1112.22</ele>
      </trkpt>
      <trkpt lat="-22.386975" lon="-44.953845">
        <ele>1112.47</ele>
      </trkpt>
      <trkpt lat="-22.386972" lon="-44.953838">
        <ele>1112.71</ele>
      </trkpt>
      <trkpt lat="-22.38697" lon="-44.953832">
        <ele>1112.95</ele>
      </trkpt>
      <trkpt lat="-22.386967" lon="-44.953825">
        <ele>1113.2</ele>
      </trkpt>
      <trkpt lat="-22.386965" lon="-44.953818">
        <ele>1113.44</ele>
      </trkpt>
      <trkpt lat="-22.386962" lon="-44.953812">
        <ele>1113.69</ele>
      </trkpt>
      <trkpt lat="-22.386961" lon="-44.953807">
        <ele>1113.93</ele>
      </trkpt>
      <trkpt lat="-22.38696" lon="-44.953802">
        <ele>1114.17</ele>
      </trkpt>
      <trkpt lat="-22.386958" lon="-44.953797">
        <ele>1114.42</ele>
      </trkpt>
      <trkpt lat="-22.386956" lon="-44.95379">
        <ele>1114.66</ele>
      </trkpt>
      <trkpt lat="-22.386953" lon="-44.953783">
        <ele>1114.9</ele>
      </trkpt>
      <trkpt lat="-22.38695" lon="-44.953776">
        <ele>1114.93</ele>
      </trkpt>
      <trkpt lat="-22.386946" lon="-44.953769">
        <ele>1114.96</ele>
      </trkpt>
      <trkpt lat="-22.386943" lon="-44.953762">
        <ele>1114.98</ele>
      </trkpt>
      <trkpt lat="-22.386939" lon="-44.953754">
        <ele>1115.01</ele>
      </trkpt>
      <trkpt lat="-22.386936" lon="-44.953746">
        <ele>1115.04</ele>
      </trkpt>
      <trkpt lat="-22.386933" lon="-44.953738">
        <ele>1115.06</ele>
      </trkpt>
      <trkpt lat="-22.38693" lon="-44.953729">
        <ele>1115.09</ele>
      </trkpt>
      <trkpt lat="-22.386927" lon="-44.95372">
        <ele>1115.12</ele>
      </trkpt>
      <trkpt lat="-22.386927" lon="-44.95372">
        <ele>1115.14</ele>
      </trkpt>
      <trkpt lat="-22.386927" lon="-44.95372">
        <ele>1115.17</ele>
      </trkpt>
      <trkpt lat="-22.386927" lon="-44.95372">
        <ele>1115.2</ele>
      </trkpt>
      <trkpt lat="-22.386927" lon="-44.95372">
        <ele>1115.22</ele>
      </trkpt>
      <trkpt lat="-22.386927" lon="-44.95372">
        <ele>1115.25</ele>
      </trkpt>
      <trkpt lat="-22.386927" lon="-44.95372">
        <ele>1115.28</ele>
      </trkpt>
      <trkpt lat="-22.386927" lon="-44.95372">
        <ele>1115.3</ele>
      </trkpt>
      <trkpt lat="-22.386927" lon="-44.95372">
        <ele>1115.33</ele>
      </trkpt>
      <trkpt lat="-22.386927" lon="-44.95372">
        <ele>1115.36</ele>
      </trkpt>
      <trkpt lat="-22.386927" lon="-44.95372">
        <ele>1115.38</ele>
      </trkpt>
      <trkpt lat="-22.386927" lon="-44.95372">
        <ele>1115.41</ele>
      </trkpt>
      <trkpt lat="-22.386927" lon="-44.95372">
        <ele>1115.44</ele>
      </trkpt>
      <trkpt lat="-22.386927" lon="-44.95372">
        <ele>1115.46</ele>
      </trkpt>
      <trkpt lat="-22.386927" lon="-44.95372">
        <ele>1115.49</ele>
      </trkpt>
      <trkpt lat="-22.386927" lon="-44.95372">
        <ele>1115.52</ele>
      </trkpt>
      <trkpt lat="-22.386927" lon="-44.95372">
        <ele>1115.54</ele>
      </trkpt>
      <trkpt lat="-22.386927" lon="-44.95372">
        <ele>1115.57</ele>
      </trkpt>
      <trkpt lat="-22.386927" lon="-44.95372">
        <ele>1115.59</ele>
      </trkpt>
      <trkpt lat="-22.386927" lon="-44.95372">
        <ele>1115.62</ele>
      </trkpt>
      <trkpt lat="-22.386927" lon="-44.95372">
        <ele>1115.65</ele>
      </trkpt>
      <trkpt lat="-22.386927" lon="-44.95372">
        <ele>1115.67</ele>
      </trkpt>
      <trkpt lat="-22.386927" lon="-44.95372">
        <ele>1115.7</ele>
      </trkpt>
      <trkpt lat="-22.386927" lon="-44.95372">
        <ele>1115.73</ele>
      </trkpt>
      <trkpt lat="-22.386927" lon="-44.95372">
        <ele>1115.75</ele>
      </trkpt>
      <trkpt lat="-22.386927" lon="-44.95372">
        <ele>1115.78</ele>
      </trkpt>
      <trkpt lat="-22.386927" lon="-44.95372">
        <ele>1115.81</ele>
      </trkpt>
      <trkpt lat="-22.386927" lon="-44.95372">
        <ele>1115.83</ele>
      </trkpt>
      <trkpt lat="-22.386927" lon="-44.95372">
        <ele>1115.86</ele>
      </trkpt>
      <trkpt lat="-22.386927" lon="-44.95372">
        <ele>1115.89</ele>
      </trkpt>
      <trkpt lat="-22.386927" lon="-44.95372">
        <ele>1115.91</ele>
      </trkpt>
      <trkpt lat="-22.386927" lon="-44.95372">
        <ele>1115.94</ele>
      </trkpt>
      <trkpt lat="-22.386927" lon="-44.95372">
        <ele>1115.97</ele>
      </trkpt>
      <trkpt lat="-22.386927" lon="-44.95372">
        <ele>1115.99</ele>
      </trkpt>
      <trkpt lat="-22.386927" lon="-44.95372">
        <ele>1116.02</ele>
      </trkpt>
      <trkpt lat="-22.386927" lon="-44.95372">
        <ele>1116.05</ele>
      </trkpt>
      <trkpt lat="-22.386927" lon="-44.95372">
        <ele>1116.07</ele>
      </trkpt>
      <trkpt lat="-22.386927" lon="-44.95372">
        <ele>1116.1</ele>
      </trkpt>
      <trkpt lat="-22.386927" lon="-44.95372">
        <ele>1116.13</ele>
      </trkpt>
      <trkpt lat="-22.386927" lon="-44.95372">
        <ele>1116.15</ele>
      </trkpt>
      <trkpt lat="-22.386927" lon="-44.95372">
        <ele>1116.18</ele>
      </trkpt>
      <trkpt lat="-22.386927" lon="-44.95372">
        <ele>1116.21</ele>
      </trkpt>
      <trkpt lat="-22.386927" lon="-44.95372">
        <ele>1116.23</ele>
      </trkpt>
      <trkpt lat="-22.386927" lon="-44.95372">
        <ele>1116.26</ele>
      </trkpt>
      <trkpt lat="-22.386927" lon="-44.95372">
        <ele>1116.28</ele>
      </trkpt>
      <trkpt lat="-22.386927" lon="-44.95372">
        <ele>1116.31</ele>
      </trkpt>
      <trkpt lat="-22.386927" lon="-44.95372">
        <ele>1116.34</ele>
      </trkpt>
      <trkpt lat="-22.386927" lon="-44.95372">
        <ele>1116.36</ele>
      </trkpt>
      <trkpt lat="-22.386927" lon="-44.95372">
        <ele>1116.39</ele>
      </trkpt>
      <trkpt lat="-22.386927" lon="-44.95372">
        <ele>1116.42</ele>
      </trkpt>
      <trkpt lat="-22.386927" lon="-44.95372">
        <ele>1116.44</ele>
      </trkpt>
      <trkpt lat="-22.386927" lon="-44.95372">
        <ele>1116.47</ele>
      </trkpt>
      <trkpt lat="-22.386927" lon="-44.95372">
        <ele>1116.5</ele>
      </trkpt>
      <trkpt lat="-22.386927" lon="-44.95372">
        <ele>1116.52</ele>
      </trkpt>
      <trkpt lat="-22.386927" lon="-44.95372">
        <ele>1116.55</ele>
      </trkpt>
      <trkpt lat="-22.386927" lon="-44.95372">
        <ele>1116.58</ele>
      </trkpt>
      <trkpt lat="-22.386927" lon="-44.95372">
        <ele>1116.6</ele>
      </trkpt>
      <trkpt lat="-22.386927" lon="-44.95372">
        <ele>1116.63</ele>
      </trkpt>
      <trkpt lat="-22.386927" lon="-44.95372">
        <ele>1116.66</ele>
      </trkpt>
      <trkpt lat="-22.386927" lon="-44.95372">
        <ele>1116.68</ele>
      </trkpt>
      <trkpt lat="-22.386927" lon="-44.95372">
        <ele>1116.71</ele>
      </trkpt>
      <trkpt lat="-22.386927" lon="-44.95372">
        <ele>1116.74</ele>
      </trkpt>
      <trkpt lat="-22.386927" lon="-44.95372">
        <ele>1116.76</ele>
      </trkpt>
      <trkpt lat="-22.386927" lon="-44.95372">
        <ele>1116.79</ele>
      </trkpt>
      <trkpt lat="-22.386927" lon="-44.95372">
        <ele>1116.82</ele>
      </trkpt>
      <trkpt lat="-22.386927" lon="-44.95372">
        <ele>1116.84</ele>
      </trkpt>
      <trkpt lat="-22.386927" lon="-44.95372">
        <ele>1116.87</ele>
      </trkpt>
      <trkpt lat="-22.386927" lon="-44.95372">
        <ele>1116.9</ele>
      </trkpt>
      <trkpt lat="-22.386927" lon="-44.95372">
        <ele>1116.92</ele>
      </trkpt>
      <trkpt lat="-22.386927" lon="-44.95372">
        <ele>1116.95</ele>
      </trkpt>
      <trkpt lat="-22.386927" lon="-44.95372">
        <ele>1116.97</ele>
      </trkpt>
      <trkpt lat="-22.386927" lon="-44.95372">
        <ele>1117</ele>
      </trkpt>
      <trkpt lat="-22.386927" lon="-44.95372">
        <ele>1117.03</ele>
      </trkpt>
      <trkpt lat="-22.386927" lon="-44.95372">
        <ele>1117.05</ele>
      </trkpt>
      <trkpt lat="-22.386927" lon="-44.95372">
        <ele>1117.08</ele>
      </trkpt>
      <trkpt lat="-22.386927" lon="-44.95372">
        <ele>1117.11</ele>
      </trkpt>
      <trkpt lat="-22.386927" lon="-44.95372">
        <ele>1117.13</ele>
      </trkpt>
      <trkpt lat="-22.386927" lon="-44.95372">
        <ele>1117.16</ele>
      </trkpt>
      <trkpt lat="-22.386927" lon="-44.95372">
        <ele>1117.19</ele>
      </trkpt>
      <trkpt lat="-22.386927" lon="-44.95372">
        <ele>1117.21</ele>
      </trkpt>
      <trkpt lat="-22.386927" lon="-44.95372">
        <ele>1117.24</ele>
      </trkpt>
      <trkpt lat="-22.386927" lon="-44.95372">
        <ele>1117.27</ele>
      </trkpt>
      <trkpt lat="-22.386927" lon="-44.95372">
        <ele>1117.29</ele>
      </trkpt>
      <trkpt lat="-22.386927" lon="-44.95372">
        <ele>1117.32</ele>
      </trkpt>
      <trkpt lat="-22.386927" lon="-44.95372">
        <ele>1117.35</ele>
      </trkpt>
      <trkpt lat="-22.386927" lon="-44.95372">
        <ele>1117.37</ele>
      </trkpt>
      <trkpt lat="-22.386927" lon="-44.95372">
        <ele>1117.4</ele>
      </trkpt>
      <trkpt lat="-22.386927" lon="-44.95372">
        <ele>1117.43</ele>
      </trkpt>
      <trkpt lat="-22.386927" lon="-44.95372">
        <ele>1117.45</ele>
      </trkpt>
      <trkpt lat="-22.386927" lon="-44.95372">
        <ele>1117.48</ele>
      </trkpt>
      <trkpt lat="-22.386927" lon="-44.95372">
        <ele>1117.51</ele>
      </trkpt>
      <trkpt lat="-22.386927" lon="-44.95372">
        <ele>1117.53</ele>
      </trkpt>
      <trkpt lat="-22.386927" lon="-44.95372">
        <ele>1117.56</ele>
      </trkpt>
      <trkpt lat="-22.386927" lon="-44.95372">
        <ele>1117.59</ele>
      </trkpt>
      <trkpt lat="-22.386927" lon="-44.95372">
        <ele>1117.61</ele>
      </trkpt>
      <trkpt lat="-22.386927" lon="-44.95372">
        <ele>1117.64</ele>
      </trkpt>
      <trkpt lat="-22.386927" lon="-44.95372">
        <ele>1117.66</ele>
      </trkpt>
      <trkpt lat="-22.386927" lon="-44.95372">
        <ele>1117.69</ele>
      </trkpt>
      <trkpt lat="-22.386927" lon="-44.95372">
        <ele>1117.72</ele>
      </trkpt>
      <trkpt lat="-22.386927" lon="-44.95372">
        <ele>1117.74</ele>
      </trkpt>
      <trkpt lat="-22.386927" lon="-44.95372">
        <ele>1117.77</ele>
      </trkpt>
      <trkpt lat="-22.386927" lon="-44.95372">
        <ele>1117.8</ele>
      </trkpt>
      <trkpt lat="-22.386927" lon="-44.95372">
        <ele>1117.82</ele>
      </trkpt>
      <trkpt lat="-22.386927" lon="-44.95372">
        <ele>1117.85</ele>
      </trkpt>
      <trkpt lat="-22.386927" lon="-44.95372">
        <ele>1117.88</ele>
      </trkpt>
      <trkpt lat="-22.386927" lon="-44.95372">
        <ele>1117.9</ele>
      </trkpt>
      <trkpt lat="-22.386927" lon="-44.95372">
        <ele>1117.93</ele>
      </trkpt>
      <trkpt lat="-22.386927" lon="-44.95372">
        <ele>1117.96</ele>
      </trkpt>
      <trkpt lat="-22.386927" lon="-44.95372">
        <ele>1117.98</ele>
      </trkpt>
      <trkpt lat="-22.386927" lon="-44.95372">
        <ele>1118.01</ele>
      </trkpt>
      <trkpt lat="-22.386927" lon="-44.95372">
        <ele>1118.04</ele>
      </trkpt>
      <trkpt lat="-22.386927" lon="-44.95372">
        <ele>1118.06</ele>
      </trkpt>
      <trkpt lat="-22.386927" lon="-44.95372">
        <ele>1118.09</ele>
      </trkpt>
      <trkpt lat="-22.386927" lon="-44.95372">
        <ele>1118.12</ele>
      </trkpt>
      <trkpt lat="-22.386927" lon="-44.95372">
        <ele>1118.14</ele>
      </trkpt>
      <trkpt lat="-22.386927" lon="-44.95372">
        <ele>1118.17</ele>
      </trkpt>
      <trkpt lat="-22.386927" lon="-44.95372">
        <ele>1118.2</ele>
      </trkpt>
      <trkpt lat="-22.386927" lon="-44.95372">
        <ele>1118.22</ele>
      </trkpt>
      <trkpt lat="-22.386927" lon="-44.95372">
        <ele>1118.25</ele>
      </trkpt>
      <trkpt lat="-22.386927" lon="-44.95372">
        <ele>1118.28</ele>
      </trkpt>
      <trkpt lat="-22.386927" lon="-44.95372">
        <ele>1118.3</ele>
      </trkpt>
      <trkpt lat="-22.386927" lon="-44.95372">
        <ele>1118.33</ele>
      </trkpt>
      <trkpt lat="-22.386927" lon="-44.95372">
        <ele>1118.35</ele>
      </trkpt>
      <trkpt lat="-22.386927" lon="-44.95372">
        <ele>1118.38</ele>
      </trkpt>
      <trkpt lat="-22.386927" lon="-44.95372">
        <ele>1118.41</ele>
      </trkpt>
      <trkpt lat="-22.386927" lon="-44.95372">
        <ele>1118.43</ele>
      </trkpt>
      <trkpt lat="-22.386927" lon="-44.95372">
        <ele>1118.46</ele>
      </trkpt>
      <trkpt lat="-22.386927" lon="-44.95372">
        <ele>1118.49</ele>
      </trkpt>
      <trkpt lat="-22.386927" lon="-44.95372">
        <ele>1118.51</ele>
      </trkpt>
      <trkpt lat="-22.386927" lon="-44.95372">
        <ele>1118.54</ele>
      </trkpt>
      <trkpt lat="-22.386927" lon="-44.95372">
        <ele>1118.57</ele>
      </trkpt>
      <trkpt lat="-22.386927" lon="-44.95372">
        <ele>1118.59</ele>
      </trkpt>
      <trkpt lat="-22.386927" lon="-44.95372">
        <ele>1118.62</ele>
      </trkpt>
      <trkpt lat="-22.386927" lon="-44.95372">
        <ele>1118.65</ele>
      </trkpt>
      <trkpt lat="-22.386927" lon="-44.95372">
        <ele>1118.67</ele>
      </trkpt>
      <trkpt lat="-22.386927" lon="-44.95372">
        <ele>1118.7</ele>
      </trkpt>
      <trkpt lat="-22.386927" lon="-44.95372">
        <ele>1118.73</ele>
      </trkpt>
      <trkpt lat="-22.386927" lon="-44.95372">
        <ele>1118.75</ele>
      </trkpt>
      <trkpt lat="-22.386927" lon="-44.95372">
        <ele>1118.78</ele>
      </trkpt>
      <trkpt lat="-22.386927" lon="-44.95372">
        <ele>1118.81</ele>
      </trkpt>
      <trkpt lat="-22.386927" lon="-44.95372">
        <ele>1118.83</ele>
      </trkpt>
      <trkpt lat="-22.386927" lon="-44.95372">
        <ele>1118.86</ele>
      </trkpt>
      <trkpt lat="-22.386927" lon="-44.95372">
        <ele>1118.89</ele>
      </trkpt>
      <trkpt lat="-22.386927" lon="-44.95372">
        <ele>1118.91</ele>
      </trkpt>
      <trkpt lat="-22.386927" lon="-44.95372">
        <ele>1118.94</ele>
      </trkpt>
      <trkpt lat="-22.386927" lon="-44.95372">
        <ele>1118.97</ele>
      </trkpt>
      <trkpt lat="-22.386927" lon="-44.95372">
        <ele>1118.99</ele>
      </trkpt>
      <trkpt lat="-22.386927" lon="-44.95372">
        <ele>1119.02</ele>
      </trkpt>
      <trkpt lat="-22.386927" lon="-44.95372">
        <ele>1119.04</ele>
      </trkpt>
      <trkpt lat="-22.386927" lon="-44.95372">
        <ele>1119.07</ele>
      </trkpt>
      <trkpt lat="-22.386927" lon="-44.95372">
        <ele>1119.1</ele>
      </trkpt>
      <trkpt lat="-22.386927" lon="-44.95372">
        <ele>1119.12</ele>
      </trkpt>
      <trkpt lat="-22.386927" lon="-44.95372">
        <ele>1119.15</ele>
      </trkpt>
      <trkpt lat="-22.386927" lon="-44.95372">
        <ele>1119.18</ele>
      </trkpt>
      <trkpt lat="-22.386927" lon="-44.95372">
        <ele>1119.2</ele>
      </trkpt>
      <trkpt lat="-22.386927" lon="-44.95372">
        <ele>1119.23</ele>
      </trkpt>
      <trkpt lat="-22.386927" lon="-44.95372">
        <ele>1119.26</ele>
      </trkpt>
      <trkpt lat="-22.386927" lon="-44.95372">
        <ele>1119.28</ele>
      </trkpt>
      <trkpt lat="-22.386927" lon="-44.95372">
        <ele>1119.31</ele>
      </trkpt>
      <trkpt lat="-22.386927" lon="-44.95372">
        <ele>1119.34</ele>
      </trkpt>
      <trkpt lat="-22.386927" lon="-44.95372">
        <ele>1119.36</ele>
      </trkpt>
      <trkpt lat="-22.386927" lon="-44.95372">
        <ele>1119.39</ele>
      </trkpt>
      <trkpt lat="-22.386927" lon="-44.95372">
        <ele>1119.42</ele>
      </trkpt>
      <trkpt lat="-22.386927" lon="-44.95372">
        <ele>1119.44</ele>
      </trkpt>
      <trkpt lat="-22.386927" lon="-44.95372">
        <ele>1119.47</ele>
      </trkpt>
      <trkpt lat="-22.386927" lon="-44.95372">
        <ele>1119.5</ele>
      </trkpt>
      <trkpt lat="-22.386927" lon="-44.95372">
        <ele>1119.52</ele>
      </trkpt>
      <trkpt lat="-22.386927" lon="-44.95372">
        <ele>1119.55</ele>
      </trkpt>
      <trkpt lat="-22.386927" lon="-44.95372">
        <ele>1119.58</ele>
      </trkpt>
      <trkpt lat="-22.386927" lon="-44.95372">
        <ele>1119.6</ele>
      </trkpt>
      <trkpt lat="-22.386927" lon="-44.95372">
        <ele>1119.63</ele>
      </trkpt>
      <trkpt lat="-22.386927" lon="-44.95372">
        <ele>1119.66</ele>
      </trkpt>
      <trkpt lat="-22.386927" lon="-44.95372">
        <ele>1119.68</ele>
      </trkpt>
      <trkpt lat="-22.386927" lon="-44.95372">
        <ele>1119.71</ele>
      </trkpt>
      <trkpt lat="-22.386927" lon="-44.95372">
        <ele>1119.73</ele>
      </trkpt>
      <trkpt lat="-22.386919" lon="-44.953703">
        <ele>1119.76</ele>
      </trkpt>
      <trkpt lat="-22.386915" lon="-44.953698">
        <ele>1119.79</ele>
      </trkpt>
      <trkpt lat="-22.386912" lon="-44.953693">
        <ele>1119.81</ele>
      </trkpt>
      <trkpt lat="-22.386909" lon="-44.953685">
        <ele>1119.84</ele>
      </trkpt>
      <trkpt lat="-22.386906" lon="-44.953678">
        <ele>1119.87</ele>
      </trkpt>
      <trkpt lat="-22.386903" lon="-44.953666">
        <ele>1119.89</ele>
      </trkpt>
      <trkpt lat="-22.3869" lon="-44.953655">
        <ele>1119.92</ele>
      </trkpt>
      <trkpt lat="-22.386896" lon="-44.953642">
        <ele>1119.95</ele>
      </trkpt>
      <trkpt lat="-22.386892" lon="-44.953629">
        <ele>1119.99</ele>
      </trkpt>
      <trkpt lat="-22.386887" lon="-44.953617">
        <ele>1120.03</ele>
      </trkpt>
      <trkpt lat="-22.386883" lon="-44.953606">
        <ele>1120.07</ele>
      </trkpt>
      <trkpt lat="-22.386879" lon="-44.953603">
        <ele>1120.11</ele>
      </trkpt>
      <trkpt lat="-22.386875" lon="-44.953599">
        <ele>1120.16</ele>
      </trkpt>
      <trkpt lat="-22.386871" lon="-44.953596">
        <ele>1120.2</ele>
      </trkpt>
      <trkpt lat="-22.38687" lon="-44.953596">
        <ele>1120.24</ele>
      </trkpt>
      <trkpt lat="-22.386868" lon="-44.953597">
        <ele>1120.28</ele>
      </trkpt>
      <trkpt lat="-22.386867" lon="-44.953597">
        <ele>1120.32</ele>
      </trkpt>
      <trkpt lat="-22.386866" lon="-44.953597">
        <ele>1120.36</ele>
      </trkpt>
      <trkpt lat="-22.386861" lon="-44.953598">
        <ele>1120.41</ele>
      </trkpt>
      <trkpt lat="-22.386856" lon="-44.953598">
        <ele>1120.45</ele>
      </trkpt>
      <trkpt lat="-22.386853" lon="-44.953594">
        <ele>1120.49</ele>
      </trkpt>
      <trkpt lat="-22.386849" lon="-44.95359">
        <ele>1120.53</ele>
      </trkpt>
      <trkpt lat="-22.386847" lon="-44.95358">
        <ele>1120.57</ele>
      </trkpt>
      <trkpt lat="-22.386846" lon="-44.95357">
        <ele>1120.61</ele>
      </trkpt>
      <trkpt lat="-22.386846" lon="-44.95357">
        <ele>1120.66</ele>
      </trkpt>
      <trkpt lat="-22.386846" lon="-44.95357">
        <ele>1120.7</ele>
      </trkpt>
      <trkpt lat="-22.386846" lon="-44.95357">
        <ele>1120.74</ele>
      </trkpt>
      <trkpt lat="-22.386846" lon="-44.95357">
        <ele>1120.78</ele>
      </trkpt>
      <trkpt lat="-22.386846" lon="-44.95357">
        <ele>1120.82</ele>
      </trkpt>
      <trkpt lat="-22.386846" lon="-44.95357">
        <ele>1120.86</ele>
      </trkpt>
      <trkpt lat="-22.386846" lon="-44.95357">
        <ele>1120.91</ele>
      </trkpt>
      <trkpt lat="-22.386846" lon="-44.95357">
        <ele>1120.95</ele>
      </trkpt>
      <trkpt lat="-22.386846" lon="-44.95357">
        <ele>1120.99</ele>
      </trkpt>
      <trkpt lat="-22.386846" lon="-44.95357">
        <ele>1121.03</ele>
      </trkpt>
      <trkpt lat="-22.386846" lon="-44.95357">
        <ele>1121.07</ele>
      </trkpt>
      <trkpt lat="-22.386846" lon="-44.95357">
        <ele>1121.12</ele>
      </trkpt>
      <trkpt lat="-22.386846" lon="-44.95357">
        <ele>1121.16</ele>
      </trkpt>
      <trkpt lat="-22.386846" lon="-44.95357">
        <ele>1121.2</ele>
      </trkpt>
      <trkpt lat="-22.386846" lon="-44.95357">
        <ele>1121.24</ele>
      </trkpt>
      <trkpt lat="-22.386846" lon="-44.95357">
        <ele>1121.28</ele>
      </trkpt>
      <trkpt lat="-22.386846" lon="-44.95357">
        <ele>1121.32</ele>
      </trkpt>
      <trkpt lat="-22.386846" lon="-44.95357">
        <ele>1121.37</ele>
      </trkpt>
      <trkpt lat="-22.386846" lon="-44.95357">
        <ele>1121.41</ele>
      </trkpt>
      <trkpt lat="-22.386846" lon="-44.95357">
        <ele>1121.45</ele>
      </trkpt>
      <trkpt lat="-22.386846" lon="-44.95357">
        <ele>1121.49</ele>
      </trkpt>
      <trkpt lat="-22.386846" lon="-44.95357">
        <ele>1121.53</ele>
      </trkpt>
      <trkpt lat="-22.386846" lon="-44.95357">
        <ele>1121.57</ele>
      </trkpt>
      <trkpt lat="-22.386846" lon="-44.95357">
        <ele>1121.62</ele>
      </trkpt>
      <trkpt lat="-22.38685" lon="-44.953553">
        <ele>1121.66</ele>
      </trkpt>
      <trkpt lat="-22.386852" lon="-44.953542">
        <ele>1121.7</ele>
      </trkpt>
      <trkpt lat="-22.386854" lon="-44.953531">
        <ele>1121.74</ele>
      </trkpt>
      <trkpt lat="-22.386859" lon="-44.953523">
        <ele>1121.78</ele>
      </trkpt>
      <trkpt lat="-22.386864" lon="-44.953514">
        <ele>1121.94</ele>
      </trkpt>
      <trkpt lat="-22.386876" lon="-44.953507">
        <ele>1122.09</ele>
      </trkpt>
      <trkpt lat="-22.386887" lon="-44.9535">
        <ele>1122.25</ele>
      </trkpt>
      <trkpt lat="-22.386907" lon="-44.953498">
        <ele>1122.4</ele>
      </trkpt>
      <trkpt lat="-22.386926" lon="-44.953496">
        <ele>1122.56</ele>
      </trkpt>
      <trkpt lat="-22.386952" lon="-44.953499">
        <ele>1122.71</ele>
      </trkpt>
      <trkpt lat="-22.386978" lon="-44.953501">
        <ele>1122.87</ele>
      </trkpt>
      <trkpt lat="-22.387008" lon="-44.953506">
        <ele>1123.02</ele>
      </trkpt>
      <trkpt lat="-22.387037" lon="-44.953511">
        <ele>1122.88</ele>
      </trkpt>
      <trkpt lat="-22.387067" lon="-44.953519">
        <ele>1122.74</ele>
      </trkpt>
      <trkpt lat="-22.387097" lon="-44.953527">
        <ele>1122.6</ele>
      </trkpt>
      <trkpt lat="-22.387127" lon="-44.953536">
        <ele>1122.46</ele>
      </trkpt>
      <trkpt lat="-22.387158" lon="-44.953546">
        <ele>1122.31</ele>
      </trkpt>
      <trkpt lat="-22.38719" lon="-44.953555">
        <ele>1121.89</ele>
      </trkpt>
      <trkpt lat="-22.387222" lon="-44.953563">
        <ele>1121.47</ele>
      </trkpt>
      <trkpt lat="-22.387256" lon="-44.953568">
        <ele>1121.05</ele>
      </trkpt>
      <trkpt lat="-22.38729" lon="-44.953573">
        <ele>1120.63</ele>
      </trkpt>
      <trkpt lat="-22.387324" lon="-44.953576">
        <ele>1120.21</ele>
      </trkpt>
      <trkpt lat="-22.387359" lon="-44.953579">
        <ele>1119.76</ele>
      </trkpt>
      <trkpt lat="-22.387392" lon="-44.95358">
        <ele>1119.31</ele>
      </trkpt>
      <trkpt lat="-22.387426" lon="-44.953581">
        <ele>1118.86</ele>
      </trkpt>
      <trkpt lat="-22.38746" lon="-44.953582">
        <ele>1118.41</ele>
      </trkpt>
      <trkpt lat="-22.387494" lon="-44.953583">
        <ele>1117.79</ele>
      </trkpt>
      <trkpt lat="-22.387529" lon="-44.953581">
        <ele>1117.18</ele>
      </trkpt>
      <trkpt lat="-22.387564" lon="-44.953579">
        <ele>1116.57</ele>
      </trkpt>
      <trkpt lat="-22.387598" lon="-44.95357">
        <ele>1115.96</ele>
      </trkpt>
      <trkpt lat="-22.387632" lon="-44.95356">
        <ele>1115.31</ele>
      </trkpt>
      <trkpt lat="-22.387663" lon="-44.953543">
        <ele>1114.67</ele>
      </trkpt>
      <trkpt lat="-22.387694" lon="-44.953525">
        <ele>1114.03</ele>
      </trkpt>
      <trkpt lat="-22.387724" lon="-44.953499">
        <ele>1113.39</ele>
      </trkpt>
      <trkpt lat="-22.387753" lon="-44.953474">
        <ele>1112.5</ele>
      </trkpt>
      <trkpt lat="-22.387783" lon="-44.953445">
        <ele>1111.62</ele>
      </trkpt>
      <trkpt lat="-22.387814" lon="-44.953416">
        <ele>1110.74</ele>
      </trkpt>
      <trkpt lat="-22.387848" lon="-44.953388">
        <ele>1109.86</ele>
      </trkpt>
      <trkpt lat="-22.387881" lon="-44.953359">
        <ele>1108.53</ele>
      </trkpt>
      <trkpt lat="-22.387917" lon="-44.95333">
        <ele>1107.2</ele>
      </trkpt>
      <trkpt lat="-22.387953" lon="-44.953302">
        <ele>1105.87</ele>
      </trkpt>
      <trkpt lat="-22.387989" lon="-44.953273">
        <ele>1104.54</ele>
      </trkpt>
      <trkpt lat="-22.388025" lon="-44.953245">
        <ele>1103.39</ele>
      </trkpt>
      <trkpt lat="-22.388059" lon="-44.953218">
        <ele>1102.24</ele>
      </trkpt>
      <trkpt lat="-22.388093" lon="-44.95319">
        <ele>1101.09</ele>
      </trkpt>
      <trkpt lat="-22.388125" lon="-44.953166">
        <ele>1099.94</ele>
      </trkpt>
      <trkpt lat="-22.388157" lon="-44.953142">
        <ele>1099.22</ele>
      </trkpt>
      <trkpt lat="-22.388188" lon="-44.953121">
        <ele>1098.5</ele>
      </trkpt>
      <trkpt lat="-22.388218" lon="-44.9531">
        <ele>1097.79</ele>
      </trkpt>
      <trkpt lat="-22.388245" lon="-44.953078">
        <ele>1097.07</ele>
      </trkpt>
      <trkpt lat="-22.388272" lon="-44.953057">
        <ele>1096.65</ele>
      </trkpt>
      <trkpt lat="-22.388295" lon="-44.953035">
        <ele>1096.23</ele>
      </trkpt>
      <trkpt lat="-22.388319" lon="-44.953012">
        <ele>1095.81</ele>
      </trkpt>
      <trkpt lat="-22.388337" lon="-44.952988">
        <ele>1095.39</ele>
      </trkpt>
      <trkpt lat="-22.388355" lon="-44.952964">
        <ele>1094.97</ele>
      </trkpt>
      <trkpt lat="-22.388371" lon="-44.95294">
        <ele>1094.78</ele>
      </trkpt>
      <trkpt lat="-22.388388" lon="-44.952916">
        <ele>1094.59</ele>
      </trkpt>
      <trkpt lat="-22.388405" lon="-44.952894">
        <ele>1094.4</ele>
      </trkpt>
      <trkpt lat="-22.388423" lon="-44.952873">
        <ele>1094.21</ele>
      </trkpt>
      <trkpt lat="-22.388443" lon="-44.952853">
        <ele>1094.02</ele>
      </trkpt>
      <trkpt lat="-22.388463" lon="-44.952834">
        <ele>1093.82</ele>
      </trkpt>
      <trkpt lat="-22.388486" lon="-44.952816">
        <ele>1093.63</ele>
      </trkpt>
      <trkpt lat="-22.388509" lon="-44.952798">
        <ele>1093.43</ele>
      </trkpt>
      <trkpt lat="-22.388536" lon="-44.95278">
        <ele>1093.23</ele>
      </trkpt>
      <trkpt lat="-22.388564" lon="-44.952763">
        <ele>1093.04</ele>
      </trkpt>
      <trkpt lat="-22.388595" lon="-44.952746">
        <ele>1092.76</ele>
      </trkpt>
      <trkpt lat="-22.388626" lon="-44.95273">
        <ele>1092.48</ele>
      </trkpt>
      <trkpt lat="-22.388658" lon="-44.952715">
        <ele>1092.2</ele>
      </trkpt>
      <trkpt lat="-22.38869" lon="-44.952701">
        <ele>1091.92</ele>
      </trkpt>
      <trkpt lat="-22.38872" lon="-44.952689">
        <ele>1091.88</ele>
      </trkpt>
      <trkpt lat="-22.388751" lon="-44.952676">
        <ele>1091.85</ele>
      </trkpt>
      <trkpt lat="-22.388778" lon="-44.952667">
        <ele>1091.81</ele>
      </trkpt>
      <trkpt lat="-22.388804" lon="-44.952658">
        <ele>1091.77</ele>
      </trkpt>
      <trkpt lat="-22.388829" lon="-44.952651">
        <ele>1091.73</ele>
      </trkpt>
      <trkpt lat="-22.388854" lon="-44.952644">
        <ele>1091.87</ele>
      </trkpt>
      <trkpt lat="-22.388876" lon="-44.952639">
        <ele>1092.01</ele>
      </trkpt>
      <trkpt lat="-22.388898" lon="-44.952634">
        <ele>1092.14</ele>
      </trkpt>
      <trkpt lat="-22.388919" lon="-44.952629">
        <ele>1092.28</ele>
      </trkpt>
      <trkpt lat="-22.388939" lon="-44.952625">
        <ele>1092.42</ele>
      </trkpt>
      <trkpt lat="-22.388958" lon="-44.95262">
        <ele>1092.55</ele>
      </trkpt>
      <trkpt lat="-22.388976" lon="-44.952616">
        <ele>1092.69</ele>
      </trkpt>
      <trkpt lat="-22.388992" lon="-44.952611">
        <ele>1092.9</ele>
      </trkpt>
      <trkpt lat="-22.389008" lon="-44.952606">
        <ele>1093.1</ele>
      </trkpt>
      <trkpt lat="-22.389023" lon="-44.952601">
        <ele>1093.31</ele>
      </trkpt>
      <trkpt lat="-22.389038" lon="-44.952596">
        <ele>1093.52</ele>
      </trkpt>
      <trkpt lat="-22.389052" lon="-44.95259">
        <ele>1093.73</ele>
      </trkpt>
      <trkpt lat="-22.389066" lon="-44.952584">
        <ele>1093.94</ele>
      </trkpt>
      <trkpt lat="-22.38908" lon="-44.952576">
        <ele>1094.14</ele>
      </trkpt>
      <trkpt lat="-22.389093" lon="-44.952568">
        <ele>1094.35</ele>
      </trkpt>
      <trkpt lat="-22.389107" lon="-44.952558">
        <ele>1094.56</ele>
      </trkpt>
      <trkpt lat="-22.38912" lon="-44.952548">
        <ele>1094.81</ele>
      </trkpt>
      <trkpt lat="-22.389134" lon="-44.952537">
        <ele>1095.06</ele>
      </trkpt>
      <trkpt lat="-22.389148" lon="-44.952525">
        <ele>1095.31</ele>
      </trkpt>
      <trkpt lat="-22.389161" lon="-44.952514">
        <ele>1095.56</ele>
      </trkpt>
      <trkpt lat="-22.389175" lon="-44.952503">
        <ele>1095.81</ele>
      </trkpt>
      <trkpt lat="-22.389188" lon="-44.952491">
        <ele>1096.06</ele>
      </trkpt>
      <trkpt lat="-22.389202" lon="-44.95248">
        <ele>1096.31</ele>
      </trkpt>
      <trkpt lat="-22.389216" lon="-44.952469">
        <ele>1096.56</ele>
      </trkpt>
      <trkpt lat="-22.389231" lon="-44.952459">
        <ele>1096.83</ele>
      </trkpt>
      <trkpt lat="-22.389248" lon="-44.952451">
        <ele>1097.1</ele>
      </trkpt>
      <trkpt lat="-22.389264" lon="-44.952442">
        <ele>1097.37</ele>
      </trkpt>
      <trkpt lat="-22.389283" lon="-44.952434">
        <ele>1097.64</ele>
      </trkpt>
      <trkpt lat="-22.389301" lon="-44.952425">
        <ele>1097.91</ele>
      </trkpt>
      <trkpt lat="-22.38932" lon="-44.952415">
        <ele>1098.18</ele>
      </trkpt>
      <trkpt lat="-22.389339" lon="-44.952405">
        <ele>1098.45</ele>
      </trkpt>
      <trkpt lat="-22.389357" lon="-44.952393">
        <ele>1098.73</ele>
      </trkpt>
      <trkpt lat="-22.389376" lon="-44.952381">
        <ele>1099.01</ele>
      </trkpt>
      <trkpt lat="-22.389395" lon="-44.952368">
        <ele>1099.29</ele>
      </trkpt>
      <trkpt lat="-22.389415" lon="-44.952355">
        <ele>1099.57</ele>
      </trkpt>
      <trkpt lat="-22.389434" lon="-44.952342">
        <ele>1099.85</ele>
      </trkpt>
      <trkpt lat="-22.389454" lon="-44.952329">
        <ele>1100.13</ele>
      </trkpt>
      <trkpt lat="-22.389473" lon="-44.952315">
        <ele>1100.41</ele>
      </trkpt>
      <trkpt lat="-22.389492" lon="-44.9523">
        <ele>1100.71</ele>
      </trkpt>
      <trkpt lat="-22.389509" lon="-44.952283">
        <ele>1101.02</ele>
      </trkpt>
      <trkpt lat="-22.389525" lon="-44.952266">
        <ele>1101.32</ele>
      </trkpt>
      <trkpt lat="-22.38954" lon="-44.952248">
        <ele>1101.63</ele>
      </trkpt>
      <trkpt lat="-22.389555" lon="-44.952231">
        <ele>1101.93</ele>
      </trkpt>
      <trkpt lat="-22.389569" lon="-44.952213">
        <ele>1102.24</ele>
      </trkpt>
      <trkpt lat="-22.389583" lon="-44.952196">
        <ele>1102.43</ele>
      </trkpt>
      <trkpt lat="-22.389598" lon="-44.952181">
        <ele>1102.62</ele>
      </trkpt>
      <trkpt lat="-22.389613" lon="-44.952165">
        <ele>1102.81</ele>
      </trkpt>
      <trkpt lat="-22.389627" lon="-44.95215">
        <ele>1103</ele>
      </trkpt>
      <trkpt lat="-22.389642" lon="-44.952136">
        <ele>1103.19</ele>
      </trkpt>
      <trkpt lat="-22.389653" lon="-44.95212">
        <ele>1103.37</ele>
      </trkpt>
      <trkpt lat="-22.389665" lon="-44.952104">
        <ele>1103.56</ele>
      </trkpt>
      <trkpt lat="-22.389674" lon="-44.952086">
        <ele>1103.81</ele>
      </trkpt>
      <trkpt lat="-22.389684" lon="-44.952069">
        <ele>1104.06</ele>
      </trkpt>
      <trkpt lat="-22.389694" lon="-44.95205">
        <ele>1104.3</ele>
      </trkpt>
      <trkpt lat="-22.389704" lon="-44.952031">
        <ele>1104.55</ele>
      </trkpt>
      <trkpt lat="-22.389716" lon="-44.952013">
        <ele>1104.79</ele>
      </trkpt>
      <trkpt lat="-22.389727" lon="-44.951995">
        <ele>1105.04</ele>
      </trkpt>
      <trkpt lat="-22.38974" lon="-44.951978">
        <ele>1105.29</ele>
      </trkpt>
      <trkpt lat="-22.389754" lon="-44.951962">
        <ele>1105.58</ele>
      </trkpt>
      <trkpt lat="-22.38977" lon="-44.951949">
        <ele>1105.88</ele>
      </trkpt>
      <trkpt lat="-22.389787" lon="-44.951937">
        <ele>1106.17</ele>
      </trkpt>
      <trkpt lat="-22.389807" lon="-44.95193">
        <ele>1106.47</ele>
      </trkpt>
      <trkpt lat="-22.389827" lon="-44.951924">
        <ele>1106.76</ele>
      </trkpt>
      <trkpt lat="-22.389849" lon="-44.951923">
        <ele>1107.06</ele>
      </trkpt>
      <trkpt lat="-22.389871" lon="-44.951921">
        <ele>1107.35</ele>
      </trkpt>
      <trkpt lat="-22.389894" lon="-44.951922">
        <ele>1107.62</ele>
      </trkpt>
      <trkpt lat="-22.389917" lon="-44.951923">
        <ele>1107.88</ele>
      </trkpt>
      <trkpt lat="-22.389939" lon="-44.951923">
        <ele>1108.15</ele>
      </trkpt>
      <trkpt lat="-22.389962" lon="-44.951923">
        <ele>1108.41</ele>
      </trkpt>
      <trkpt lat="-22.389985" lon="-44.951922">
        <ele>1108.68</ele>
      </trkpt>
      <trkpt lat="-22.390008" lon="-44.95192">
        <ele>1108.94</ele>
      </trkpt>
      <trkpt lat="-22.390031" lon="-44.951918">
        <ele>1109.19</ele>
      </trkpt>
      <trkpt lat="-22.390053" lon="-44.951915">
        <ele>1109.44</ele>
      </trkpt>
      <trkpt lat="-22.390075" lon="-44.951913">
        <ele>1109.69</ele>
      </trkpt>
      <trkpt lat="-22.390096" lon="-44.95191">
        <ele>1109.94</ele>
      </trkpt>
      <trkpt lat="-22.390117" lon="-44.951908">
        <ele>1110.19</ele>
      </trkpt>
      <trkpt lat="-22.390137" lon="-44.951905">
        <ele>1110.43</ele>
      </trkpt>
      <trkpt lat="-22.390157" lon="-44.951902">
        <ele>1110.68</ele>
      </trkpt>
      <trkpt lat="-22.390177" lon="-44.951899">
        <ele>1110.89</ele>
      </trkpt>
      <trkpt lat="-22.390195" lon="-44.951895">
        <ele>1111.1</ele>
      </trkpt>
      <trkpt lat="-22.390213" lon="-44.951891">
        <ele>1111.3</ele>
      </trkpt>
      <trkpt lat="-22.390227" lon="-44.951887">
        <ele>1111.51</ele>
      </trkpt>
      <trkpt lat="-22.390242" lon="-44.951883">
        <ele>1111.71</ele>
      </trkpt>
      <trkpt lat="-22.390254" lon="-44.951879">
        <ele>1111.92</ele>
      </trkpt>
      <trkpt lat="-22.390267" lon="-44.951875">
        <ele>1112.13</ele>
      </trkpt>
      <trkpt lat="-22.390278" lon="-44.951872">
        <ele>1112.33</ele>
      </trkpt>
      <trkpt lat="-22.39029" lon="-44.951869">
        <ele>1112.54</ele>
      </trkpt>
      <trkpt lat="-22.390301" lon="-44.951866">
        <ele>1112.75</ele>
      </trkpt>
      <trkpt lat="-22.390312" lon="-44.951864">
        <ele>1112.95</ele>
      </trkpt>
      <trkpt lat="-22.390323" lon="-44.951861">
        <ele>1113.16</ele>
      </trkpt>
      <trkpt lat="-22.390334" lon="-44.951858">
        <ele>1113.36</ele>
      </trkpt>
      <trkpt lat="-22.390344" lon="-44.951856">
        <ele>1113.57</ele>
      </trkpt>
      <trkpt lat="-22.390354" lon="-44.951854">
        <ele>1113.78</ele>
      </trkpt>
      <trkpt lat="-22.390365" lon="-44.951853">
        <ele>1113.98</ele>
      </trkpt>
      <trkpt lat="-22.390376" lon="-44.951851">
        <ele>1114.19</ele>
      </trkpt>
      <trkpt lat="-22.390386" lon="-44.951849">
        <ele>1114.4</ele>
      </trkpt>
      <trkpt lat="-22.390397" lon="-44.951848">
        <ele>1114.6</ele>
      </trkpt>
      <trkpt lat="-22.390407" lon="-44.951846">
        <ele>1114.81</ele>
      </trkpt>
      <trkpt lat="-22.390417" lon="-44.951843">
        <ele>1115.01</ele>
      </trkpt>
      <trkpt lat="-22.390427" lon="-44.95184">
        <ele>1115.22</ele>
      </trkpt>
      <trkpt lat="-22.390436" lon="-44.951836">
        <ele>1115.31</ele>
      </trkpt>
      <trkpt lat="-22.390445" lon="-44.951833">
        <ele>1115.41</ele>
      </trkpt>
      <trkpt lat="-22.390453" lon="-44.95183">
        <ele>1115.5</ele>
      </trkpt>
      <trkpt lat="-22.39046" lon="-44.951828">
        <ele>1115.59</ele>
      </trkpt>
      <trkpt lat="-22.390467" lon="-44.951826">
        <ele>1115.68</ele>
      </trkpt>
      <trkpt lat="-22.390471" lon="-44.951825">
        <ele>1115.78</ele>
      </trkpt>
      <trkpt lat="-22.390475" lon="-44.951825">
        <ele>1115.87</ele>
      </trkpt>
      <trkpt lat="-22.390481" lon="-44.951824">
        <ele>1115.96</ele>
      </trkpt>
      <trkpt lat="-22.390487" lon="-44.951823">
        <ele>1116.05</ele>
      </trkpt>
      <trkpt lat="-22.390492" lon="-44.951822">
        <ele>1116.15</ele>
      </trkpt>
      <trkpt lat="-22.390498" lon="-44.951821">
        <ele>1116.24</ele>
      </trkpt>
      <trkpt lat="-22.390504" lon="-44.95182">
        <ele>1116.33</ele>
      </trkpt>
      <trkpt lat="-22.390511" lon="-44.951818">
        <ele>1116.43</ele>
      </trkpt>
      <trkpt lat="-22.390518" lon="-44.951815">
        <ele>1116.52</ele>
      </trkpt>
      <trkpt lat="-22.390525" lon="-44.951813">
        <ele>1116.61</ele>
      </trkpt>
      <trkpt lat="-22.390525" lon="-44.951813">
        <ele>1116.7</ele>
      </trkpt>
      <trkpt lat="-22.390525" lon="-44.951813">
        <ele>1116.8</ele>
      </trkpt>
      <trkpt lat="-22.390525" lon="-44.951813">
        <ele>1116.89</ele>
      </trkpt>
      <trkpt lat="-22.390525" lon="-44.951813">
        <ele>1116.98</ele>
      </trkpt>
      <trkpt lat="-22.390525" lon="-44.951813">
        <ele>1117.07</ele>
      </trkpt>
      <trkpt lat="-22.390525" lon="-44.951813">
        <ele>1117.17</ele>
      </trkpt>
      <trkpt lat="-22.390525" lon="-44.951813">
        <ele>1117.26</ele>
      </trkpt>
      <trkpt lat="-22.390525" lon="-44.951813">
        <ele>1117.35</ele>
      </trkpt>
      <trkpt lat="-22.390525" lon="-44.951813">
        <ele>1117.44</ele>
      </trkpt>
      <trkpt lat="-22.390525" lon="-44.951813">
        <ele>1117.54</ele>
      </trkpt>
      <trkpt lat="-22.390525" lon="-44.951813">
        <ele>1117.63</ele>
      </trkpt>
      <trkpt lat="-22.390525" lon="-44.951813">
        <ele>1117.72</ele>
      </trkpt>
      <trkpt lat="-22.390525" lon="-44.951813">
        <ele>1117.82</ele>
      </trkpt>
      <trkpt lat="-22.390525" lon="-44.951813">
        <ele>1117.91</ele>
      </trkpt>
      <trkpt lat="-22.390525" lon="-44.951813">
        <ele>1118</ele>
      </trkpt>
      <trkpt lat="-22.390542" lon="-44.951809">
        <ele>1118.09</ele>
      </trkpt>
      <trkpt lat="-22.39055" lon="-44.951809">
        <ele>1118.19</ele>
      </trkpt>
      <trkpt lat="-22.390557" lon="-44.95181">
        <ele>1118.28</ele>
      </trkpt>
      <trkpt lat="-22.390563" lon="-44.951811">
        <ele>1118.37</ele>
      </trkpt>
      <trkpt lat="-22.39057" lon="-44.951812">
        <ele>1118.5</ele>
      </trkpt>
      <trkpt lat="-22.390578" lon="-44.951813">
        <ele>1118.64</ele>
      </trkpt>
      <trkpt lat="-22.390586" lon="-44.951814">
        <ele>1118.77</ele>
      </trkpt>
      <trkpt lat="-22.390595" lon="-44.951813">
        <ele>1118.9</ele>
      </trkpt>
      <trkpt lat="-22.390604" lon="-44.951812">
        <ele>1119.03</ele>
      </trkpt>
      <trkpt lat="-22.390613" lon="-44.951809">
        <ele>1119.16</ele>
      </trkpt>
      <trkpt lat="-22.390623" lon="-44.951807">
        <ele>1119.29</ele>
      </trkpt>
      <trkpt lat="-22.390633" lon="-44.951803">
        <ele>1119.43</ele>
      </trkpt>
      <trkpt lat="-22.390643" lon="-44.951798">
        <ele>1119.56</ele>
      </trkpt>
      <trkpt lat="-22.390653" lon="-44.951793">
        <ele>1119.69</ele>
      </trkpt>
      <trkpt lat="-22.390663" lon="-44.951788">
        <ele>1119.82</ele>
      </trkpt>
      <trkpt lat="-22.390673" lon="-44.951783">
        <ele>1119.95</ele>
      </trkpt>
      <trkpt lat="-22.390683" lon="-44.951778">
        <ele>1120.09</ele>
      </trkpt>
      <trkpt lat="-22.390693" lon="-44.951772">
        <ele>1120.22</ele>
      </trkpt>
      <trkpt lat="-22.390702" lon="-44.951767">
        <ele>1120.5</ele>
      </trkpt>
      <trkpt lat="-22.390711" lon="-44.951762">
        <ele>1120.78</ele>
      </trkpt>
      <trkpt lat="-22.39072" lon="-44.951756">
        <ele>1121.07</ele>
      </trkpt>
      <trkpt lat="-22.390729" lon="-44.95175">
        <ele>1121.35</ele>
      </trkpt>
      <trkpt lat="-22.390737" lon="-44.951744">
        <ele>1121.64</ele>
      </trkpt>
      <trkpt lat="-22.390744" lon="-44.951738">
        <ele>1121.92</ele>
      </trkpt>
      <trkpt lat="-22.390752" lon="-44.951732">
        <ele>1122.2</ele>
      </trkpt>
      <trkpt lat="-22.390758" lon="-44.951725">
        <ele>1122.49</ele>
      </trkpt>
      <trkpt lat="-22.390765" lon="-44.951719">
        <ele>1122.77</ele>
      </trkpt>
      <trkpt lat="-22.390771" lon="-44.951711">
        <ele>1123.05</ele>
      </trkpt>
      <trkpt lat="-22.390778" lon="-44.951703">
        <ele>1123.34</ele>
      </trkpt>
      <trkpt lat="-22.390784" lon="-44.951694">
        <ele>1123.62</ele>
      </trkpt>
      <trkpt lat="-22.390791" lon="-44.951685">
        <ele>1123.9</ele>
      </trkpt>
      <trkpt lat="-22.390798" lon="-44.951677">
        <ele>1124.19</ele>
      </trkpt>
      <trkpt lat="-22.390806" lon="-44.951669">
        <ele>1124.32</ele>
      </trkpt>
      <trkpt lat="-22.390814" lon="-44.951662">
        <ele>1124.46</ele>
      </trkpt>
      <trkpt lat="-22.390822" lon="-44.951654">
        <ele>1124.59</ele>
      </trkpt>
      <trkpt lat="-22.390829" lon="-44.951646">
        <ele>1124.73</ele>
      </trkpt>
      <trkpt lat="-22.390836" lon="-44.951638">
        <ele>1124.86</ele>
      </trkpt>
      <trkpt lat="-22.390844" lon="-44.95163">
        <ele>1125</ele>
      </trkpt>
      <trkpt lat="-22.390852" lon="-44.951622">
        <ele>1125.13</ele>
      </trkpt>
      <trkpt lat="-22.390859" lon="-44.951613">
        <ele>1125.27</ele>
      </trkpt>
      <trkpt lat="-22.390867" lon="-44.951604">
        <ele>1125.4</ele>
      </trkpt>
      <trkpt lat="-22.390875" lon="-44.951594">
        <ele>1125.54</ele>
      </trkpt>
      <trkpt lat="-22.390882" lon="-44.951583">
        <ele>1125.67</ele>
      </trkpt>
      <trkpt lat="-22.390889" lon="-44.951572">
        <ele>1125.81</ele>
      </trkpt>
      <trkpt lat="-22.390897" lon="-44.951561">
        <ele>1125.94</ele>
      </trkpt>
      <trkpt lat="-22.390904" lon="-44.95155">
        <ele>1126.13</ele>
      </trkpt>
      <trkpt lat="-22.390912" lon="-44.95154">
        <ele>1126.31</ele>
      </trkpt>
      <trkpt lat="-22.390921" lon="-44.951531">
        <ele>1126.5</ele>
      </trkpt>
      <trkpt lat="-22.390929" lon="-44.951522">
        <ele>1126.68</ele>
      </trkpt>
      <trkpt lat="-22.390939" lon="-44.951515">
        <ele>1126.87</ele>
      </trkpt>
      <trkpt lat="-22.390948" lon="-44.951507">
        <ele>1127.05</ele>
      </trkpt>
      <trkpt lat="-22.390958" lon="-44.951499">
        <ele>1127.23</ele>
      </trkpt>
      <trkpt lat="-22.390968" lon="-44.951491">
        <ele>1127.42</ele>
      </trkpt>
      <trkpt lat="-22.390978" lon="-44.951482">
        <ele>1127.6</ele>
      </trkpt>
      <trkpt lat="-22.390988" lon="-44.951474">
        <ele>1127.79</ele>
      </trkpt>
      <trkpt lat="-22.390998" lon="-44.951464">
        <ele>1127.97</ele>
      </trkpt>
      <trkpt lat="-22.391008" lon="-44.951455">
        <ele>1128.2</ele>
      </trkpt>
      <trkpt lat="-22.391017" lon="-44.951445">
        <ele>1128.43</ele>
      </trkpt>
      <trkpt lat="-22.391027" lon="-44.951436">
        <ele>1128.66</ele>
      </trkpt>
      <trkpt lat="-22.391037" lon="-44.951426">
        <ele>1128.89</ele>
      </trkpt>
      <trkpt lat="-22.391046" lon="-44.951416">
        <ele>1129.12</ele>
      </trkpt>
      <trkpt lat="-22.391055" lon="-44.951406">
        <ele>1129.35</ele>
      </trkpt>
      <trkpt lat="-22.391064" lon="-44.951397">
        <ele>1129.57</ele>
      </trkpt>
      <trkpt lat="-22.391074" lon="-44.951388">
        <ele>1129.8</ele>
      </trkpt>
      <trkpt lat="-22.391084" lon="-44.951379">
        <ele>1130.03</ele>
      </trkpt>
      <trkpt lat="-22.391095" lon="-44.95137">
        <ele>1130.26</ele>
      </trkpt>
      <trkpt lat="-22.391106" lon="-44.951361">
        <ele>1130.49</ele>
      </trkpt>
      <trkpt lat="-22.391116" lon="-44.951352">
        <ele>1130.71</ele>
      </trkpt>
      <trkpt lat="-22.391127" lon="-44.951343">
        <ele>1130.94</ele>
      </trkpt>
      <trkpt lat="-22.391139" lon="-44.951334">
        <ele>1131.16</ele>
      </trkpt>
      <trkpt lat="-22.39115" lon="-44.951325">
        <ele>1131.38</ele>
      </trkpt>
      <trkpt lat="-22.391164" lon="-44.951318">
        <ele>1131.61</ele>
      </trkpt>
      <trkpt lat="-22.391177" lon="-44.951311">
        <ele>1131.83</ele>
      </trkpt>
      <trkpt lat="-22.391193" lon="-44.951304">
        <ele>1132.05</ele>
      </trkpt>
      <trkpt lat="-22.391209" lon="-44.951298">
        <ele>1132.28</ele>
      </trkpt>
      <trkpt lat="-22.391228" lon="-44.951293">
        <ele>1132.5</ele>
      </trkpt>
      <trkpt lat="-22.391248" lon="-44.951289">
        <ele>1132.86</ele>
      </trkpt>
      <trkpt lat="-22.391269" lon="-44.951289">
        <ele>1133.21</ele>
      </trkpt>
      <trkpt lat="-22.391291" lon="-44.95129">
        <ele>1133.56</ele>
      </trkpt>
      <trkpt lat="-22.391314" lon="-44.951296">
        <ele>1133.92</ele>
      </trkpt>
      <trkpt lat="-22.391337" lon="-44.951302">
        <ele>1134.27</ele>
      </trkpt>
      <trkpt lat="-22.39136" lon="-44.951312">
        <ele>1134.63</ele>
      </trkpt>
      <trkpt lat="-22.391383" lon="-44.951323">
        <ele>1134.76</ele>
      </trkpt>
      <trkpt lat="-22.391405" lon="-44.951335">
        <ele>1134.9</ele>
      </trkpt>
      <trkpt lat="-22.391427" lon="-44.951347">
        <ele>1135.03</ele>
      </trkpt>
      <trkpt lat="-22.391449" lon="-44.95136">
        <ele>1135.17</ele>
      </trkpt>
      <trkpt lat="-22.391471" lon="-44.951373">
        <ele>1135.3</ele>
      </trkpt>
      <trkpt lat="-22.391493" lon="-44.951387">
        <ele>1135.44</ele>
      </trkpt>
      <trkpt lat="-22.391515" lon="-44.9514">
        <ele>1135.46</ele>
      </trkpt>
      <trkpt lat="-22.391536" lon="-44.951415">
        <ele>1135.47</ele>
      </trkpt>
      <trkpt lat="-22.391557" lon="-44.951429">
        <ele>1135.49</ele>
      </trkpt>
      <trkpt lat="-22.391577" lon="-44.951445">
        <ele>1135.51</ele>
      </trkpt>
      <trkpt lat="-22.391598" lon="-44.951461">
        <ele>1135.53</ele>
      </trkpt>
      <trkpt lat="-22.391619" lon="-44.951478">
        <ele>1135.55</ele>
      </trkpt>
      <trkpt lat="-22.391639" lon="-44.951494">
        <ele>1135.6</ele>
      </trkpt>
      <trkpt lat="-22.391661" lon="-44.95151">
        <ele>1135.65</ele>
      </trkpt>
      <trkpt lat="-22.391682" lon="-44.951525">
        <ele>1135.7</ele>
      </trkpt>
      <trkpt lat="-22.391704" lon="-44.95154">
        <ele>1135.74</ele>
      </trkpt>
      <trkpt lat="-22.391726" lon="-44.951555">
        <ele>1135.79</ele>
      </trkpt>
      <trkpt lat="-22.391747" lon="-44.951569">
        <ele>1135.84</ele>
      </trkpt>
      <trkpt lat="-22.391769" lon="-44.951584">
        <ele>1136.01</ele>
      </trkpt>
      <trkpt lat="-22.391791" lon="-44.951598">
        <ele>1136.18</ele>
      </trkpt>
      <trkpt lat="-22.391813" lon="-44.951612">
        <ele>1136.34</ele>
      </trkpt>
      <trkpt lat="-22.391835" lon="-44.951625">
        <ele>1136.51</ele>
      </trkpt>
      <trkpt lat="-22.391856" lon="-44.951638">
        <ele>1136.68</ele>
      </trkpt>
      <trkpt lat="-22.391877" lon="-44.95165">
        <ele>1136.84</ele>
      </trkpt>
      <trkpt lat="-22.391898" lon="-44.951662">
        <ele>1136.9</ele>
      </trkpt>
      <trkpt lat="-22.391917" lon="-44.951675">
        <ele>1136.96</ele>
      </trkpt>
      <trkpt lat="-22.391936" lon="-44.951687">
        <ele>1137.02</ele>
      </trkpt>
      <trkpt lat="-22.391954" lon="-44.9517">
        <ele>1137.08</ele>
      </trkpt>
      <trkpt lat="-22.391972" lon="-44.951714">
        <ele>1137.13</ele>
      </trkpt>
      <trkpt lat="-22.391989" lon="-44.951727">
        <ele>1137.19</ele>
      </trkpt>
      <trkpt lat="-22.392006" lon="-44.95174">
        <ele>1137.25</ele>
      </trkpt>
      <trkpt lat="-22.392022" lon="-44.951754">
        <ele>1137.37</ele>
      </trkpt>
      <trkpt lat="-22.392038" lon="-44.951769">
        <ele>1137.49</ele>
      </trkpt>
      <trkpt lat="-22.392054" lon="-44.951783">
        <ele>1137.62</ele>
      </trkpt>
      <trkpt lat="-22.39207" lon="-44.951797">
        <ele>1137.74</ele>
      </trkpt>
      <trkpt lat="-22.392085" lon="-44.951809">
        <ele>1137.86</ele>
      </trkpt>
      <trkpt lat="-22.392101" lon="-44.951822">
        <ele>1137.98</ele>
      </trkpt>
      <trkpt lat="-22.392118" lon="-44.951834">
        <ele>1138.11</ele>
      </trkpt>
      <trkpt lat="-22.392135" lon="-44.951845">
        <ele>1138.36</ele>
      </trkpt>
      <trkpt lat="-22.392153" lon="-44.951856">
        <ele>1138.61</ele>
      </trkpt>
      <trkpt lat="-22.392172" lon="-44.951866">
        <ele>1138.86</ele>
      </trkpt>
      <trkpt lat="-22.392191" lon="-44.951875">
        <ele>1139.11</ele>
      </trkpt>
      <trkpt lat="-22.39221" lon="-44.951885">
        <ele>1139.36</ele>
      </trkpt>
      <trkpt lat="-22.392229" lon="-44.951892">
        <ele>1139.61</ele>
      </trkpt>
      <trkpt lat="-22.392248" lon="-44.951899">
        <ele>1139.86</ele>
      </trkpt>
      <trkpt lat="-22.392267" lon="-44.951906">
        <ele>1140.07</ele>
      </trkpt>
      <trkpt lat="-22.392286" lon="-44.951912">
        <ele>1140.28</ele>
      </trkpt>
      <trkpt lat="-22.392306" lon="-44.951917">
        <ele>1140.49</ele>
      </trkpt>
      <trkpt lat="-22.392325" lon="-44.951922">
        <ele>1140.69</ele>
      </trkpt>
      <trkpt lat="-22.392344" lon="-44.951927">
        <ele>1140.9</ele>
      </trkpt>
      <trkpt lat="-22.392364" lon="-44.951931">
        <ele>1141.11</ele>
      </trkpt>
      <trkpt lat="-22.392382" lon="-44.951935">
        <ele>1141.31</ele>
      </trkpt>
      <trkpt lat="-22.392401" lon="-44.951939">
        <ele>1141.47</ele>
      </trkpt>
      <trkpt lat="-22.392419" lon="-44.951942">
        <ele>1141.63</ele>
      </trkpt>
      <trkpt lat="-22.392438" lon="-44.951945">
        <ele>1141.79</ele>
      </trkpt>
      <trkpt lat="-22.392456" lon="-44.951946">
        <ele>1141.95</ele>
      </trkpt>
      <trkpt lat="-22.392475" lon="-44.951948">
        <ele>1142.1</ele>
      </trkpt>
      <trkpt lat="-22.392493" lon="-44.951948">
        <ele>1142.26</ele>
      </trkpt>
      <trkpt lat="-22.392512" lon="-44.951949">
        <ele>1142.42</ele>
      </trkpt>
      <trkpt lat="-22.39253" lon="-44.95195">
        <ele>1142.58</ele>
      </trkpt>
      <trkpt lat="-22.392548" lon="-44.951951">
        <ele>1142.69</ele>
      </trkpt>
      <trkpt lat="-22.392565" lon="-44.951954">
        <ele>1142.8</ele>
      </trkpt>
      <trkpt lat="-22.392582" lon="-44.951957">
        <ele>1142.91</ele>
      </trkpt>
      <trkpt lat="-22.3926" lon="-44.95196">
        <ele>1143.02</ele>
      </trkpt>
      <trkpt lat="-22.392618" lon="-44.951964">
        <ele>1143.13</ele>
      </trkpt>
      <trkpt lat="-22.392634" lon="-44.951968">
        <ele>1143.24</ele>
      </trkpt>
      <trkpt lat="-22.39265" lon="-44.951972">
        <ele>1143.35</ele>
      </trkpt>
      <trkpt lat="-22.392664" lon="-44.951976">
        <ele>1143.47</ele>
      </trkpt>
      <trkpt lat="-22.392677" lon="-44.95198">
        <ele>1143.58</ele>
      </trkpt>
      <trkpt lat="-22.392688" lon="-44.951982">
        <ele>1143.7</ele>
      </trkpt>
      <trkpt lat="-22.392699" lon="-44.951985">
        <ele>1143.82</ele>
      </trkpt>
      <trkpt lat="-22.392709" lon="-44.951985">
        <ele>1143.94</ele>
      </trkpt>
      <trkpt lat="-22.392719" lon="-44.951986">
        <ele>1144.06</ele>
      </trkpt>
      <trkpt lat="-22.392728" lon="-44.951985">
        <ele>1144.18</ele>
      </trkpt>
      <trkpt lat="-22.392738" lon="-44.951983">
        <ele>1144.3</ele>
      </trkpt>
      <trkpt lat="-22.392748" lon="-44.951982">
        <ele>1144.41</ele>
      </trkpt>
      <trkpt lat="-22.392758" lon="-44.95198">
        <ele>1144.53</ele>
      </trkpt>
      <trkpt lat="-22.392768" lon="-44.951979">
        <ele>1144.65</ele>
      </trkpt>
      <trkpt lat="-22.392779" lon="-44.951978">
        <ele>1144.77</ele>
      </trkpt>
      <trkpt lat="-22.39279" lon="-44.951977">
        <ele>1144.89</ele>
      </trkpt>
      <trkpt lat="-22.392801" lon="-44.951977">
        <ele>1145.01</ele>
      </trkpt>
      <trkpt lat="-22.392813" lon="-44.951975">
        <ele>1145.18</ele>
      </trkpt>
      <trkpt lat="-22.392824" lon="-44.951973">
        <ele>1145.35</ele>
      </trkpt>
      <trkpt lat="-22.392836" lon="-44.95197">
        <ele>1145.52</ele>
      </trkpt>
      <trkpt lat="-22.392847" lon="-44.951968">
        <ele>1145.69</ele>
      </trkpt>
      <trkpt lat="-22.392859" lon="-44.951966">
        <ele>1145.86</ele>
      </trkpt>
      <trkpt lat="-22.39287" lon="-44.951965">
        <ele>1146.04</ele>
      </trkpt>
      <trkpt lat="-22.392883" lon="-44.951964">
        <ele>1146.21</ele>
      </trkpt>
      <trkpt lat="-22.392896" lon="-44.951964">
        <ele>1146.38</ele>
      </trkpt>
      <trkpt lat="-22.392909" lon="-44.951963">
        <ele>1146.55</ele>
      </trkpt>
      <trkpt lat="-22.392921" lon="-44.951962">
        <ele>1146.72</ele>
      </trkpt>
      <trkpt lat="-22.392933" lon="-44.95196">
        <ele>1146.89</ele>
      </trkpt>
      <trkpt lat="-22.392945" lon="-44.951958">
        <ele>1147.06</ele>
      </trkpt>
      <trkpt lat="-22.392957" lon="-44.951954">
        <ele>1147.19</ele>
      </trkpt>
      <trkpt lat="-22.392969" lon="-44.95195">
        <ele>1147.32</ele>
      </trkpt>
      <trkpt lat="-22.392981" lon="-44.951945">
        <ele>1147.45</ele>
      </trkpt>
      <trkpt lat="-22.392994" lon="-44.95194">
        <ele>1147.57</ele>
      </trkpt>
      <trkpt lat="-22.393006" lon="-44.951935">
        <ele>1147.7</ele>
      </trkpt>
      <trkpt lat="-22.393018" lon="-44.95193">
        <ele>1147.83</ele>
      </trkpt>
      <trkpt lat="-22.393031" lon="-44.951925">
        <ele>1147.96</ele>
      </trkpt>
      <trkpt lat="-22.393043" lon="-44.95192">
        <ele>1148.08</ele>
      </trkpt>
      <trkpt lat="-22.393055" lon="-44.951916">
        <ele>1148.21</ele>
      </trkpt>
      <trkpt lat="-22.393068" lon="-44.951912">
        <ele>1148.34</ele>
      </trkpt>
      <trkpt lat="-22.39308" lon="-44.951908">
        <ele>1148.46</ele>
      </trkpt>
      <trkpt lat="-22.393092" lon="-44.951904">
        <ele>1148.56</ele>
      </trkpt>
      <trkpt lat="-22.393103" lon="-44.951899">
        <ele>1148.66</ele>
      </trkpt>
      <trkpt lat="-22.393115" lon="-44.951894">
        <ele>1148.76</ele>
      </trkpt>
      <trkpt lat="-22.393126" lon="-44.951889">
        <ele>1148.86</ele>
      </trkpt>
      <trkpt lat="-22.393137" lon="-44.951884">
        <ele>1148.96</ele>
      </trkpt>
      <trkpt lat="-22.39315" lon="-44.95188">
        <ele>1149.06</ele>
      </trkpt>
      <trkpt lat="-22.393162" lon="-44.951875">
        <ele>1149.15</ele>
      </trkpt>
      <trkpt lat="-22.393175" lon="-44.951872">
        <ele>1149.25</ele>
      </trkpt>
      <trkpt lat="-22.393188" lon="-44.951868">
        <ele>1149.35</ele>
      </trkpt>
      <trkpt lat="-22.3932" lon="-44.951863">
        <ele>1149.45</ele>
      </trkpt>
      <trkpt lat="-22.393213" lon="-44.951859">
        <ele>1149.55</ele>
      </trkpt>
      <trkpt lat="-22.393225" lon="-44.951853">
        <ele>1149.57</ele>
      </trkpt>
      <trkpt lat="-22.393237" lon="-44.951848">
        <ele>1149.59</ele>
      </trkpt>
      <trkpt lat="-22.393248" lon="-44.951841">
        <ele>1149.61</ele>
      </trkpt>
      <trkpt lat="-22.39326" lon="-44.951834">
        <ele>1149.64</ele>
      </trkpt>
      <trkpt lat="-22.393271" lon="-44.951826">
        <ele>1149.66</ele>
      </trkpt>
      <trkpt lat="-22.393283" lon="-44.951817">
        <ele>1149.68</ele>
      </trkpt>
      <trkpt lat="-22.393293" lon="-44.951807">
        <ele>1149.7</ele>
      </trkpt>
      <trkpt lat="-22.393303" lon="-44.951797">
        <ele>1149.73</ele>
      </trkpt>
      <trkpt lat="-22.393313" lon="-44.951786">
        <ele>1149.75</ele>
      </trkpt>
      <trkpt lat="-22.393323" lon="-44.951776">
        <ele>1149.77</ele>
      </trkpt>
      <trkpt lat="-22.393333" lon="-44.951766">
        <ele>1149.78</ele>
      </trkpt>
      <trkpt lat="-22.393343" lon="-44.951756">
        <ele>1149.79</ele>
      </trkpt>
      <trkpt lat="-22.393354" lon="-44.951746">
        <ele>1149.8</ele>
      </trkpt>
      <trkpt lat="-22.393364" lon="-44.951736">
        <ele>1149.8</ele>
      </trkpt>
      <trkpt lat="-22.393375" lon="-44.951726">
        <ele>1149.81</ele>
      </trkpt>
      <trkpt lat="-22.393385" lon="-44.951715">
        <ele>1149.82</ele>
      </trkpt>
      <trkpt lat="-22.393396" lon="-44.951702">
        <ele>1149.83</ele>
      </trkpt>
      <trkpt lat="-22.393407" lon="-44.951688">
        <ele>1149.84</ele>
      </trkpt>
      <trkpt lat="-22.393418" lon="-44.951669">
        <ele>1149.85</ele>
      </trkpt>
      <trkpt lat="-22.393429" lon="-44.951649">
        <ele>1149.74</ele>
      </trkpt>
      <trkpt lat="-22.393441" lon="-44.951624">
        <ele>1149.64</ele>
      </trkpt>
      <trkpt lat="-22.393453" lon="-44.951598">
        <ele>1149.53</ele>
      </trkpt>
      <trkpt lat="-22.393464" lon="-44.951569">
        <ele>1149.43</ele>
      </trkpt>
      <trkpt lat="-22.393476" lon="-44.95154">
        <ele>1149.32</ele>
      </trkpt>
      <trkpt lat="-22.393487" lon="-44.951511">
        <ele>1149.22</ele>
      </trkpt>
      <trkpt lat="-22.393499" lon="-44.951481">
        <ele>1149.02</ele>
      </trkpt>
      <trkpt lat="-22.393511" lon="-44.951453">
        <ele>1148.81</ele>
      </trkpt>
      <trkpt lat="-22.393524" lon="-44.951424">
        <ele>1148.61</ele>
      </trkpt>
      <trkpt lat="-22.393538" lon="-44.951399">
        <ele>1148.41</ele>
      </trkpt>
      <trkpt lat="-22.393553" lon="-44.951373">
        <ele>1148.21</ele>
      </trkpt>
      <trkpt lat="-22.393568" lon="-44.951349">
        <ele>1148.11</ele>
      </trkpt>
      <trkpt lat="-22.393583" lon="-44.951325">
        <ele>1148.01</ele>
      </trkpt>
      <trkpt lat="-22.393598" lon="-44.951302">
        <ele>1147.92</ele>
      </trkpt>
      <trkpt lat="-22.393614" lon="-44.951279">
        <ele>1147.82</ele>
      </trkpt>
      <trkpt lat="-22.393629" lon="-44.951256">
        <ele>1147.72</ele>
      </trkpt>
      <trkpt lat="-22.393644" lon="-44.951233">
        <ele>1147.62</ele>
      </trkpt>
      <trkpt lat="-22.393658" lon="-44.951209">
        <ele>1147.65</ele>
      </trkpt>
      <trkpt lat="-22.393672" lon="-44.951185">
        <ele>1147.67</ele>
      </trkpt>
      <trkpt lat="-22.393685" lon="-44.951161">
        <ele>1147.69</ele>
      </trkpt>
      <trkpt lat="-22.393698" lon="-44.951138">
        <ele>1147.71</ele>
      </trkpt>
      <trkpt lat="-22.39371" lon="-44.951114">
        <ele>1147.74</ele>
      </trkpt>
      <trkpt lat="-22.393723" lon="-44.951089">
        <ele>1147.76</ele>
      </trkpt>
      <trkpt lat="-22.393735" lon="-44.951065">
        <ele>1147.74</ele>
      </trkpt>
      <trkpt lat="-22.393747" lon="-44.951041">
        <ele>1147.73</ele>
      </trkpt>
      <trkpt lat="-22.39376" lon="-44.951017">
        <ele>1147.71</ele>
      </trkpt>
      <trkpt lat="-22.393772" lon="-44.950992">
        <ele>1147.69</ele>
      </trkpt>
      <trkpt lat="-22.393783" lon="-44.950969">
        <ele>1147.68</ele>
      </trkpt>
      <trkpt lat="-22.393794" lon="-44.950946">
        <ele>1147.66</ele>
      </trkpt>
      <trkpt lat="-22.393804" lon="-44.950923">
        <ele>1147.7</ele>
      </trkpt>
      <trkpt lat="-22.393814" lon="-44.9509">
        <ele>1147.73</ele>
      </trkpt>
      <trkpt lat="-22.393823" lon="-44.950877">
        <ele>1147.77</ele>
      </trkpt>
      <trkpt lat="-22.393833" lon="-44.950854">
        <ele>1147.8</ele>
      </trkpt>
      <trkpt lat="-22.393841" lon="-44.950829">
        <ele>1147.84</ele>
      </trkpt>
      <trkpt lat="-22.39385" lon="-44.950805">
        <ele>1147.87</ele>
      </trkpt>
      <trkpt lat="-22.393858" lon="-44.95078">
        <ele>1147.93</ele>
      </trkpt>
      <trkpt lat="-22.393866" lon="-44.950756">
        <ele>1147.98</ele>
      </trkpt>
      <trkpt lat="-22.393874" lon="-44.95073">
        <ele>1148.04</ele>
      </trkpt>
      <trkpt lat="-22.393881" lon="-44.950704">
        <ele>1148.1</ele>
      </trkpt>
      <trkpt lat="-22.393889" lon="-44.950679">
        <ele>1148.15</ele>
      </trkpt>
      <trkpt lat="-22.393897" lon="-44.950653">
        <ele>1148.21</ele>
      </trkpt>
      <trkpt lat="-22.393905" lon="-44.950629">
        <ele>1148.3</ele>
      </trkpt>
      <trkpt lat="-22.393914" lon="-44.950604">
        <ele>1148.39</ele>
      </trkpt>
      <trkpt lat="-22.393923" lon="-44.95058">
        <ele>1148.48</ele>
      </trkpt>
      <trkpt lat="-22.393932" lon="-44.950556">
        <ele>1148.57</ele>
      </trkpt>
      <trkpt lat="-22.393942" lon="-44.95053">
        <ele>1148.65</ele>
      </trkpt>
      <trkpt lat="-22.393952" lon="-44.950505">
        <ele>1148.74</ele>
      </trkpt>
      <trkpt lat="-22.393962" lon="-44.950478">
        <ele>1148.95</ele>
      </trkpt>
      <trkpt lat="-22.393973" lon="-44.950452">
        <ele>1149.16</ele>
      </trkpt>
      <trkpt lat="-22.393984" lon="-44.950425">
        <ele>1149.37</ele>
      </trkpt>
      <trkpt lat="-22.393996" lon="-44.950399">
        <ele>1149.58</ele>
      </trkpt>
      <trkpt lat="-22.394009" lon="-44.950371">
        <ele>1149.79</ele>
      </trkpt>
      <trkpt lat="-22.394023" lon="-44.950343">
        <ele>1149.81</ele>
      </trkpt>
      <trkpt lat="-22.394039" lon="-44.950313">
        <ele>1149.82</ele>
      </trkpt>
      <trkpt lat="-22.394056" lon="-44.950283">
        <ele>1149.84</ele>
      </trkpt>
      <trkpt lat="-22.394077" lon="-44.950254">
        <ele>1149.86</ele>
      </trkpt>
      <trkpt lat="-22.394099" lon="-44.950225">
        <ele>1149.87</ele>
      </trkpt>
      <trkpt lat="-22.394126" lon="-44.9502">
        <ele>1149.12</ele>
      </trkpt>
      <trkpt lat="-22.394154" lon="-44.950175">
        <ele>1148.36</ele>
      </trkpt>
      <trkpt lat="-22.394185" lon="-44.950156">
        <ele>1147.6</ele>
      </trkpt>
      <trkpt lat="-22.394217" lon="-44.950137">
        <ele>1146.84</ele>
      </trkpt>
      <trkpt lat="-22.39425" lon="-44.950122">
        <ele>1145.91</ele>
      </trkpt>
      <trkpt lat="-22.394284" lon="-44.950107">
        <ele>1144.99</ele>
      </trkpt>
      <trkpt lat="-22.394319" lon="-44.950094">
        <ele>1144.06</ele>
      </trkpt>
      <trkpt lat="-22.394354" lon="-44.950081">
        <ele>1143.14</ele>
      </trkpt>
      <trkpt lat="-22.39439" lon="-44.950069">
        <ele>1142.14</ele>
      </trkpt>
      <trkpt lat="-22.394426" lon="-44.950057">
        <ele>1141.14</ele>
      </trkpt>
      <trkpt lat="-22.394462" lon="-44.950045">
        <ele>1140.13</ele>
      </trkpt>
      <trkpt lat="-22.394498" lon="-44.950033">
        <ele>1139.13</ele>
      </trkpt>
      <trkpt lat="-22.394535" lon="-44.950021">
        <ele>1138.41</ele>
      </trkpt>
      <trkpt lat="-22.394571" lon="-44.95001">
        <ele>1137.69</ele>
      </trkpt>
      <trkpt lat="-22.394609" lon="-44.950001">
        <ele>1136.97</ele>
      </trkpt>
      <trkpt lat="-22.394646" lon="-44.949992">
        <ele>1136.24</ele>
      </trkpt>
      <trkpt lat="-22.394685" lon="-44.949984">
        <ele>1135.74</ele>
      </trkpt>
      <trkpt lat="-22.394724" lon="-44.949977">
        <ele>1135.25</ele>
      </trkpt>
      <trkpt lat="-22.394765" lon="-44.949969">
        <ele>1134.75</ele>
      </trkpt>
      <trkpt lat="-22.394805" lon="-44.949962">
        <ele>1134.25</ele>
      </trkpt>
      <trkpt lat="-22.394843" lon="-44.949954">
        <ele>1134.01</ele>
      </trkpt>
      <trkpt lat="-22.394881" lon="-44.949946">
        <ele>1133.77</ele>
      </trkpt>
      <trkpt lat="-22.394914" lon="-44.949935">
        <ele>1133.53</ele>
      </trkpt>
      <trkpt lat="-22.394947" lon="-44.949925">
        <ele>1133.3</ele>
      </trkpt>
      <trkpt lat="-22.394974" lon="-44.949913">
        <ele>1133.3</ele>
      </trkpt>
      <trkpt lat="-22.395001" lon="-44.949902">
        <ele>1133.31</ele>
      </trkpt>
      <trkpt lat="-22.395024" lon="-44.949891">
        <ele>1133.31</ele>
      </trkpt>
      <trkpt lat="-22.395047" lon="-44.94988">
        <ele>1133.32</ele>
      </trkpt>
      <trkpt lat="-22.395066" lon="-44.949871">
        <ele>1133.32</ele>
      </trkpt>
      <trkpt lat="-22.395084" lon="-44.949862">
        <ele>1133.33</ele>
      </trkpt>
      <trkpt lat="-22.395101" lon="-44.949854">
        <ele>1133.4</ele>
      </trkpt>
      <trkpt lat="-22.395118" lon="-44.949846">
        <ele>1133.48</ele>
      </trkpt>
      <trkpt lat="-22.395134" lon="-44.949837">
        <ele>1133.55</ele>
      </trkpt>
      <trkpt lat="-22.395151" lon="-44.949829">
        <ele>1133.63</ele>
      </trkpt>
      <trkpt lat="-22.395169" lon="-44.94982">
        <ele>1133.71</ele>
      </trkpt>
      <trkpt lat="-22.395188" lon="-44.949812">
        <ele>1133.78</ele>
      </trkpt>
      <trkpt lat="-22.395209" lon="-44.949803">
        <ele>1133.86</ele>
      </trkpt>
      <trkpt lat="-22.39523" lon="-44.949794">
        <ele>1133.92</ele>
      </trkpt>
      <trkpt lat="-22.395253" lon="-44.949785">
        <ele>1133.98</ele>
      </trkpt>
      <trkpt lat="-22.395276" lon="-44.949777">
        <ele>1134.04</ele>
      </trkpt>
      <trkpt lat="-22.3953" lon="-44.949767">
        <ele>1134.1</ele>
      </trkpt>
      <trkpt lat="-22.395324" lon="-44.949757">
        <ele>1134.17</ele>
      </trkpt>
      <trkpt lat="-22.395348" lon="-44.949746">
        <ele>1134.23</ele>
      </trkpt>
      <trkpt lat="-22.395372" lon="-44.949735">
        <ele>1134.07</ele>
      </trkpt>
      <trkpt lat="-22.395396" lon="-44.949722">
        <ele>1133.92</ele>
      </trkpt>
      <trkpt lat="-22.39542" lon="-44.94971">
        <ele>1133.77</ele>
      </trkpt>
      <trkpt lat="-22.395444" lon="-44.949697">
        <ele>1133.61</ele>
      </trkpt>
      <trkpt lat="-22.395468" lon="-44.949684">
        <ele>1133.46</ele>
      </trkpt>
      <trkpt lat="-22.395492" lon="-44.949672">
        <ele>1133.3</ele>
      </trkpt>
      <trkpt lat="-22.395516" lon="-44.949659">
        <ele>1133.13</ele>
      </trkpt>
      <trkpt lat="-22.39554" lon="-44.949646">
        <ele>1132.97</ele>
      </trkpt>
      <trkpt lat="-22.395563" lon="-44.949633">
        <ele>1132.8</ele>
      </trkpt>
      <trkpt lat="-22.395586" lon="-44.949618">
        <ele>1132.63</ele>
      </trkpt>
      <trkpt lat="-22.395608" lon="-44.949603">
        <ele>1132.46</ele>
      </trkpt>
      <trkpt lat="-22.39563" lon="-44.949586">
        <ele>1132.3</ele>
      </trkpt>
      <trkpt lat="-22.395652" lon="-44.94957">
        <ele>1132.2</ele>
      </trkpt>
      <trkpt lat="-22.395672" lon="-44.949551">
        <ele>1132.1</ele>
      </trkpt>
      <trkpt lat="-22.395692" lon="-44.949532">
        <ele>1132</ele>
      </trkpt>
      <trkpt lat="-22.395713" lon="-44.949512">
        <ele>1131.9</ele>
      </trkpt>
      <trkpt lat="-22.395734" lon="-44.949493">
        <ele>1131.8</ele>
      </trkpt>
      <trkpt lat="-22.395756" lon="-44.949472">
        <ele>1131.78</ele>
      </trkpt>
      <trkpt lat="-22.395777" lon="-44.949452">
        <ele>1131.76</ele>
      </trkpt>
      <trkpt lat="-22.395798" lon="-44.949431">
        <ele>1131.74</ele>
      </trkpt>
      <trkpt lat="-22.395819" lon="-44.94941">
        <ele>1131.72</ele>
      </trkpt>
      <trkpt lat="-22.39584" lon="-44.949389">
        <ele>1131.7</ele>
      </trkpt>
      <trkpt lat="-22.395861" lon="-44.949369">
        <ele>1131.4</ele>
      </trkpt>
      <trkpt lat="-22.395883" lon="-44.949349">
        <ele>1131.1</ele>
      </trkpt>
      <trkpt lat="-22.395904" lon="-44.94933">
        <ele>1130.79</ele>
      </trkpt>
      <trkpt lat="-22.395926" lon="-44.94931">
        <ele>1130.49</ele>
      </trkpt>
      <trkpt lat="-22.395948" lon="-44.94929">
        <ele>1130.19</ele>
      </trkpt>
      <trkpt lat="-22.395971" lon="-44.949268">
        <ele>1129.84</ele>
      </trkpt>
      <trkpt lat="-22.395994" lon="-44.949246">
        <ele>1129.49</ele>
      </trkpt>
      <trkpt lat="-22.396019" lon="-44.949222">
        <ele>1129.14</ele>
      </trkpt>
      <trkpt lat="-22.396043" lon="-44.949199">
        <ele>1128.79</ele>
      </trkpt>
      <trkpt lat="-22.396068" lon="-44.949176">
        <ele>1128.44</ele>
      </trkpt>
      <trkpt lat="-22.396093" lon="-44.949153">
        <ele>1128.14</ele>
      </trkpt>
      <trkpt lat="-22.396116" lon="-44.949132">
        <ele>1127.84</ele>
      </trkpt>
      <trkpt lat="-22.39614" lon="-44.949111">
        <ele>1127.55</ele>
      </trkpt>
      <trkpt lat="-22.396162" lon="-44.949091">
        <ele>1127.25</ele>
      </trkpt>
      <trkpt lat="-22.396185" lon="-44.94907">
        <ele>1126.95</ele>
      </trkpt>
      <trkpt lat="-22.396206" lon="-44.949049">
        <ele>1126.54</ele>
      </trkpt>
      <trkpt lat="-22.396228" lon="-44.949028">
        <ele>1126.13</ele>
      </trkpt>
      <trkpt lat="-22.396248" lon="-44.949006">
        <ele>1125.72</ele>
      </trkpt>
      <trkpt lat="-22.396268" lon="-44.948984">
        <ele>1125.31</ele>
      </trkpt>
      <trkpt lat="-22.396288" lon="-44.948963">
        <ele>1124.9</ele>
      </trkpt>
      <trkpt lat="-22.396308" lon="-44.948942">
        <ele>1124.57</ele>
      </trkpt>
      <trkpt lat="-22.396329" lon="-44.948922">
        <ele>1124.24</ele>
      </trkpt>
      <trkpt lat="-22.39635" lon="-44.948903">
        <ele>1123.91</ele>
      </trkpt>
      <trkpt lat="-22.39637" lon="-44.948884">
        <ele>1123.58</ele>
      </trkpt>
      <trkpt lat="-22.39639" lon="-44.948865">
        <ele>1123.25</ele>
      </trkpt>
      <trkpt lat="-22.396409" lon="-44.948847">
        <ele>1123</ele>
      </trkpt>
      <trkpt lat="-22.396428" lon="-44.948829">
        <ele>1122.75</ele>
      </trkpt>
      <trkpt lat="-22.396445" lon="-44.948813">
        <ele>1122.49</ele>
      </trkpt>
      <trkpt lat="-22.396462" lon="-44.948796">
        <ele>1122.24</ele>
      </trkpt>
      <trkpt lat="-22.396477" lon="-44.948776">
        <ele>1121.98</ele>
      </trkpt>
      <trkpt lat="-22.396491" lon="-44.948757">
        <ele>1121.73</ele>
      </trkpt>
      <trkpt lat="-22.396503" lon="-44.948733">
        <ele>1121.92</ele>
      </trkpt>
      <trkpt lat="-22.396515" lon="-44.948709">
        <ele>1122.11</ele>
      </trkpt>
      <trkpt lat="-22.39652" lon="-44.948681">
        <ele>1122.3</ele>
      </trkpt>
      <trkpt lat="-22.396526" lon="-44.948652">
        <ele>1122.49</ele>
      </trkpt>
      <trkpt lat="-22.396524" lon="-44.948622">
        <ele>1122.68</ele>
      </trkpt>
      <trkpt lat="-22.396522" lon="-44.948592">
        <ele>1122.87</ele>
      </trkpt>
      <trkpt lat="-22.396515" lon="-44.948563">
        <ele>1123.39</ele>
      </trkpt>
      <trkpt lat="-22.396508" lon="-44.948535">
        <ele>1123.9</ele>
      </trkpt>
      <trkpt lat="-22.396497" lon="-44.948507">
        <ele>1124.42</ele>
      </trkpt>
      <trkpt lat="-22.396486" lon="-44.94848">
        <ele>1124.94</ele>
      </trkpt>
      <trkpt lat="-22.396472" lon="-44.948451">
        <ele>1125.46</ele>
      </trkpt>
      <trkpt lat="-22.396457" lon="-44.948423">
        <ele>1125.99</ele>
      </trkpt>
      <trkpt lat="-22.396442" lon="-44.948393">
        <ele>1126.52</ele>
      </trkpt>
      <trkpt lat="-22.396427" lon="-44.948362">
        <ele>1127.05</ele>
      </trkpt>
      <trkpt lat="-22.396413" lon="-44.948332">
        <ele>1127.58</ele>
      </trkpt>
      <trkpt lat="-22.396399" lon="-44.948301">
        <ele>1128.11</ele>
      </trkpt>
      <trkpt lat="-22.396388" lon="-44.948271">
        <ele>1128.5</ele>
      </trkpt>
      <trkpt lat="-22.396377" lon="-44.948242">
        <ele>1128.89</ele>
      </trkpt>
      <trkpt lat="-22.396366" lon="-44.948213">
        <ele>1129.28</ele>
      </trkpt>
      <trkpt lat="-22.396355" lon="-44.948184">
        <ele>1129.67</ele>
      </trkpt>
      <trkpt lat="-22.396341" lon="-44.948156">
        <ele>1130.06</ele>
      </trkpt>
      <trkpt lat="-22.396327" lon="-44.948129">
        <ele>1130.27</ele>
      </trkpt>
      <trkpt lat="-22.396308" lon="-44.948105">
        <ele>1130.49</ele>
      </trkpt>
      <trkpt lat="-22.39629" lon="-44.948082">
        <ele>1130.7</ele>
      </trkpt>
      <trkpt lat="-22.396265" lon="-44.948064">
        <ele>1130.91</ele>
      </trkpt>
      <trkpt lat="-22.396241" lon="-44.948047">
        <ele>1131.13</ele>
      </trkpt>
      <trkpt lat="-22.396211" lon="-44.948036">
        <ele>1130.96</ele>
      </trkpt>
      <trkpt lat="-22.396181" lon="-44.948025">
        <ele>1130.79</ele>
      </trkpt>
      <trkpt lat="-22.396147" lon="-44.948015">
        <ele>1130.62</ele>
      </trkpt>
      <trkpt lat="-22.396113" lon="-44.948005">
        <ele>1130.45</ele>
      </trkpt>
      <trkpt lat="-22.396077" lon="-44.947994">
        <ele>1130.28</ele>
      </trkpt>
      <trkpt lat="-22.396042" lon="-44.947982">
        <ele>1129.87</ele>
      </trkpt>
      <trkpt lat="-22.396006" lon="-44.94797">
        <ele>1129.46</ele>
      </trkpt>
      <trkpt lat="-22.39597" lon="-44.947958">
        <ele>1129.05</ele>
      </trkpt>
      <trkpt lat="-22.395935" lon="-44.947944">
        <ele>1128.64</ele>
      </trkpt>
      <trkpt lat="-22.3959" lon="-44.94793">
        <ele>1128.22</ele>
      </trkpt>
      <trkpt lat="-22.395867" lon="-44.947914">
        <ele>1127.81</ele>
      </trkpt>
      <trkpt lat="-22.395835" lon="-44.947899">
        <ele>1127.39</ele>
      </trkpt>
      <trkpt lat="-22.395802" lon="-44.947886">
        <ele>1126.97</ele>
      </trkpt>
      <trkpt lat="-22.39577" lon="-44.947872">
        <ele>1126.51</ele>
      </trkpt>
      <trkpt lat="-22.395736" lon="-44.947861">
        <ele>1126.05</ele>
      </trkpt>
      <trkpt lat="-22.395702" lon="-44.947851">
        <ele>1125.59</ele>
      </trkpt>
      <trkpt lat="-22.395666" lon="-44.947843">
        <ele>1125.13</ele>
      </trkpt>
      <trkpt lat="-22.395631" lon="-44.947835">
        <ele>1124.6</ele>
      </trkpt>
      <trkpt lat="-22.395594" lon="-44.947828">
        <ele>1124.06</ele>
      </trkpt>
      <trkpt lat="-22.395558" lon="-44.947821">
        <ele>1123.53</ele>
      </trkpt>
      <trkpt lat="-22.395522" lon="-44.947814">
        <ele>1123</ele>
      </trkpt>
      <trkpt lat="-22.395486" lon="-44.947807">
        <ele>1122.46</ele>
      </trkpt>
      <trkpt lat="-22.395451" lon="-44.947798">
        <ele>1121.91</ele>
      </trkpt>
      <trkpt lat="-22.395416" lon="-44.947789">
        <ele>1121.37</ele>
      </trkpt>
      <trkpt lat="-22.395381" lon="-44.947779">
        <ele>1120.82</ele>
      </trkpt>
      <trkpt lat="-22.395346" lon="-44.94777">
        <ele>1120.27</ele>
      </trkpt>
      <trkpt lat="-22.39531" lon="-44.947763">
        <ele>1119.72</ele>
      </trkpt>
      <trkpt lat="-22.395274" lon="-44.947755">
        <ele>1119.17</ele>
      </trkpt>
      <trkpt lat="-22.395239" lon="-44.947748">
        <ele>1118.61</ele>
      </trkpt>
      <trkpt lat="-22.395204" lon="-44.94774">
        <ele>1118.06</ele>
      </trkpt>
      <trkpt lat="-22.395168" lon="-44.947733">
        <ele>1117.51</ele>
      </trkpt>
      <trkpt lat="-22.395132" lon="-44.947726">
        <ele>1116.96</ele>
      </trkpt>
      <trkpt lat="-22.395095" lon="-44.947718">
        <ele>1116.4</ele>
      </trkpt>
      <trkpt lat="-22.395059" lon="-44.94771">
        <ele>1115.89</ele>
      </trkpt>
      <trkpt lat="-22.395023" lon="-44.947701">
        <ele>1115.38</ele>
      </trkpt>
      <trkpt lat="-22.394987" lon="-44.947692">
        <ele>1114.86</ele>
      </trkpt>
      <trkpt lat="-22.394951" lon="-44.947683">
        <ele>1114.35</ele>
      </trkpt>
      <trkpt lat="-22.394915" lon="-44.947674">
        <ele>1113.81</ele>
      </trkpt>
      <trkpt lat="-22.39488" lon="-44.947666">
        <ele>1113.26</ele>
      </trkpt>
      <trkpt lat="-22.394846" lon="-44.947658">
        <ele>1112.72</ele>
      </trkpt>
      <trkpt lat="-22.394813" lon="-44.947649">
        <ele>1112.18</ele>
      </trkpt>
      <trkpt lat="-22.39478" lon="-44.94764">
        <ele>1111.6</ele>
      </trkpt>
      <trkpt lat="-22.394749" lon="-44.947631">
        <ele>1111.02</ele>
      </trkpt>
      <trkpt lat="-22.394718" lon="-44.947621">
        <ele>1110.44</ele>
      </trkpt>
      <trkpt lat="-22.394685" lon="-44.947611">
        <ele>1109.86</ele>
      </trkpt>
      <trkpt lat="-22.394653" lon="-44.947602">
        <ele>1109.28</ele>
      </trkpt>
      <trkpt lat="-22.39462" lon="-44.947593">
        <ele>1108.53</ele>
      </trkpt>
      <trkpt lat="-22.394586" lon="-44.947583">
        <ele>1107.79</ele>
      </trkpt>
      <trkpt lat="-22.394552" lon="-44.947572">
        <ele>1107.05</ele>
      </trkpt>
      <trkpt lat="-22.394519" lon="-44.947561">
        <ele>1106.31</ele>
      </trkpt>
      <trkpt lat="-22.394486" lon="-44.947548">
        <ele>1105.38</ele>
      </trkpt>
      <trkpt lat="-22.394454" lon="-44.947536">
        <ele>1104.45</ele>
      </trkpt>
      <trkpt lat="-22.394424" lon="-44.947522">
        <ele>1103.52</ele>
      </trkpt>
      <trkpt lat="-22.394394" lon="-44.947508">
        <ele>1102.6</ele>
      </trkpt>
      <trkpt lat="-22.394368" lon="-44.94749">
        <ele>1101.67</ele>
      </trkpt>
      <trkpt lat="-22.394341" lon="-44.947471">
        <ele>1100.74</ele>
      </trkpt>
      <trkpt lat="-22.394319" lon="-44.947447">
        <ele>1099.8</ele>
      </trkpt>
      <trkpt lat="-22.394297" lon="-44.947422">
        <ele>1098.87</ele>
      </trkpt>
      <trkpt lat="-22.394278" lon="-44.947392">
        <ele>1097.94</ele>
      </trkpt>
      <trkpt lat="-22.394259" lon="-44.947361">
        <ele>1097</ele>
      </trkpt>
      <trkpt lat="-22.394239" lon="-44.947331">
        <ele>1096.02</ele>
      </trkpt>
      <trkpt lat="-22.39422" lon="-44.947301">
        <ele>1095.03</ele>
      </trkpt>
      <trkpt lat="-22.394197" lon="-44.947275">
        <ele>1094.04</ele>
      </trkpt>
      <trkpt lat="-22.394174" lon="-44.94725">
        <ele>1093.06</ele>
      </trkpt>
      <trkpt lat="-22.394146" lon="-44.947229">
        <ele>1092.07</ele>
      </trkpt>
      <trkpt lat="-22.394119" lon="-44.947208">
        <ele>1090.62</ele>
      </trkpt>
      <trkpt lat="-22.39409" lon="-44.947189">
        <ele>1089.17</ele>
      </trkpt>
      <trkpt lat="-22.394061" lon="-44.94717">
        <ele>1087.72</ele>
      </trkpt>
      <trkpt lat="-22.394032" lon="-44.947151">
        <ele>1086.27</ele>
      </trkpt>
      <trkpt lat="-22.394004" lon="-44.947132">
        <ele>1084.86</ele>
      </trkpt>
      <trkpt lat="-22.393975" lon="-44.947112">
        <ele>1083.44</ele>
      </trkpt>
      <trkpt lat="-22.393945" lon="-44.947093">
        <ele>1082.02</ele>
      </trkpt>
      <trkpt lat="-22.393912" lon="-44.947074">
        <ele>1080.61</ele>
      </trkpt>
      <trkpt lat="-22.393879" lon="-44.947056">
        <ele>1079.28</ele>
      </trkpt>
      <trkpt lat="-22.393846" lon="-44.947037">
        <ele>1077.95</ele>
      </trkpt>
      <trkpt lat="-22.393813" lon="-44.947019">
        <ele>1076.63</ele>
      </trkpt>
      <trkpt lat="-22.393782" lon="-44.947002">
        <ele>1075.3</ele>
      </trkpt>
      <trkpt lat="-22.39375" lon="-44.946985">
        <ele>1074.46</ele>
      </trkpt>
      <trkpt lat="-22.393721" lon="-44.946968">
        <ele>1073.61</ele>
      </trkpt>
      <trkpt lat="-22.393692" lon="-44.946951">
        <ele>1072.77</ele>
      </trkpt>
      <trkpt lat="-22.393664" lon="-44.946931">
        <ele>1071.92</ele>
      </trkpt>
      <trkpt lat="-22.393636" lon="-44.946912">
        <ele>1071.17</ele>
      </trkpt>
      <trkpt lat="-22.393606" lon="-44.946894">
        <ele>1070.42</ele>
      </trkpt>
      <trkpt lat="-22.393576" lon="-44.946876">
        <ele>1069.67</ele>
      </trkpt>
      <trkpt lat="-22.393544" lon="-44.946863">
        <ele>1068.92</ele>
      </trkpt>
      <trkpt lat="-22.393511" lon="-44.946851">
        <ele>1068.2</ele>
      </trkpt>
      <trkpt lat="-22.393477" lon="-44.946842">
        <ele>1067.48</ele>
      </trkpt>
      <trkpt lat="-22.393443" lon="-44.946832">
        <ele>1066.77</ele>
      </trkpt>
      <trkpt lat="-22.393408" lon="-44.946821">
        <ele>1066.05</ele>
      </trkpt>
      <trkpt lat="-22.393373" lon="-44.94681">
        <ele>1065.23</ele>
      </trkpt>
      <trkpt lat="-22.393337" lon="-44.946805">
        <ele>1064.41</ele>
      </trkpt>
      <trkpt lat="-22.393301" lon="-44.9468">
        <ele>1063.58</ele>
      </trkpt>
      <trkpt lat="-22.393266" lon="-44.946806">
        <ele>1062.76</ele>
      </trkpt>
      <trkpt lat="-22.393231" lon="-44.946811">
        <ele>1061.72</ele>
      </trkpt>
      <trkpt lat="-22.393197" lon="-44.946822">
        <ele>1060.67</ele>
      </trkpt>
      <trkpt lat="-22.393164" lon="-44.946834">
        <ele>1059.63</ele>
      </trkpt>
      <trkpt lat="-22.393131" lon="-44.946843">
        <ele>1058.58</ele>
      </trkpt>
      <trkpt lat="-22.393098" lon="-44.946853">
        <ele>1057.7</ele>
      </trkpt>
      <trkpt lat="-22.393068" lon="-44.94686">
        <ele>1056.81</ele>
      </trkpt>
      <trkpt lat="-22.393037" lon="-44.946866">
        <ele>1055.93</ele>
      </trkpt>
      <trkpt lat="-22.393005" lon="-44.946867">
        <ele>1055.04</ele>
      </trkpt>
      <trkpt lat="-22.392973" lon="-44.946867">
        <ele>1054.16</ele>
      </trkpt>
      <trkpt lat="-22.392936" lon="-44.946863">
        <ele>1053.48</ele>
      </trkpt>
      <trkpt lat="-22.3929" lon="-44.946858">
        <ele>1052.81</ele>
      </trkpt>
      <trkpt lat="-22.39286" lon="-44.946851">
        <ele>1052.13</ele>
      </trkpt>
      <trkpt lat="-22.39282" lon="-44.946843">
        <ele>1051.46</ele>
      </trkpt>
      <trkpt lat="-22.392782" lon="-44.946836">
        <ele>1050.84</ele>
      </trkpt>
      <trkpt lat="-22.392744" lon="-44.946829">
        <ele>1050.22</ele>
      </trkpt>
      <trkpt lat="-22.39271" lon="-44.946828">
        <ele>1049.59</ele>
      </trkpt>
      <trkpt lat="-22.392677" lon="-44.946827">
        <ele>1048.97</ele>
      </trkpt>
      <trkpt lat="-22.392645" lon="-44.946833">
        <ele>1048.2</ele>
      </trkpt>
      <trkpt lat="-22.392612" lon="-44.94684">
        <ele>1047.43</ele>
      </trkpt>
      <trkpt lat="-22.39258" lon="-44.946848">
        <ele>1046.66</ele>
      </trkpt>
      <trkpt lat="-22.392548" lon="-44.946856">
        <ele>1045.88</ele>
      </trkpt>
      <trkpt lat="-22.392514" lon="-44.946862">
        <ele>1045.11</ele>
      </trkpt>
      <trkpt lat="-22.392481" lon="-44.946868">
        <ele>1044.65</ele>
      </trkpt>
      <trkpt lat="-22.392447" lon="-44.946873">
        <ele>1044.18</ele>
      </trkpt>
      <trkpt lat="-22.392413" lon="-44.946877">
        <ele>1043.72</ele>
      </trkpt>
      <trkpt lat="-22.392378" lon="-44.946883">
        <ele>1043.26</ele>
      </trkpt>
      <trkpt lat="-22.392344" lon="-44.946889">
        <ele>1042.9</ele>
      </trkpt>
      <trkpt lat="-22.392307" lon="-44.946898">
        <ele>1042.55</ele>
      </trkpt>
      <trkpt lat="-22.392271" lon="-44.946908">
        <ele>1042.19</ele>
      </trkpt>
      <trkpt lat="-22.392234" lon="-44.946918">
        <ele>1041.84</ele>
      </trkpt>
      <trkpt lat="-22.392196" lon="-44.946929">
        <ele>1041.47</ele>
      </trkpt>
      <trkpt lat="-22.392158" lon="-44.946938">
        <ele>1041.11</ele>
      </trkpt>
      <trkpt lat="-22.39212" lon="-44.946946">
        <ele>1040.75</ele>
      </trkpt>
      <trkpt lat="-22.392083" lon="-44.946953">
        <ele>1040.38</ele>
      </trkpt>
      <trkpt lat="-22.392045" lon="-44.946959">
        <ele>1040.06</ele>
      </trkpt>
      <trkpt lat="-22.392009" lon="-44.946965">
        <ele>1039.75</ele>
      </trkpt>
      <trkpt lat="-22.391973" lon="-44.946972">
        <ele>1039.43</ele>
      </trkpt>
      <trkpt lat="-22.391938" lon="-44.946981">
        <ele>1039.11</ele>
      </trkpt>
      <trkpt lat="-22.391903" lon="-44.94699">
        <ele>1038.47</ele>
      </trkpt>
      <trkpt lat="-22.391868" lon="-44.947004">
        <ele>1037.83</ele>
      </trkpt>
      <trkpt lat="-22.391832" lon="-44.947019">
        <ele>1037.18</ele>
      </trkpt>
      <trkpt lat="-22.391799" lon="-44.947036">
        <ele>1036.54</ele>
      </trkpt>
      <trkpt lat="-22.391766" lon="-44.947053">
        <ele>1035.98</ele>
      </trkpt>
      <trkpt lat="-22.391737" lon="-44.947068">
        <ele>1035.42</ele>
      </trkpt>
      <trkpt lat="-22.391708" lon="-44.947084">
        <ele>1034.85</ele>
      </trkpt>
      <trkpt lat="-22.391683" lon="-44.947097">
        <ele>1034.29</ele>
      </trkpt>
      <trkpt lat="-22.391658" lon="-44.947111">
        <ele>1033.73</ele>
      </trkpt>
      <trkpt lat="-22.391635" lon="-44.947121">
        <ele>1032.99</ele>
      </trkpt>
      <trkpt lat="-22.391612" lon="-44.947131">
        <ele>1032.25</ele>
      </trkpt>
      <trkpt lat="-22.391587" lon="-44.947131">
        <ele>1031.51</ele>
      </trkpt>
      <trkpt lat="-22.391562" lon="-44.947131">
        <ele>1030.77</ele>
      </trkpt>
      <trkpt lat="-22.391535" lon="-44.947125">
        <ele>1030.03</ele>
      </trkpt>
      <trkpt lat="-22.391508" lon="-44.947119">
        <ele>1029.29</ele>
      </trkpt>
      <trkpt lat="-22.391478" lon="-44.947113">
        <ele>1028.46</ele>
      </trkpt>
      <trkpt lat="-22.391448" lon="-44.947107">
        <ele>1027.63</ele>
      </trkpt>
      <trkpt lat="-22.391416" lon="-44.947104">
        <ele>1026.8</ele>
      </trkpt>
      <trkpt lat="-22.391384" lon="-44.947101">
        <ele>1025.97</ele>
      </trkpt>
      <trkpt lat="-22.39135" lon="-44.947103">
        <ele>1025.14</ele>
      </trkpt>
      <trkpt lat="-22.391315" lon="-44.947104">
        <ele>1024.01</ele>
      </trkpt>
      <trkpt lat="-22.39128" lon="-44.94711">
        <ele>1022.88</ele>
      </trkpt>
      <trkpt lat="-22.391244" lon="-44.947116">
        <ele>1021.74</ele>
      </trkpt>
      <trkpt lat="-22.391208" lon="-44.947122">
        <ele>1020.61</ele>
      </trkpt>
      <trkpt lat="-22.391172" lon="-44.947128">
        <ele>1019.76</ele>
      </trkpt>
      <trkpt lat="-22.391137" lon="-44.94713">
        <ele>1018.91</ele>
      </trkpt>
      <trkpt lat="-22.391101" lon="-44.947132">
        <ele>1018.06</ele>
      </trkpt>
      <trkpt lat="-22.391067" lon="-44.94713">
        <ele>1017.2</ele>
      </trkpt>
      <trkpt lat="-22.391033" lon="-44.947128">
        <ele>1016.83</ele>
      </trkpt>
      <trkpt lat="-22.391" lon="-44.947124">
        <ele>1016.46</ele>
      </trkpt>
      <trkpt lat="-22.390967" lon="-44.947119">
        <ele>1016.09</ele>
      </trkpt>
      <trkpt lat="-22.390935" lon="-44.947115">
        <ele>1015.72</ele>
      </trkpt>
      <trkpt lat="-22.390903" lon="-44.947112">
        <ele>1015.35</ele>
      </trkpt>
      <trkpt lat="-22.390871" lon="-44.94711">
        <ele>1014.99</ele>
      </trkpt>
      <trkpt lat="-22.39084" lon="-44.947108">
        <ele>1014.63</ele>
      </trkpt>
      <trkpt lat="-22.390809" lon="-44.94711">
        <ele>1014.28</ele>
      </trkpt>
      <trkpt lat="-22.390779" lon="-44.947112">
        <ele>1013.92</ele>
      </trkpt>
      <trkpt lat="-22.39075" lon="-44.947112">
        <ele>1013.56</ele>
      </trkpt>
      <trkpt lat="-22.390722" lon="-44.947112">
        <ele>1013.33</ele>
      </trkpt>
      <trkpt lat="-22.390694" lon="-44.947109">
        <ele>1013.1</ele>
      </trkpt>
      <trkpt lat="-22.390667" lon="-44.947106">
        <ele>1012.87</ele>
      </trkpt>
      <trkpt lat="-22.390641" lon="-44.947103">
        <ele>1012.63</ele>
      </trkpt>
      <trkpt lat="-22.390615" lon="-44.9471">
        <ele>1012.4</ele>
      </trkpt>
      <trkpt lat="-22.390588" lon="-44.947101">
        <ele>1012.07</ele>
      </trkpt>
      <trkpt lat="-22.390561" lon="-44.947102">
        <ele>1011.73</ele>
      </trkpt>
      <trkpt lat="-22.390532" lon="-44.947108">
        <ele>1011.4</ele>
      </trkpt>
      <trkpt lat="-22.390502" lon="-44.947113">
        <ele>1011.06</ele>
      </trkpt>
      <trkpt lat="-22.390472" lon="-44.947122">
        <ele>1010.73</ele>
      </trkpt>
      <trkpt lat="-22.390442" lon="-44.947131">
        <ele>1010.38</ele>
      </trkpt>
      <trkpt lat="-22.390411" lon="-44.947141">
        <ele>1010.03</ele>
      </trkpt>
      <trkpt lat="-22.39038" lon="-44.947151">
        <ele>1009.69</ele>
      </trkpt>
      <trkpt lat="-22.390348" lon="-44.947159">
        <ele>1009.34</ele>
      </trkpt>
      <trkpt lat="-22.390316" lon="-44.947167">
        <ele>1008.99</ele>
      </trkpt>
      <trkpt lat="-22.390283" lon="-44.947175">
        <ele>1008.63</ele>
      </trkpt>
      <trkpt lat="-22.390249" lon="-44.947184">
        <ele>1008.26</ele>
      </trkpt>
      <trkpt lat="-22.390215" lon="-44.94719">
        <ele>1007.89</ele>
      </trkpt>
      <trkpt lat="-22.39018" lon="-44.947197">
        <ele>1007.52</ele>
      </trkpt>
      <trkpt lat="-22.390145" lon="-44.9472">
        <ele>1007.13</ele>
      </trkpt>
      <trkpt lat="-22.39011" lon="-44.947204">
        <ele>1006.74</ele>
      </trkpt>
      <trkpt lat="-22.390074" lon="-44.947207">
        <ele>1006.35</ele>
      </trkpt>
      <trkpt lat="-22.390038" lon="-44.94721">
        <ele>1005.96</ele>
      </trkpt>
      <trkpt lat="-22.390005" lon="-44.947212">
        <ele>1005.9</ele>
      </trkpt>
      <trkpt lat="-22.389972" lon="-44.947213">
        <ele>1005.84</ele>
      </trkpt>
      <trkpt lat="-22.389947" lon="-44.947212">
        <ele>1005.78</ele>
      </trkpt>
      <trkpt lat="-22.389922" lon="-44.94721">
        <ele>1005.73</ele>
      </trkpt>
      <trkpt lat="-22.389922" lon="-44.94721">
        <ele>1005.67</ele>
      </trkpt>
      <trkpt lat="-22.389922" lon="-44.94721">
        <ele>1005.61</ele>
      </trkpt>
      <trkpt lat="-22.389922" lon="-44.94721">
        <ele>1005.55</ele>
      </trkpt>
      <trkpt lat="-22.389922" lon="-44.94721">
        <ele>1005.5</ele>
      </trkpt>
      <trkpt lat="-22.389922" lon="-44.94721">
        <ele>1005.44</ele>
      </trkpt>
      <trkpt lat="-22.389922" lon="-44.94721">
        <ele>1005.38</ele>
      </trkpt>
      <trkpt lat="-22.389922" lon="-44.94721">
        <ele>1005.32</ele>
      </trkpt>
      <trkpt lat="-22.389922" lon="-44.94721">
        <ele>1005.27</ele>
      </trkpt>
      <trkpt lat="-22.389922" lon="-44.94721">
        <ele>1005.21</ele>
      </trkpt>
      <trkpt lat="-22.389922" lon="-44.94721">
        <ele>1005.15</ele>
      </trkpt>
      <trkpt lat="-22.389922" lon="-44.94721">
        <ele>1005.1</ele>
      </trkpt>
      <trkpt lat="-22.389922" lon="-44.94721">
        <ele>1005.04</ele>
      </trkpt>
      <trkpt lat="-22.389922" lon="-44.94721">
        <ele>1004.98</ele>
      </trkpt>
      <trkpt lat="-22.389922" lon="-44.94721">
        <ele>1004.92</ele>
      </trkpt>
      <trkpt lat="-22.389922" lon="-44.94721">
        <ele>1004.87</ele>
      </trkpt>
      <trkpt lat="-22.389922" lon="-44.94721">
        <ele>1004.81</ele>
      </trkpt>
      <trkpt lat="-22.389922" lon="-44.94721">
        <ele>1004.75</ele>
      </trkpt>
      <trkpt lat="-22.389922" lon="-44.94721">
        <ele>1004.69</ele>
      </trkpt>
      <trkpt lat="-22.389922" lon="-44.94721">
        <ele>1004.64</ele>
      </trkpt>
      <trkpt lat="-22.389922" lon="-44.94721">
        <ele>1004.58</ele>
      </trkpt>
      <trkpt lat="-22.389922" lon="-44.94721">
        <ele>1004.52</ele>
      </trkpt>
      <trkpt lat="-22.389922" lon="-44.94721">
        <ele>1004.46</ele>
      </trkpt>
      <trkpt lat="-22.389922" lon="-44.94721">
        <ele>1004.41</ele>
      </trkpt>
      <trkpt lat="-22.389922" lon="-44.94721">
        <ele>1004.35</ele>
      </trkpt>
      <trkpt lat="-22.389894" lon="-44.947205">
        <ele>1004.29</ele>
      </trkpt>
      <trkpt lat="-22.389887" lon="-44.947204">
        <ele>1004.13</ele>
      </trkpt>
      <trkpt lat="-22.389879" lon="-44.947203">
        <ele>1003.97</ele>
      </trkpt>
      <trkpt lat="-22.38987" lon="-44.947203">
        <ele>1003.81</ele>
      </trkpt>
      <trkpt lat="-22.38986" lon="-44.947202">
        <ele>1003.65</ele>
      </trkpt>
      <trkpt lat="-22.389847" lon="-44.947203">
        <ele>1003.49</ele>
      </trkpt>
      <trkpt lat="-22.389833" lon="-44.947205">
        <ele>1003.33</ele>
      </trkpt>
      <trkpt lat="-22.389818" lon="-44.947205">
        <ele>1003.16</ele>
      </trkpt>
      <trkpt lat="-22.389802" lon="-44.947205">
        <ele>1003</ele>
      </trkpt>
      <trkpt lat="-22.389785" lon="-44.947204">
        <ele>1002.84</ele>
      </trkpt>
      <trkpt lat="-22.389768" lon="-44.947203">
        <ele>1002.68</ele>
      </trkpt>
      <trkpt lat="-22.389751" lon="-44.947202">
        <ele>1002.52</ele>
      </trkpt>
      <trkpt lat="-22.389734" lon="-44.947201">
        <ele>1002.29</ele>
      </trkpt>
      <trkpt lat="-22.389716" lon="-44.9472">
        <ele>1002.07</ele>
      </trkpt>
      <trkpt lat="-22.389699" lon="-44.947199">
        <ele>1001.84</ele>
      </trkpt>
      <trkpt lat="-22.389683" lon="-44.947198">
        <ele>1001.62</ele>
      </trkpt>
      <trkpt lat="-22.389666" lon="-44.947197">
        <ele>1001.39</ele>
      </trkpt>
      <trkpt lat="-22.38965" lon="-44.947197">
        <ele>1001.16</ele>
      </trkpt>
      <trkpt lat="-22.389633" lon="-44.947197">
        <ele>1000.94</ele>
      </trkpt>
      <trkpt lat="-22.389617" lon="-44.947197">
        <ele>1000.71</ele>
      </trkpt>
      <trkpt lat="-22.389601" lon="-44.947198">
        <ele>1000.49</ele>
      </trkpt>
      <trkpt lat="-22.389585" lon="-44.947197">
        <ele>1000.32</ele>
      </trkpt>
      <trkpt lat="-22.389569" lon="-44.947196">
        <ele>1000.14</ele>
      </trkpt>
      <trkpt lat="-22.389554" lon="-44.947192">
        <ele>999.97</ele>
      </trkpt>
      <trkpt lat="-22.389539" lon="-44.947188">
        <ele>999.8</ele>
      </trkpt>
      <trkpt lat="-22.389525" lon="-44.947181">
        <ele>999.63</ele>
      </trkpt>
      <trkpt lat="-22.389512" lon="-44.947175">
        <ele>999.46</ele>
      </trkpt>
      <trkpt lat="-22.389499" lon="-44.947166">
        <ele>999.29</ele>
      </trkpt>
      <trkpt lat="-22.389486" lon="-44.947157">
        <ele>999.12</ele>
      </trkpt>
      <trkpt lat="-22.389475" lon="-44.947145">
        <ele>998.95</ele>
      </trkpt>
      <trkpt lat="-22.389464" lon="-44.947133">
        <ele>999.09</ele>
      </trkpt>
      <trkpt lat="-22.389455" lon="-44.947116">
        <ele>999.23</ele>
      </trkpt>
      <trkpt lat="-22.389447" lon="-44.9471">
        <ele>999.36</ele>
      </trkpt>
      <trkpt lat="-22.389441" lon="-44.947078">
        <ele>999.5</ele>
      </trkpt>
      <trkpt lat="-22.389436" lon="-44.947056">
        <ele>999.64</ele>
      </trkpt>
      <trkpt lat="-22.389431" lon="-44.947029">
        <ele>999.78</ele>
      </trkpt>
      <trkpt lat="-22.389426" lon="-44.947002">
        <ele>999.91</ele>
      </trkpt>
      <trkpt lat="-22.389419" lon="-44.946973">
        <ele>999.97</ele>
      </trkpt>
      <trkpt lat="-22.389411" lon="-44.946944">
        <ele>1000.02</ele>
      </trkpt>
      <trkpt lat="-22.3894" lon="-44.946915">
        <ele>1000.08</ele>
      </trkpt>
      <trkpt lat="-22.389389" lon="-44.946886">
        <ele>1000.13</ele>
      </trkpt>
      <trkpt lat="-22.389374" lon="-44.946858">
        <ele>1000.19</ele>
      </trkpt>
      <trkpt lat="-22.38936" lon="-44.94683">
        <ele>999.91</ele>
      </trkpt>
      <trkpt lat="-22.389345" lon="-44.946803">
        <ele>999.64</ele>
      </trkpt>
      <trkpt lat="-22.38933" lon="-44.946776">
        <ele>999.36</ele>
      </trkpt>
      <trkpt lat="-22.389316" lon="-44.94675">
        <ele>999.09</ele>
      </trkpt>
      <trkpt lat="-22.389302" lon="-44.946724">
        <ele>998.82</ele>
      </trkpt>
      <trkpt lat="-22.389288" lon="-44.946698">
        <ele>998.62</ele>
      </trkpt>
      <trkpt lat="-22.389275" lon="-44.946673">
        <ele>998.42</ele>
      </trkpt>
      <trkpt lat="-22.389262" lon="-44.946647">
        <ele>998.22</ele>
      </trkpt>
      <trkpt lat="-22.389249" lon="-44.946622">
        <ele>998.02</ele>
      </trkpt>
      <trkpt lat="-22.389236" lon="-44.946595">
        <ele>997.83</ele>
      </trkpt>
      <trkpt lat="-22.389223" lon="-44.946568">
        <ele>997.74</ele>
      </trkpt>
      <trkpt lat="-22.389208" lon="-44.94654">
        <ele>997.65</ele>
      </trkpt>
      <trkpt lat="-22.389193" lon="-44.946512">
        <ele>997.56</ele>
      </trkpt>
      <trkpt lat="-22.389179" lon="-44.946484">
        <ele>997.47</ele>
      </trkpt>
      <trkpt lat="-22.389164" lon="-44.946455">
        <ele>997.39</ele>
      </trkpt>
      <trkpt lat="-22.389149" lon="-44.946427">
        <ele>997.36</ele>
      </trkpt>
      <trkpt lat="-22.389134" lon="-44.9464">
        <ele>997.33</ele>
      </trkpt>
      <trkpt lat="-22.389117" lon="-44.946375">
        <ele>997.3</ele>
      </trkpt>
      <trkpt lat="-22.389101" lon="-44.94635">
        <ele>997.27</ele>
      </trkpt>
      <trkpt lat="-22.389086" lon="-44.946328">
        <ele>997.24</ele>
      </trkpt>
      <trkpt lat="-22.38907" lon="-44.946306">
        <ele>997.37</ele>
      </trkpt>
      <trkpt lat="-22.389058" lon="-44.946284">
        <ele>997.5</ele>
      </trkpt>
      <trkpt lat="-22.389046" lon="-44.946262">
        <ele>997.63</ele>
      </trkpt>
      <trkpt lat="-22.389038" lon="-44.94624">
        <ele>997.76</ele>
      </trkpt>
      <trkpt lat="-22.389029" lon="-44.946217">
        <ele>997.9</ele>
      </trkpt>
      <trkpt lat="-22.389025" lon="-44.946195">
        <ele>998.03</ele>
      </trkpt>
      <trkpt lat="-22.38902" lon="-44.946173">
        <ele>998.37</ele>
      </trkpt>
      <trkpt lat="-22.389018" lon="-44.94615">
        <ele>998.71</ele>
      </trkpt>
      <trkpt lat="-22.389017" lon="-44.946128">
        <ele>999.06</ele>
      </trkpt>
      <trkpt lat="-22.389021" lon="-44.946105">
        <ele>999.4</ele>
      </trkpt>
      <trkpt lat="-22.389025" lon="-44.946081">
        <ele>999.75</ele>
      </trkpt>
      <trkpt lat="-22.389035" lon="-44.946056">
        <ele>1000.09</ele>
      </trkpt>
      <trkpt lat="-22.389045" lon="-44.946031">
        <ele>1000.44</ele>
      </trkpt>
      <trkpt lat="-22.389059" lon="-44.946004">
        <ele>1000.86</ele>
      </trkpt>
      <trkpt lat="-22.389074" lon="-44.945976">
        <ele>1001.29</ele>
      </trkpt>
      <trkpt lat="-22.389088" lon="-44.945949">
        <ele>1001.71</ele>
      </trkpt>
      <trkpt lat="-22.389103" lon="-44.945922">
        <ele>1002.14</ele>
      </trkpt>
      <trkpt lat="-22.389118" lon="-44.945896">
        <ele>1002.56</ele>
      </trkpt>
      <trkpt lat="-22.389133" lon="-44.94587">
        <ele>1002.65</ele>
      </trkpt>
      <trkpt lat="-22.389148" lon="-44.945845">
        <ele>1002.73</ele>
      </trkpt>
      <trkpt lat="-22.389164" lon="-44.94582">
        <ele>1002.81</ele>
      </trkpt>
      <trkpt lat="-22.389178" lon="-44.945796">
        <ele>1002.89</ele>
      </trkpt>
      <trkpt lat="-22.389193" lon="-44.945773">
        <ele>1002.97</ele>
      </trkpt>
      <trkpt lat="-22.389207" lon="-44.945749">
        <ele>1002.93</ele>
      </trkpt>
      <trkpt lat="-22.389221" lon="-44.945726">
        <ele>1002.88</ele>
      </trkpt>
      <trkpt lat="-22.389233" lon="-44.945703">
        <ele>1002.84</ele>
      </trkpt>
      <trkpt lat="-22.389246" lon="-44.94568">
        <ele>1002.8</ele>
      </trkpt>
      <trkpt lat="-22.389257" lon="-44.945657">
        <ele>1002.75</ele>
      </trkpt>
      <trkpt lat="-22.389269" lon="-44.945633">
        <ele>1002.71</ele>
      </trkpt>
      <trkpt lat="-22.38928" lon="-44.94561">
        <ele>1002.66</ele>
      </trkpt>
      <trkpt lat="-22.389291" lon="-44.945587">
        <ele>1002.61</ele>
      </trkpt>
      <trkpt lat="-22.389301" lon="-44.945564">
        <ele>1002.56</ele>
      </trkpt>
      <trkpt lat="-22.389312" lon="-44.945542">
        <ele>1002.52</ele>
      </trkpt>
      <trkpt lat="-22.38932" lon="-44.945519">
        <ele>1002.47</ele>
      </trkpt>
      <trkpt lat="-22.389328" lon="-44.945497">
        <ele>1002.42</ele>
      </trkpt>
      <trkpt lat="-22.389337" lon="-44.945475">
        <ele>1002.41</ele>
      </trkpt>
      <trkpt lat="-22.389345" lon="-44.945453">
        <ele>1002.41</ele>
      </trkpt>
      <trkpt lat="-22.389355" lon="-44.945431">
        <ele>1002.41</ele>
      </trkpt>
      <trkpt lat="-22.389366" lon="-44.945409">
        <ele>1002.4</ele>
      </trkpt>
      <trkpt lat="-22.389375" lon="-44.945385">
        <ele>1002.4</ele>
      </trkpt>
      <trkpt lat="-22.389385" lon="-44.945362">
        <ele>1002.39</ele>
      </trkpt>
      <trkpt lat="-22.389393" lon="-44.945338">
        <ele>1002.47</ele>
      </trkpt>
      <trkpt lat="-22.389401" lon="-44.945313">
        <ele>1002.54</ele>
      </trkpt>
      <trkpt lat="-22.389409" lon="-44.945291">
        <ele>1002.62</ele>
      </trkpt>
      <trkpt lat="-22.389418" lon="-44.945268">
        <ele>1002.7</ele>
      </trkpt>
      <trkpt lat="-22.389427" lon="-44.945247">
        <ele>1002.78</ele>
      </trkpt>
      <trkpt lat="-22.389436" lon="-44.945225">
        <ele>1002.85</ele>
      </trkpt>
      <trkpt lat="-22.389446" lon="-44.945202">
        <ele>1002.94</ele>
      </trkpt>
      <trkpt lat="-22.389457" lon="-44.945179">
        <ele>1003.02</ele>
      </trkpt>
      <trkpt lat="-22.389469" lon="-44.945156">
        <ele>1003.11</ele>
      </trkpt>
      <trkpt lat="-22.389482" lon="-44.945133">
        <ele>1003.19</ele>
      </trkpt>
      <trkpt lat="-22.389494" lon="-44.945109">
        <ele>1003.28</ele>
      </trkpt>
      <trkpt lat="-22.389506" lon="-44.945086">
        <ele>1003.36</ele>
      </trkpt>
      <trkpt lat="-22.389517" lon="-44.945063">
        <ele>1003.58</ele>
      </trkpt>
      <trkpt lat="-22.389528" lon="-44.94504">
        <ele>1003.8</ele>
      </trkpt>
      <trkpt lat="-22.389542" lon="-44.945018">
        <ele>1004.03</ele>
      </trkpt>
      <trkpt lat="-22.389556" lon="-44.944997">
        <ele>1004.25</ele>
      </trkpt>
      <trkpt lat="-22.389572" lon="-44.94498">
        <ele>1004.47</ele>
      </trkpt>
      <trkpt lat="-22.389589" lon="-44.944963">
        <ele>1004.69</ele>
      </trkpt>
      <trkpt lat="-22.389606" lon="-44.944949">
        <ele>1004.99</ele>
      </trkpt>
      <trkpt lat="-22.389624" lon="-44.944936">
        <ele>1005.29</ele>
      </trkpt>
      <trkpt lat="-22.389643" lon="-44.944925">
        <ele>1005.59</ele>
      </trkpt>
      <trkpt lat="-22.389662" lon="-44.944914">
        <ele>1005.89</ele>
      </trkpt>
      <trkpt lat="-22.389681" lon="-44.944905">
        <ele>1006.2</ele>
      </trkpt>
      <trkpt lat="-22.389701" lon="-44.944896">
        <ele>1006.5</ele>
      </trkpt>
      <trkpt lat="-22.389719" lon="-44.944886">
        <ele>1006.8</ele>
      </trkpt>
      <trkpt lat="-22.389738" lon="-44.944877">
        <ele>1007.04</ele>
      </trkpt>
      <trkpt lat="-22.389757" lon="-44.944865">
        <ele>1007.28</ele>
      </trkpt>
      <trkpt lat="-22.389776" lon="-44.944853">
        <ele>1007.52</ele>
      </trkpt>
      <trkpt lat="-22.389796" lon="-44.944841">
        <ele>1007.76</ele>
      </trkpt>
      <trkpt lat="-22.389816" lon="-44.94483">
        <ele>1008</ele>
      </trkpt>
      <trkpt lat="-22.389837" lon="-44.94482">
        <ele>1008.23</ele>
      </trkpt>
      <trkpt lat="-22.389858" lon="-44.94481">
        <ele>1008.47</ele>
      </trkpt>
      <trkpt lat="-22.389879" lon="-44.944799">
        <ele>1008.95</ele>
      </trkpt>
      <trkpt lat="-22.389899" lon="-44.944789">
        <ele>1009.42</ele>
      </trkpt>
      <trkpt lat="-22.389918" lon="-44.944777">
        <ele>1009.89</ele>
      </trkpt>
      <trkpt lat="-22.389936" lon="-44.944765">
        <ele>1010.36</ele>
      </trkpt>
      <trkpt lat="-22.389953" lon="-44.944752">
        <ele>1010.83</ele>
      </trkpt>
      <trkpt lat="-22.389971" lon="-44.94474">
        <ele>1011.3</ele>
      </trkpt>
      <trkpt lat="-22.389989" lon="-44.944731">
        <ele>1011.78</ele>
      </trkpt>
      <trkpt lat="-22.390008" lon="-44.944722">
        <ele>1012.19</ele>
      </trkpt>
      <trkpt lat="-22.390026" lon="-44.944713">
        <ele>1012.61</ele>
      </trkpt>
      <trkpt lat="-22.390045" lon="-44.944705">
        <ele>1013.02</ele>
      </trkpt>
      <trkpt lat="-22.390063" lon="-44.944696">
        <ele>1013.44</ele>
      </trkpt>
      <trkpt lat="-22.390082" lon="-44.944688">
        <ele>1013.86</ele>
      </trkpt>
      <trkpt lat="-22.390102" lon="-44.94468">
        <ele>1014.27</ele>
      </trkpt>
      <trkpt lat="-22.390123" lon="-44.944673">
        <ele>1014.69</ele>
      </trkpt>
      <trkpt lat="-22.390144" lon="-44.944667">
        <ele>1015.21</ele>
      </trkpt>
      <trkpt lat="-22.390165" lon="-44.94466">
        <ele>1015.73</ele>
      </trkpt>
      <trkpt lat="-22.390187" lon="-44.944653">
        <ele>1016.26</ele>
      </trkpt>
      <trkpt lat="-22.390209" lon="-44.944646">
        <ele>1016.78</ele>
      </trkpt>
      <trkpt lat="-22.39023" lon="-44.944637">
        <ele>1017.3</ele>
      </trkpt>
      <trkpt lat="-22.39025" lon="-44.944628">
        <ele>1017.83</ele>
      </trkpt>
      <trkpt lat="-22.39027" lon="-44.944618">
        <ele>1018.35</ele>
      </trkpt>
      <trkpt lat="-22.39029" lon="-44.944608">
        <ele>1018.74</ele>
      </trkpt>
      <trkpt lat="-22.390311" lon="-44.944598">
        <ele>1019.14</ele>
      </trkpt>
      <trkpt lat="-22.390331" lon="-44.944589">
        <ele>1019.53</ele>
      </trkpt>
      <trkpt lat="-22.390351" lon="-44.944579">
        <ele>1019.92</ele>
      </trkpt>
      <trkpt lat="-22.390371" lon="-44.94457">
        <ele>1020.31</ele>
      </trkpt>
      <trkpt lat="-22.39039" lon="-44.944558">
        <ele>1020.71</ele>
      </trkpt>
      <trkpt lat="-22.390409" lon="-44.944546">
        <ele>1021.1</ele>
      </trkpt>
      <trkpt lat="-22.390429" lon="-44.944532">
        <ele>1021.41</ele>
      </trkpt>
      <trkpt lat="-22.390448" lon="-44.944518">
        <ele>1021.72</ele>
      </trkpt>
      <trkpt lat="-22.390468" lon="-44.944503">
        <ele>1022.03</ele>
      </trkpt>
      <trkpt lat="-22.390487" lon="-44.944489">
        <ele>1022.34</ele>
      </trkpt>
      <trkpt lat="-22.390505" lon="-44.944475">
        <ele>1022.65</ele>
      </trkpt>
      <trkpt lat="-22.390523" lon="-44.944462">
        <ele>1022.96</ele>
      </trkpt>
      <trkpt lat="-22.390539" lon="-44.944449">
        <ele>1023.2</ele>
      </trkpt>
      <trkpt lat="-22.390556" lon="-44.944436">
        <ele>1023.43</ele>
      </trkpt>
      <trkpt lat="-22.390573" lon="-44.944425">
        <ele>1023.67</ele>
      </trkpt>
      <trkpt lat="-22.390589" lon="-44.944414">
        <ele>1023.9</ele>
      </trkpt>
      <trkpt lat="-22.390608" lon="-44.944406">
        <ele>1024.13</ele>
      </trkpt>
      <trkpt lat="-22.390627" lon="-44.944398">
        <ele>1024.37</ele>
      </trkpt>
      <trkpt lat="-22.390646" lon="-44.94439">
        <ele>1024.6</ele>
      </trkpt>
      <trkpt lat="-22.390666" lon="-44.944382">
        <ele>1024.96</ele>
      </trkpt>
      <trkpt lat="-22.390685" lon="-44.944373">
        <ele>1025.31</ele>
      </trkpt>
      <trkpt lat="-22.390705" lon="-44.944364">
        <ele>1025.67</ele>
      </trkpt>
      <trkpt lat="-22.390723" lon="-44.944352">
        <ele>1026.02</ele>
      </trkpt>
      <trkpt lat="-22.390742" lon="-44.944341">
        <ele>1026.38</ele>
      </trkpt>
      <trkpt lat="-22.39076" lon="-44.944328">
        <ele>1026.73</ele>
      </trkpt>
      <trkpt lat="-22.390777" lon="-44.944314">
        <ele>1027.09</ele>
      </trkpt>
      <trkpt lat="-22.390796" lon="-44.944299">
        <ele>1027.35</ele>
      </trkpt>
      <trkpt lat="-22.390814" lon="-44.944283">
        <ele>1027.61</ele>
      </trkpt>
      <trkpt lat="-22.390832" lon="-44.944268">
        <ele>1027.87</ele>
      </trkpt>
      <trkpt lat="-22.39085" lon="-44.944253">
        <ele>1028.14</ele>
      </trkpt>
      <trkpt lat="-22.390869" lon="-44.944239">
        <ele>1028.4</ele>
      </trkpt>
      <trkpt lat="-22.390887" lon="-44.944225">
        <ele>1028.66</ele>
      </trkpt>
      <trkpt lat="-22.390906" lon="-44.944213">
        <ele>1029.02</ele>
      </trkpt>
      <trkpt lat="-22.390925" lon="-44.944201">
        <ele>1029.39</ele>
      </trkpt>
      <trkpt lat="-22.390944" lon="-44.94419">
        <ele>1029.75</ele>
      </trkpt>
      <trkpt lat="-22.390964" lon="-44.94418">
        <ele>1030.11</ele>
      </trkpt>
      <trkpt lat="-22.390984" lon="-44.94417">
        <ele>1030.48</ele>
      </trkpt>
      <trkpt lat="-22.391004" lon="-44.94416">
        <ele>1030.84</ele>
      </trkpt>
      <trkpt lat="-22.391024" lon="-44.944151">
        <ele>1031.2</ele>
      </trkpt>
      <trkpt lat="-22.391044" lon="-44.944142">
        <ele>1031.48</ele>
      </trkpt>
      <trkpt lat="-22.391064" lon="-44.944134">
        <ele>1031.76</ele>
      </trkpt>
      <trkpt lat="-22.391084" lon="-44.944125">
        <ele>1032.04</ele>
      </trkpt>
      <trkpt lat="-22.391103" lon="-44.944116">
        <ele>1032.31</ele>
      </trkpt>
      <trkpt lat="-22.391123" lon="-44.944107">
        <ele>1032.59</ele>
      </trkpt>
      <trkpt lat="-22.391143" lon="-44.944096">
        <ele>1032.87</ele>
      </trkpt>
      <trkpt lat="-22.391164" lon="-44.944086">
        <ele>1033.15</ele>
      </trkpt>
      <trkpt lat="-22.391185" lon="-44.944073">
        <ele>1033.26</ele>
      </trkpt>
      <trkpt lat="-22.391207" lon="-44.94406">
        <ele>1033.36</ele>
      </trkpt>
      <trkpt lat="-22.391228" lon="-44.944046">
        <ele>1033.47</ele>
      </trkpt>
      <trkpt lat="-22.391249" lon="-44.944031">
        <ele>1033.57</ele>
      </trkpt>
      <trkpt lat="-22.391269" lon="-44.944017">
        <ele>1033.68</ele>
      </trkpt>
      <trkpt lat="-22.391289" lon="-44.944002">
        <ele>1033.78</ele>
      </trkpt>
      <trkpt lat="-22.391308" lon="-44.943988">
        <ele>1033.96</ele>
      </trkpt>
      <trkpt lat="-22.391328" lon="-44.943973">
        <ele>1034.15</ele>
      </trkpt>
      <trkpt lat="-22.391348" lon="-44.943961">
        <ele>1034.33</ele>
      </trkpt>
      <trkpt lat="-22.391367" lon="-44.943949">
        <ele>1034.51</ele>
      </trkpt>
      <trkpt lat="-22.391388" lon="-44.943941">
        <ele>1034.69</ele>
      </trkpt>
      <trkpt lat="-22.391408" lon="-44.943933">
        <ele>1034.87</ele>
      </trkpt>
      <trkpt lat="-22.391429" lon="-44.943927">
        <ele>1035.21</ele>
      </trkpt>
      <trkpt lat="-22.39145" lon="-44.943921">
        <ele>1035.55</ele>
      </trkpt>
      <trkpt lat="-22.39147" lon="-44.943918">
        <ele>1035.89</ele>
      </trkpt>
      <trkpt lat="-22.391491" lon="-44.943914">
        <ele>1036.23</ele>
      </trkpt>
      <trkpt lat="-22.391513" lon="-44.943911">
        <ele>1036.57</ele>
      </trkpt>
      <trkpt lat="-22.391535" lon="-44.943907">
        <ele>1036.91</ele>
      </trkpt>
      <trkpt lat="-22.391557" lon="-44.943905">
        <ele>1037.25</ele>
      </trkpt>
      <trkpt lat="-22.39158" lon="-44.943903">
        <ele>1037.51</ele>
      </trkpt>
      <trkpt lat="-22.391603" lon="-44.943901">
        <ele>1037.78</ele>
      </trkpt>
      <trkpt lat="-22.391626" lon="-44.943899">
        <ele>1038.05</ele>
      </trkpt>
      <trkpt lat="-22.391649" lon="-44.943898">
        <ele>1038.31</ele>
      </trkpt>
      <trkpt lat="-22.391672" lon="-44.943898">
        <ele>1038.58</ele>
      </trkpt>
      <trkpt lat="-22.391695" lon="-44.943896">
        <ele>1038.85</ele>
      </trkpt>
      <trkpt lat="-22.391717" lon="-44.943894">
        <ele>1038.93</ele>
      </trkpt>
      <trkpt lat="-22.391739" lon="-44.943891">
        <ele>1039</ele>
      </trkpt>
      <trkpt lat="-22.391761" lon="-44.943888">
        <ele>1039.08</ele>
      </trkpt>
      <trkpt lat="-22.391783" lon="-44.943888">
        <ele>1039.16</ele>
      </trkpt>
      <trkpt lat="-22.391804" lon="-44.943888">
        <ele>1039.24</ele>
      </trkpt>
      <trkpt lat="-22.391826" lon="-44.94389">
        <ele>1039.32</ele>
      </trkpt>
      <trkpt lat="-22.391847" lon="-44.943893">
        <ele>1039.4</ele>
      </trkpt>
      <trkpt lat="-22.391868" lon="-44.943899">
        <ele>1039.22</ele>
      </trkpt>
      <trkpt lat="-22.391889" lon="-44.943905">
        <ele>1039.04</ele>
      </trkpt>
      <trkpt lat="-22.39191" lon="-44.943917">
        <ele>1038.86</ele>
      </trkpt>
      <trkpt lat="-22.391931" lon="-44.94393">
        <ele>1038.68</ele>
      </trkpt>
      <trkpt lat="-22.39195" lon="-44.943943">
        <ele>1038.5</ele>
      </trkpt>
      <trkpt lat="-22.39197" lon="-44.943957">
        <ele>1038.32</ele>
      </trkpt>
      <trkpt lat="-22.39199" lon="-44.943972">
        <ele>1038.65</ele>
      </trkpt>
      <trkpt lat="-22.39201" lon="-44.943987">
        <ele>1038.98</ele>
      </trkpt>
      <trkpt lat="-22.392028" lon="-44.944006">
        <ele>1039.3</ele>
      </trkpt>
      <trkpt lat="-22.392046" lon="-44.944025">
        <ele>1039.63</ele>
      </trkpt>
      <trkpt lat="-22.392061" lon="-44.944046">
        <ele>1039.96</ele>
      </trkpt>
      <trkpt lat="-22.392075" lon="-44.944066">
        <ele>1040.29</ele>
      </trkpt>
      <trkpt lat="-22.392088" lon="-44.944085">
        <ele>1040.52</ele>
      </trkpt>
      <trkpt lat="-22.392101" lon="-44.944105">
        <ele>1040.76</ele>
      </trkpt>
      <trkpt lat="-22.392117" lon="-44.94412">
        <ele>1041</ele>
      </trkpt>
      <trkpt lat="-22.392133" lon="-44.944136">
        <ele>1041.24</ele>
      </trkpt>
      <trkpt lat="-22.392151" lon="-44.944151">
        <ele>1041.48</ele>
      </trkpt>
      <trkpt lat="-22.39217" lon="-44.944166">
        <ele>1041.71</ele>
      </trkpt>
      <trkpt lat="-22.392186" lon="-44.944182">
        <ele>1041.95</ele>
      </trkpt>
      <trkpt lat="-22.392202" lon="-44.944198">
        <ele>1042.18</ele>
      </trkpt>
      <trkpt lat="-22.392213" lon="-44.944215">
        <ele>1042.41</ele>
      </trkpt>
      <trkpt lat="-22.392224" lon="-44.944232">
        <ele>1042.64</ele>
      </trkpt>
      <trkpt lat="-22.392235" lon="-44.944244">
        <ele>1042.87</ele>
      </trkpt>
      <trkpt lat="-22.392247" lon="-44.944257">
        <ele>1043.11</ele>
      </trkpt>
      <trkpt lat="-22.392261" lon="-44.944267">
        <ele>1043.34</ele>
      </trkpt>
      <trkpt lat="-22.392275" lon="-44.944276">
        <ele>1043.57</ele>
      </trkpt>
      <trkpt lat="-22.392288" lon="-44.94429">
        <ele>1043.8</ele>
      </trkpt>
      <trkpt lat="-22.392301" lon="-44.944304">
        <ele>1044.17</ele>
      </trkpt>
      <trkpt lat="-22.392311" lon="-44.94432">
        <ele>1044.55</ele>
      </trkpt>
      <trkpt lat="-22.392322" lon="-44.944337">
        <ele>1044.92</ele>
      </trkpt>
      <trkpt lat="-22.392333" lon="-44.944354">
        <ele>1045.3</ele>
      </trkpt>
      <trkpt lat="-22.392345" lon="-44.94437">
        <ele>1045.67</ele>
      </trkpt>
      <trkpt lat="-22.392357" lon="-44.944386">
        <ele>1046.05</ele>
      </trkpt>
      <trkpt lat="-22.392369" lon="-44.944402">
        <ele>1046.42</ele>
      </trkpt>
      <trkpt lat="-22.392382" lon="-44.944416">
        <ele>1046.8</ele>
      </trkpt>
      <trkpt lat="-22.392395" lon="-44.944431">
        <ele>1047.01</ele>
      </trkpt>
      <trkpt lat="-22.392409" lon="-44.944444">
        <ele>1047.23</ele>
      </trkpt>
      <trkpt lat="-22.392422" lon="-44.944457">
        <ele>1047.45</ele>
      </trkpt>
      <trkpt lat="-22.392434" lon="-44.944465">
        <ele>1047.67</ele>
      </trkpt>
      <trkpt lat="-22.392446" lon="-44.944474">
        <ele>1047.89</ele>
      </trkpt>
      <trkpt lat="-22.392457" lon="-44.94448">
        <ele>1048.11</ele>
      </trkpt>
      <trkpt lat="-22.392468" lon="-44.944486">
        <ele>1048.33</ele>
      </trkpt>
      <trkpt lat="-22.392478" lon="-44.944492">
        <ele>1048.55</ele>
      </trkpt>
      <trkpt lat="-22.392489" lon="-44.944498">
        <ele>1048.76</ele>
      </trkpt>
      <trkpt lat="-22.392499" lon="-44.944503">
        <ele>1048.98</ele>
      </trkpt>
      <trkpt lat="-22.39251" lon="-44.944508">
        <ele>1049.26</ele>
      </trkpt>
      <trkpt lat="-22.39252" lon="-44.944513">
        <ele>1049.53</ele>
      </trkpt>
      <trkpt lat="-22.392531" lon="-44.944518">
        <ele>1049.8</ele>
      </trkpt>
      <trkpt lat="-22.392541" lon="-44.944524">
        <ele>1050.08</ele>
      </trkpt>
      <trkpt lat="-22.392551" lon="-44.94453">
        <ele>1050.35</ele>
      </trkpt>
      <trkpt lat="-22.392562" lon="-44.944536">
        <ele>1050.62</ele>
      </trkpt>
      <trkpt lat="-22.392572" lon="-44.944543">
        <ele>1050.9</ele>
      </trkpt>
      <trkpt lat="-22.392583" lon="-44.94455">
        <ele>1051.17</ele>
      </trkpt>
      <trkpt lat="-22.392594" lon="-44.944556">
        <ele>1051.45</ele>
      </trkpt>
      <trkpt lat="-22.392606" lon="-44.944563">
        <ele>1051.72</ele>
      </trkpt>
      <trkpt lat="-22.392617" lon="-44.94457">
        <ele>1051.99</ele>
      </trkpt>
      <trkpt lat="-22.392629" lon="-44.944577">
        <ele>1052.27</ele>
      </trkpt>
      <trkpt lat="-22.392641" lon="-44.944584">
        <ele>1052.58</ele>
      </trkpt>
      <trkpt lat="-22.392654" lon="-44.944588">
        <ele>1052.89</ele>
      </trkpt>
      <trkpt lat="-22.392668" lon="-44.944592">
        <ele>1053.21</ele>
      </trkpt>
      <trkpt lat="-22.392682" lon="-44.944596">
        <ele>1053.52</ele>
      </trkpt>
      <trkpt lat="-22.392696" lon="-44.944599">
        <ele>1053.84</ele>
      </trkpt>
      <trkpt lat="-22.392708" lon="-44.944605">
        <ele>1054.15</ele>
      </trkpt>
      <trkpt lat="-22.392721" lon="-44.944611">
        <ele>1054.46</ele>
      </trkpt>
      <trkpt lat="-22.392732" lon="-44.944617">
        <ele>1054.78</ele>
      </trkpt>
      <trkpt lat="-22.392744" lon="-44.944623">
        <ele>1055.09</ele>
      </trkpt>
      <trkpt lat="-22.392756" lon="-44.944629">
        <ele>1055.41</ele>
      </trkpt>
      <trkpt lat="-22.392768" lon="-44.944634">
        <ele>1055.63</ele>
      </trkpt>
      <trkpt lat="-22.392781" lon="-44.944637">
        <ele>1055.85</ele>
      </trkpt>
      <trkpt lat="-22.392794" lon="-44.94464">
        <ele>1056.07</ele>
      </trkpt>
      <trkpt lat="-22.392808" lon="-44.944643">
        <ele>1056.29</ele>
      </trkpt>
      <trkpt lat="-22.392821" lon="-44.944645">
        <ele>1056.51</ele>
      </trkpt>
      <trkpt lat="-22.392834" lon="-44.944647">
        <ele>1056.73</ele>
      </trkpt>
      <trkpt lat="-22.392847" lon="-44.944649">
        <ele>1056.95</ele>
      </trkpt>
      <trkpt lat="-22.392861" lon="-44.944651">
        <ele>1057.17</ele>
      </trkpt>
      <trkpt lat="-22.392874" lon="-44.944653">
        <ele>1057.39</ele>
      </trkpt>
      <trkpt lat="-22.392887" lon="-44.944655">
        <ele>1057.61</ele>
      </trkpt>
      <trkpt lat="-22.392901" lon="-44.944657">
        <ele>1057.83</ele>
      </trkpt>
      <trkpt lat="-22.392913" lon="-44.944658">
        <ele>1057.91</ele>
      </trkpt>
      <trkpt lat="-22.392925" lon="-44.944659">
        <ele>1057.99</ele>
      </trkpt>
      <trkpt lat="-22.392937" lon="-44.94466">
        <ele>1058.07</ele>
      </trkpt>
      <trkpt lat="-22.392949" lon="-44.944661">
        <ele>1058.15</ele>
      </trkpt>
      <trkpt lat="-22.392962" lon="-44.944661">
        <ele>1058.23</ele>
      </trkpt>
      <trkpt lat="-22.392974" lon="-44.944661">
        <ele>1058.31</ele>
      </trkpt>
      <trkpt lat="-22.392987" lon="-44.944662">
        <ele>1058.39</ele>
      </trkpt>
      <trkpt lat="-22.393" lon="-44.944663">
        <ele>1058.47</ele>
      </trkpt>
      <trkpt lat="-22.393013" lon="-44.944663">
        <ele>1058.55</ele>
      </trkpt>
      <trkpt lat="-22.393026" lon="-44.944663">
        <ele>1058.64</ele>
      </trkpt>
      <trkpt lat="-22.393038" lon="-44.944662">
        <ele>1058.72</ele>
      </trkpt>
      <trkpt lat="-22.39305" lon="-44.944661">
        <ele>1058.74</ele>
      </trkpt>
      <trkpt lat="-22.393061" lon="-44.944661">
        <ele>1058.77</ele>
      </trkpt>
      <trkpt lat="-22.393072" lon="-44.944661">
        <ele>1058.8</ele>
      </trkpt>
      <trkpt lat="-22.393084" lon="-44.944663">
        <ele>1058.83</ele>
      </trkpt>
      <trkpt lat="-22.393096" lon="-44.944664">
        <ele>1058.86</ele>
      </trkpt>
      <trkpt lat="-22.393108" lon="-44.944667">
        <ele>1058.89</ele>
      </trkpt>
      <trkpt lat="-22.393121" lon="-44.944669">
        <ele>1058.92</ele>
      </trkpt>
      <trkpt lat="-22.393134" lon="-44.944672">
        <ele>1058.95</ele>
      </trkpt>
      <trkpt lat="-22.393146" lon="-44.944674">
        <ele>1058.98</ele>
      </trkpt>
      <trkpt lat="-22.393159" lon="-44.944674">
        <ele>1059.01</ele>
      </trkpt>
      <trkpt lat="-22.393171" lon="-44.944675">
        <ele>1059.04</ele>
      </trkpt>
      <trkpt lat="-22.393182" lon="-44.944672">
        <ele>1059.07</ele>
      </trkpt>
      <trkpt lat="-22.393194" lon="-44.94467">
        <ele>1059.03</ele>
      </trkpt>
      <trkpt lat="-22.393204" lon="-44.944667">
        <ele>1058.99</ele>
      </trkpt>
      <trkpt lat="-22.393215" lon="-44.944663">
        <ele>1058.95</ele>
      </trkpt>
      <trkpt lat="-22.393226" lon="-44.944661">
        <ele>1058.91</ele>
      </trkpt>
      <trkpt lat="-22.393237" lon="-44.944658">
        <ele>1058.88</ele>
      </trkpt>
      <trkpt lat="-22.39325" lon="-44.944656">
        <ele>1058.84</ele>
      </trkpt>
      <trkpt lat="-22.393263" lon="-44.944654">
        <ele>1058.8</ele>
      </trkpt>
      <trkpt lat="-22.393277" lon="-44.944654">
        <ele>1058.76</ele>
      </trkpt>
      <trkpt lat="-22.393292" lon="-44.944654">
        <ele>1058.72</ele>
      </trkpt>
      <trkpt lat="-22.393305" lon="-44.944655">
        <ele>1058.69</ele>
      </trkpt>
      <trkpt lat="-22.393319" lon="-44.944655">
        <ele>1058.65</ele>
      </trkpt>
      <trkpt lat="-22.393333" lon="-44.944657">
        <ele>1058.65</ele>
      </trkpt>
      <trkpt lat="-22.393347" lon="-44.944658">
        <ele>1058.65</ele>
      </trkpt>
      <trkpt lat="-22.393363" lon="-44.944659">
        <ele>1058.65</ele>
      </trkpt>
      <trkpt lat="-22.393379" lon="-44.94466">
        <ele>1058.65</ele>
      </trkpt>
      <trkpt lat="-22.393398" lon="-44.944658">
        <ele>1058.65</ele>
      </trkpt>
      <trkpt lat="-22.393416" lon="-44.944656">
        <ele>1058.65</ele>
      </trkpt>
      <trkpt lat="-22.393435" lon="-44.944651">
        <ele>1058.65</ele>
      </trkpt>
      <trkpt lat="-22.393455" lon="-44.944646">
        <ele>1058.65</ele>
      </trkpt>
      <trkpt lat="-22.393473" lon="-44.94464">
        <ele>1058.67</ele>
      </trkpt>
      <trkpt lat="-22.393491" lon="-44.944634">
        <ele>1058.69</ele>
      </trkpt>
      <trkpt lat="-22.393508" lon="-44.944629">
        <ele>1058.7</ele>
      </trkpt>
      <trkpt lat="-22.393526" lon="-44.944625">
        <ele>1058.72</ele>
      </trkpt>
      <trkpt lat="-22.393543" lon="-44.944622">
        <ele>1058.74</ele>
      </trkpt>
      <trkpt lat="-22.39356" lon="-44.944619">
        <ele>1058.75</ele>
      </trkpt>
      <trkpt lat="-22.393576" lon="-44.944615">
        <ele>1058.77</ele>
      </trkpt>
      <trkpt lat="-22.393593" lon="-44.94461">
        <ele>1058.79</ele>
      </trkpt>
      <trkpt lat="-22.39361" lon="-44.944604">
        <ele>1058.86</ele>
      </trkpt>
      <trkpt lat="-22.393626" lon="-44.944598">
        <ele>1058.93</ele>
      </trkpt>
      <trkpt lat="-22.393643" lon="-44.944593">
        <ele>1059.01</ele>
      </trkpt>
      <trkpt lat="-22.39366" lon="-44.944587">
        <ele>1059.08</ele>
      </trkpt>
      <trkpt lat="-22.393678" lon="-44.944584">
        <ele>1059.16</ele>
      </trkpt>
      <trkpt lat="-22.393696" lon="-44.944581">
        <ele>1059.23</ele>
      </trkpt>
      <trkpt lat="-22.393716" lon="-44.944576">
        <ele>1059.31</ele>
      </trkpt>
      <trkpt lat="-22.393737" lon="-44.944572">
        <ele>1059.38</ele>
      </trkpt>
      <trkpt lat="-22.393756" lon="-44.944564">
        <ele>1059.52</ele>
      </trkpt>
      <trkpt lat="-22.393776" lon="-44.944556">
        <ele>1059.65</ele>
      </trkpt>
      <trkpt lat="-22.393794" lon="-44.944548">
        <ele>1059.79</ele>
      </trkpt>
      <trkpt lat="-22.393812" lon="-44.94454">
        <ele>1059.92</ele>
      </trkpt>
      <trkpt lat="-22.393831" lon="-44.944535">
        <ele>1060.05</ele>
      </trkpt>
      <trkpt lat="-22.39385" lon="-44.944531">
        <ele>1060.19</ele>
      </trkpt>
      <trkpt lat="-22.393869" lon="-44.94453">
        <ele>1060.32</ele>
      </trkpt>
      <trkpt lat="-22.393888" lon="-44.944529">
        <ele>1060.6</ele>
      </trkpt>
      <trkpt lat="-22.393907" lon="-44.944533">
        <ele>1060.89</ele>
      </trkpt>
      <trkpt lat="-22.393926" lon="-44.944537">
        <ele>1061.17</ele>
      </trkpt>
      <trkpt lat="-22.393942" lon="-44.944541">
        <ele>1061.45</ele>
      </trkpt>
      <trkpt lat="-22.393957" lon="-44.944546">
        <ele>1061.73</ele>
      </trkpt>
      <trkpt lat="-22.39397" lon="-44.944549">
        <ele>1062.01</ele>
      </trkpt>
      <trkpt lat="-22.393983" lon="-44.944553">
        <ele>1062.3</ele>
      </trkpt>
      <trkpt lat="-22.393994" lon="-44.944555">
        <ele>1062.58</ele>
      </trkpt>
      <trkpt lat="-22.394006" lon="-44.944558">
        <ele>1062.86</ele>
      </trkpt>
      <trkpt lat="-22.394016" lon="-44.944558">
        <ele>1062.99</ele>
      </trkpt>
      <trkpt lat="-22.394026" lon="-44.944558">
        <ele>1063.13</ele>
      </trkpt>
      <trkpt lat="-22.394037" lon="-44.944557">
        <ele>1063.26</ele>
      </trkpt>
      <trkpt lat="-22.394047" lon="-44.944557">
        <ele>1063.4</ele>
      </trkpt>
      <trkpt lat="-22.394059" lon="-44.944557">
        <ele>1063.53</ele>
      </trkpt>
      <trkpt lat="-22.39407" lon="-44.944557">
        <ele>1063.67</ele>
      </trkpt>
      <trkpt lat="-22.39408" lon="-44.944557">
        <ele>1063.8</ele>
      </trkpt>
      <trkpt lat="-22.394091" lon="-44.944557">
        <ele>1063.94</ele>
      </trkpt>
      <trkpt lat="-22.394101" lon="-44.944557">
        <ele>1064.07</ele>
      </trkpt>
      <trkpt lat="-22.394111" lon="-44.944556">
        <ele>1064.2</ele>
      </trkpt>
      <trkpt lat="-22.394122" lon="-44.944556">
        <ele>1064.34</ele>
      </trkpt>
      <trkpt lat="-22.394132" lon="-44.944555">
        <ele>1064.47</ele>
      </trkpt>
      <trkpt lat="-22.394143" lon="-44.944552">
        <ele>1064.61</ele>
      </trkpt>
      <trkpt lat="-22.394153" lon="-44.94455">
        <ele>1064.75</ele>
      </trkpt>
      <trkpt lat="-22.394165" lon="-44.944547">
        <ele>1064.9</ele>
      </trkpt>
      <trkpt lat="-22.394177" lon="-44.944544">
        <ele>1065.05</ele>
      </trkpt>
      <trkpt lat="-22.394191" lon="-44.944543">
        <ele>1065.2</ele>
      </trkpt>
      <trkpt lat="-22.394205" lon="-44.944543">
        <ele>1065.34</ele>
      </trkpt>
      <trkpt lat="-22.394218" lon="-44.944543">
        <ele>1065.49</ele>
      </trkpt>
      <trkpt lat="-22.394232" lon="-44.944544">
        <ele>1065.64</ele>
      </trkpt>
      <trkpt lat="-22.394245" lon="-44.944543">
        <ele>1065.79</ele>
      </trkpt>
      <trkpt lat="-22.394258" lon="-44.944543">
        <ele>1065.93</ele>
      </trkpt>
      <trkpt lat="-22.394271" lon="-44.94454">
        <ele>1066.08</ele>
      </trkpt>
      <trkpt lat="-22.394283" lon="-44.944537">
        <ele>1066.23</ele>
      </trkpt>
      <trkpt lat="-22.394295" lon="-44.944532">
        <ele>1066.37</ele>
      </trkpt>
      <trkpt lat="-22.394307" lon="-44.944528">
        <ele>1066.5</ele>
      </trkpt>
      <trkpt lat="-22.394319" lon="-44.944526">
        <ele>1066.64</ele>
      </trkpt>
      <trkpt lat="-22.394331" lon="-44.944523">
        <ele>1066.78</ele>
      </trkpt>
      <trkpt lat="-22.394344" lon="-44.944522">
        <ele>1066.91</ele>
      </trkpt>
      <trkpt lat="-22.394357" lon="-44.944521">
        <ele>1067.05</ele>
      </trkpt>
      <trkpt lat="-22.394369" lon="-44.944519">
        <ele>1067.18</ele>
      </trkpt>
      <trkpt lat="-22.394381" lon="-44.944516">
        <ele>1067.32</ele>
      </trkpt>
      <trkpt lat="-22.394393" lon="-44.944513">
        <ele>1067.46</ele>
      </trkpt>
      <trkpt lat="-22.394405" lon="-44.944509">
        <ele>1067.59</ele>
      </trkpt>
      <trkpt lat="-22.394416" lon="-44.944505">
        <ele>1067.73</ele>
      </trkpt>
      <trkpt lat="-22.394428" lon="-44.944502">
        <ele>1067.79</ele>
      </trkpt>
      <trkpt lat="-22.394439" lon="-44.944498">
        <ele>1067.85</ele>
      </trkpt>
      <trkpt lat="-22.39445" lon="-44.944494">
        <ele>1067.91</ele>
      </trkpt>
      <trkpt lat="-22.394461" lon="-44.944489">
        <ele>1067.97</ele>
      </trkpt>
      <trkpt lat="-22.394472" lon="-44.944484">
        <ele>1068.03</ele>
      </trkpt>
      <trkpt lat="-22.394483" lon="-44.944477">
        <ele>1068.08</ele>
      </trkpt>
      <trkpt lat="-22.394493" lon="-44.944471">
        <ele>1068.14</ele>
      </trkpt>
      <trkpt lat="-22.394504" lon="-44.944464">
        <ele>1068.2</ele>
      </trkpt>
      <trkpt lat="-22.394515" lon="-44.944457">
        <ele>1068.26</ele>
      </trkpt>
      <trkpt lat="-22.394525" lon="-44.94445">
        <ele>1068.32</ele>
      </trkpt>
      <trkpt lat="-22.394535" lon="-44.944443">
        <ele>1068.38</ele>
      </trkpt>
      <trkpt lat="-22.394545" lon="-44.944439">
        <ele>1068.44</ele>
      </trkpt>
      <trkpt lat="-22.394555" lon="-44.944435">
        <ele>1068.58</ele>
      </trkpt>
      <trkpt lat="-22.394567" lon="-44.944432">
        <ele>1068.72</ele>
      </trkpt>
      <trkpt lat="-22.394578" lon="-44.94443">
        <ele>1068.86</ele>
      </trkpt>
      <trkpt lat="-22.39459" lon="-44.944427">
        <ele>1069.01</ele>
      </trkpt>
      <trkpt lat="-22.394602" lon="-44.944425">
        <ele>1069.15</ele>
      </trkpt>
      <trkpt lat="-22.394612" lon="-44.94442">
        <ele>1069.29</ele>
      </trkpt>
      <trkpt lat="-22.394623" lon="-44.944414">
        <ele>1069.43</ele>
      </trkpt>
      <trkpt lat="-22.394633" lon="-44.944407">
        <ele>1069.57</ele>
      </trkpt>
      <trkpt lat="-22.394642" lon="-44.9444">
        <ele>1069.72</ele>
      </trkpt>
      <trkpt lat="-22.394653" lon="-44.944396">
        <ele>1069.86</ele>
      </trkpt>
      <trkpt lat="-22.394664" lon="-44.944392">
        <ele>1070</ele>
      </trkpt>
      <trkpt lat="-22.394676" lon="-44.94439">
        <ele>1070.14</ele>
      </trkpt>
      <trkpt lat="-22.394688" lon="-44.944388">
        <ele>1070.49</ele>
      </trkpt>
      <trkpt lat="-22.394699" lon="-44.944388">
        <ele>1070.84</ele>
      </trkpt>
      <trkpt lat="-22.39471" lon="-44.944387">
        <ele>1071.19</ele>
      </trkpt>
      <trkpt lat="-22.39472" lon="-44.94439">
        <ele>1071.53</ele>
      </trkpt>
      <trkpt lat="-22.394731" lon="-44.944393">
        <ele>1071.88</ele>
      </trkpt>
      <trkpt lat="-22.39474" lon="-44.9444">
        <ele>1072.23</ele>
      </trkpt>
      <trkpt lat="-22.39475" lon="-44.944408">
        <ele>1072.58</ele>
      </trkpt>
      <trkpt lat="-22.394758" lon="-44.94442">
        <ele>1072.93</ele>
      </trkpt>
      <trkpt lat="-22.394766" lon="-44.944431">
        <ele>1073.28</ele>
      </trkpt>
      <trkpt lat="-22.394774" lon="-44.944443">
        <ele>1073.62</ele>
      </trkpt>
      <trkpt lat="-22.394782" lon="-44.944455">
        <ele>1073.97</ele>
      </trkpt>
      <trkpt lat="-22.39479" lon="-44.944466">
        <ele>1074.32</ele>
      </trkpt>
      <trkpt lat="-22.394798" lon="-44.944477">
        <ele>1074.78</ele>
      </trkpt>
      <trkpt lat="-22.394806" lon="-44.944487">
        <ele>1075.23</ele>
      </trkpt>
      <trkpt lat="-22.394813" lon="-44.944497">
        <ele>1075.69</ele>
      </trkpt>
      <trkpt lat="-22.39482" lon="-44.944508">
        <ele>1076.14</ele>
      </trkpt>
      <trkpt lat="-22.394827" lon="-44.944519">
        <ele>1076.6</ele>
      </trkpt>
      <trkpt lat="-22.394836" lon="-44.944529">
        <ele>1077.05</ele>
      </trkpt>
      <trkpt lat="-22.394844" lon="-44.94454">
        <ele>1077.51</ele>
      </trkpt>
      <trkpt lat="-22.394853" lon="-44.944551">
        <ele>1077.97</ele>
      </trkpt>
      <trkpt lat="-22.394862" lon="-44.944562">
        <ele>1078.42</ele>
      </trkpt>
      <trkpt lat="-22.394871" lon="-44.944574">
        <ele>1078.88</ele>
      </trkpt>
      <trkpt lat="-22.394881" lon="-44.944586">
        <ele>1079.33</ele>
      </trkpt>
      <trkpt lat="-22.394891" lon="-44.944599">
        <ele>1079.84</ele>
      </trkpt>
      <trkpt lat="-22.394901" lon="-44.944611">
        <ele>1080.34</ele>
      </trkpt>
      <trkpt lat="-22.39491" lon="-44.944623">
        <ele>1080.85</ele>
      </trkpt>
      <trkpt lat="-22.39492" lon="-44.944636">
        <ele>1081.36</ele>
      </trkpt>
      <trkpt lat="-22.394928" lon="-44.944648">
        <ele>1081.86</ele>
      </trkpt>
      <trkpt lat="-22.394937" lon="-44.94466">
        <ele>1082.37</ele>
      </trkpt>
      <trkpt lat="-22.394947" lon="-44.94467">
        <ele>1082.87</ele>
      </trkpt>
      <trkpt lat="-22.394956" lon="-44.94468">
        <ele>1083.38</ele>
      </trkpt>
      <trkpt lat="-22.394967" lon="-44.944689">
        <ele>1083.89</ele>
      </trkpt>
      <trkpt lat="-22.394978" lon="-44.944698">
        <ele>1084.39</ele>
      </trkpt>
      <trkpt lat="-22.394989" lon="-44.944705">
        <ele>1084.67</ele>
      </trkpt>
      <trkpt lat="-22.395001" lon="-44.944713">
        <ele>1084.95</ele>
      </trkpt>
      <trkpt lat="-22.395014" lon="-44.944719">
        <ele>1085.23</ele>
      </trkpt>
      <trkpt lat="-22.395027" lon="-44.944725">
        <ele>1085.51</ele>
      </trkpt>
      <trkpt lat="-22.395039" lon="-44.94473">
        <ele>1085.79</ele>
      </trkpt>
      <trkpt lat="-22.395051" lon="-44.944735">
        <ele>1086.08</ele>
      </trkpt>
      <trkpt lat="-22.395063" lon="-44.94474">
        <ele>1086.36</ele>
      </trkpt>
      <trkpt lat="-22.395074" lon="-44.944744">
        <ele>1086.64</ele>
      </trkpt>
      <trkpt lat="-22.395084" lon="-44.944746">
        <ele>1086.92</ele>
      </trkpt>
      <trkpt lat="-22.395095" lon="-44.944749">
        <ele>1087.2</ele>
      </trkpt>
      <trkpt lat="-22.395105" lon="-44.94475">
        <ele>1087.48</ele>
      </trkpt>
      <trkpt lat="-22.395115" lon="-44.944751">
        <ele>1087.72</ele>
      </trkpt>
      <trkpt lat="-22.395127" lon="-44.944751">
        <ele>1087.96</ele>
      </trkpt>
      <trkpt lat="-22.395139" lon="-44.944751">
        <ele>1088.19</ele>
      </trkpt>
      <trkpt lat="-22.395154" lon="-44.944752">
        <ele>1088.43</ele>
      </trkpt>
      <trkpt lat="-22.39517" lon="-44.944752">
        <ele>1088.67</ele>
      </trkpt>
      <trkpt lat="-22.395188" lon="-44.944754">
        <ele>1088.91</ele>
      </trkpt>
      <trkpt lat="-22.395206" lon="-44.944755">
        <ele>1089.15</ele>
      </trkpt>
      <trkpt lat="-22.395228" lon="-44.944758">
        <ele>1089.38</ele>
      </trkpt>
      <trkpt lat="-22.39525" lon="-44.944761">
        <ele>1089.62</ele>
      </trkpt>
      <trkpt lat="-22.395274" lon="-44.944765">
        <ele>1090.06</ele>
      </trkpt>
      <trkpt lat="-22.395299" lon="-44.94477">
        <ele>1090.5</ele>
      </trkpt>
      <trkpt lat="-22.395324" lon="-44.944775">
        <ele>1090.94</ele>
      </trkpt>
      <trkpt lat="-22.395349" lon="-44.94478">
        <ele>1091.38</ele>
      </trkpt>
      <trkpt lat="-22.395374" lon="-44.944782">
        <ele>1091.82</ele>
      </trkpt>
      <trkpt lat="-22.395399" lon="-44.944784">
        <ele>1092.26</ele>
      </trkpt>
      <trkpt lat="-22.395423" lon="-44.944781">
        <ele>1092.49</ele>
      </trkpt>
      <trkpt lat="-22.395448" lon="-44.944779">
        <ele>1092.72</ele>
      </trkpt>
      <trkpt lat="-22.39547" lon="-44.944775">
        <ele>1092.95</ele>
      </trkpt>
      <trkpt lat="-22.395493" lon="-44.94477">
        <ele>1093.18</ele>
      </trkpt>
      <trkpt lat="-22.395514" lon="-44.944763">
        <ele>1093.41</ele>
      </trkpt>
      <trkpt lat="-22.395535" lon="-44.944756">
        <ele>1093.64</ele>
      </trkpt>
      <trkpt lat="-22.395556" lon="-44.944748">
        <ele>1093.71</ele>
      </trkpt>
      <trkpt lat="-22.395577" lon="-44.944739">
        <ele>1093.78</ele>
      </trkpt>
      <trkpt lat="-22.395598" lon="-44.94473">
        <ele>1093.85</ele>
      </trkpt>
      <trkpt lat="-22.395619" lon="-44.944721">
        <ele>1093.92</ele>
      </trkpt>
      <trkpt lat="-22.39564" lon="-44.944713">
        <ele>1093.99</ele>
      </trkpt>
      <trkpt lat="-22.395661" lon="-44.944704">
        <ele>1094.06</ele>
      </trkpt>
      <trkpt lat="-22.395681" lon="-44.944694">
        <ele>1094.13</ele>
      </trkpt>
      <trkpt lat="-22.395701" lon="-44.944684">
        <ele>1094.18</ele>
      </trkpt>
      <trkpt lat="-22.395715" lon="-44.944674">
        <ele>1094.22</ele>
      </trkpt>
      <trkpt lat="-22.395729" lon="-44.944663">
        <ele>1094.27</ele>
      </trkpt>
      <trkpt lat="-22.395738" lon="-44.944657">
        <ele>1094.32</ele>
      </trkpt>
      <trkpt lat="-22.395746" lon="-44.944651">
        <ele>1094.37</ele>
      </trkpt>
      <trkpt lat="-22.395751" lon="-44.94465">
        <ele>1094.42</ele>
      </trkpt>
      <trkpt lat="-22.395756" lon="-44.94465">
        <ele>1094.46</ele>
      </trkpt>
      <trkpt lat="-22.395759" lon="-44.944652">
        <ele>1094.51</ele>
      </trkpt>
      <trkpt lat="-22.395761" lon="-44.944654">
        <ele>1094.56</ele>
      </trkpt>
      <trkpt lat="-22.395764" lon="-44.944655">
        <ele>1094.61</ele>
      </trkpt>
      <trkpt lat="-22.39577" lon="-44.944657">
        <ele>1094.65</ele>
      </trkpt>
      <trkpt lat="-22.395775" lon="-44.944658">
        <ele>1094.7</ele>
      </trkpt>
      <trkpt lat="-22.395784" lon="-44.944657">
        <ele>1094.75</ele>
      </trkpt>
      <trkpt lat="-22.395794" lon="-44.944655">
        <ele>1094.8</ele>
      </trkpt>
      <trkpt lat="-22.395805" lon="-44.944654">
        <ele>1094.84</ele>
      </trkpt>
      <trkpt lat="-22.395817" lon="-44.944653">
        <ele>1094.81</ele>
      </trkpt>
      <trkpt lat="-22.395817" lon="-44.944653">
        <ele>1094.77</ele>
      </trkpt>
      <trkpt lat="-22.395817" lon="-44.944653">
        <ele>1094.74</ele>
      </trkpt>
      <trkpt lat="-22.395817" lon="-44.944653">
        <ele>1094.71</ele>
      </trkpt>
      <trkpt lat="-22.395817" lon="-44.944653">
        <ele>1094.67</ele>
      </trkpt>
      <trkpt lat="-22.395817" lon="-44.944653">
        <ele>1094.64</ele>
      </trkpt>
      <trkpt lat="-22.395817" lon="-44.944653">
        <ele>1094.6</ele>
      </trkpt>
      <trkpt lat="-22.395817" lon="-44.944653">
        <ele>1094.57</ele>
      </trkpt>
      <trkpt lat="-22.395817" lon="-44.944653">
        <ele>1094.53</ele>
      </trkpt>
      <trkpt lat="-22.395817" lon="-44.944653">
        <ele>1094.5</ele>
      </trkpt>
      <trkpt lat="-22.395829" lon="-44.944645">
        <ele>1094.46</ele>
      </trkpt>
      <trkpt lat="-22.395833" lon="-44.944639">
        <ele>1094.43</ele>
      </trkpt>
      <trkpt lat="-22.395838" lon="-44.944633">
        <ele>1094.39</ele>
      </trkpt>
      <trkpt lat="-22.395838" lon="-44.944626">
        <ele>1094.36</ele>
      </trkpt>
      <trkpt lat="-22.395838" lon="-44.944619">
        <ele>1094.33</ele>
      </trkpt>
      <trkpt lat="-22.395836" lon="-44.944611">
        <ele>1094.29</ele>
      </trkpt>
      <trkpt lat="-22.395835" lon="-44.944603">
        <ele>1094.26</ele>
      </trkpt>
      <trkpt lat="-22.395833" lon="-44.944595">
        <ele>1094.22</ele>
      </trkpt>
      <trkpt lat="-22.395831" lon="-44.944587">
        <ele>1094.19</ele>
      </trkpt>
      <trkpt lat="-22.39583" lon="-44.944579">
        <ele>1094.15</ele>
      </trkpt>
      <trkpt lat="-22.395829" lon="-44.944571">
        <ele>1094.12</ele>
      </trkpt>
      <trkpt lat="-22.395829" lon="-44.944566">
        <ele>1094.08</ele>
      </trkpt>
      <trkpt lat="-22.395829" lon="-44.944561">
        <ele>1094.05</ele>
      </trkpt>
      <trkpt lat="-22.395829" lon="-44.944561">
        <ele>1094.01</ele>
      </trkpt>
      <trkpt lat="-22.395829" lon="-44.944561">
        <ele>1093.98</ele>
      </trkpt>
      <trkpt lat="-22.395829" lon="-44.944561">
        <ele>1093.95</ele>
      </trkpt>
      <trkpt lat="-22.395829" lon="-44.944561">
        <ele>1093.91</ele>
      </trkpt>
      <trkpt lat="-22.395829" lon="-44.944561">
        <ele>1093.88</ele>
      </trkpt>
      <trkpt lat="-22.395829" lon="-44.944561">
        <ele>1093.84</ele>
      </trkpt>
      <trkpt lat="-22.395829" lon="-44.944561">
        <ele>1093.81</ele>
      </trkpt>
      <trkpt lat="-22.395829" lon="-44.944561">
        <ele>1093.77</ele>
      </trkpt>
      <trkpt lat="-22.395829" lon="-44.944561">
        <ele>1093.74</ele>
      </trkpt>
      <trkpt lat="-22.395829" lon="-44.944561">
        <ele>1093.7</ele>
      </trkpt>
      <trkpt lat="-22.395829" lon="-44.944561">
        <ele>1093.67</ele>
      </trkpt>
      <trkpt lat="-22.395829" lon="-44.944561">
        <ele>1093.64</ele>
      </trkpt>
      <trkpt lat="-22.395829" lon="-44.944561">
        <ele>1093.6</ele>
      </trkpt>
      <trkpt lat="-22.395829" lon="-44.944561">
        <ele>1093.57</ele>
      </trkpt>
      <trkpt lat="-22.395829" lon="-44.944561">
        <ele>1093.53</ele>
      </trkpt>
      <trkpt lat="-22.395829" lon="-44.944561">
        <ele>1093.5</ele>
      </trkpt>
      <trkpt lat="-22.395833" lon="-44.944546">
        <ele>1093.46</ele>
      </trkpt>
      <trkpt lat="-22.395837" lon="-44.944536">
        <ele>1093.43</ele>
      </trkpt>
      <trkpt lat="-22.395842" lon="-44.944527">
        <ele>1093.39</ele>
      </trkpt>
      <trkpt lat="-22.39585" lon="-44.944521">
        <ele>1093.57</ele>
      </trkpt>
      <trkpt lat="-22.395858" lon="-44.944515">
        <ele>1093.75</ele>
      </trkpt>
      <trkpt lat="-22.395868" lon="-44.944511">
        <ele>1093.93</ele>
      </trkpt>
      <trkpt lat="-22.395879" lon="-44.944506">
        <ele>1094.11</ele>
      </trkpt>
      <trkpt lat="-22.395893" lon="-44.9445">
        <ele>1094.29</ele>
      </trkpt>
      <trkpt lat="-22.395906" lon="-44.944493">
        <ele>1094.47</ele>
      </trkpt>
      <trkpt lat="-22.395921" lon="-44.944487">
        <ele>1094.64</ele>
      </trkpt>
      <trkpt lat="-22.395937" lon="-44.944482">
        <ele>1094.82</ele>
      </trkpt>
      <trkpt lat="-22.395952" lon="-44.944487">
        <ele>1095</ele>
      </trkpt>
      <trkpt lat="-22.395967" lon="-44.944492">
        <ele>1095.18</ele>
      </trkpt>
      <trkpt lat="-22.39598" lon="-44.944503">
        <ele>1095.23</ele>
      </trkpt>
      <trkpt lat="-22.395993" lon="-44.944514">
        <ele>1095.29</ele>
      </trkpt>
      <trkpt lat="-22.396004" lon="-44.944518">
        <ele>1095.34</ele>
      </trkpt>
      <trkpt lat="-22.396014" lon="-44.944522">
        <ele>1095.4</ele>
      </trkpt>
      <trkpt lat="-22.396024" lon="-44.944521">
        <ele>1095.45</ele>
      </trkpt>
      <trkpt lat="-22.396033" lon="-44.94452">
        <ele>1095.51</ele>
      </trkpt>
      <trkpt lat="-22.396042" lon="-44.944519">
        <ele>1095.56</ele>
      </trkpt>
      <trkpt lat="-22.396051" lon="-44.944517">
        <ele>1095.62</ele>
      </trkpt>
      <trkpt lat="-22.39606" lon="-44.944516">
        <ele>1095.67</ele>
      </trkpt>
      <trkpt lat="-22.396069" lon="-44.944514">
        <ele>1095.73</ele>
      </trkpt>
      <trkpt lat="-22.396075" lon="-44.944516">
        <ele>1095.78</ele>
      </trkpt>
      <trkpt lat="-22.396082" lon="-44.944517">
        <ele>1095.84</ele>
      </trkpt>
      <trkpt lat="-22.396082" lon="-44.944517">
        <ele>1095.89</ele>
      </trkpt>
      <trkpt lat="-22.396082" lon="-44.944517">
        <ele>1095.95</ele>
      </trkpt>
      <trkpt lat="-22.396082" lon="-44.944517">
        <ele>1096</ele>
      </trkpt>
      <trkpt lat="-22.396082" lon="-44.944517">
        <ele>1096.06</ele>
      </trkpt>
      <trkpt lat="-22.396082" lon="-44.944517">
        <ele>1096.11</ele>
      </trkpt>
      <trkpt lat="-22.396082" lon="-44.944517">
        <ele>1096.17</ele>
      </trkpt>
      <trkpt lat="-22.396082" lon="-44.944517">
        <ele>1096.22</ele>
      </trkpt>
      <trkpt lat="-22.396082" lon="-44.944517">
        <ele>1096.28</ele>
      </trkpt>
      <trkpt lat="-22.396082" lon="-44.944517">
        <ele>1096.33</ele>
      </trkpt>
      <trkpt lat="-22.396082" lon="-44.944517">
        <ele>1096.39</ele>
      </trkpt>
      <trkpt lat="-22.396082" lon="-44.944517">
        <ele>1096.44</ele>
      </trkpt>
      <trkpt lat="-22.396082" lon="-44.944517">
        <ele>1096.5</ele>
      </trkpt>
      <trkpt lat="-22.396082" lon="-44.944517">
        <ele>1096.55</ele>
      </trkpt>
      <trkpt lat="-22.396082" lon="-44.944517">
        <ele>1096.61</ele>
      </trkpt>
      <trkpt lat="-22.396082" lon="-44.944517">
        <ele>1096.66</ele>
      </trkpt>
      <trkpt lat="-22.396082" lon="-44.944517">
        <ele>1096.72</ele>
      </trkpt>
      <trkpt lat="-22.396082" lon="-44.944517">
        <ele>1096.77</ele>
      </trkpt>
      <trkpt lat="-22.396082" lon="-44.944517">
        <ele>1096.83</ele>
      </trkpt>
      <trkpt lat="-22.396082" lon="-44.944517">
        <ele>1096.88</ele>
      </trkpt>
      <trkpt lat="-22.396082" lon="-44.944517">
        <ele>1096.94</ele>
      </trkpt>
      <trkpt lat="-22.396105" lon="-44.944525">
        <ele>1096.99</ele>
      </trkpt>
      <trkpt lat="-22.396105" lon="-44.944525">
        <ele>1097.04</ele>
      </trkpt>
      <trkpt lat="-22.396105" lon="-44.944525">
        <ele>1097.09</ele>
      </trkpt>
      <trkpt lat="-22.396105" lon="-44.944525">
        <ele>1097.14</ele>
      </trkpt>
      <trkpt lat="-22.396105" lon="-44.944525">
        <ele>1097.19</ele>
      </trkpt>
      <trkpt lat="-22.396105" lon="-44.944525">
        <ele>1097.24</ele>
      </trkpt>
      <trkpt lat="-22.396105" lon="-44.944525">
        <ele>1097.29</ele>
      </trkpt>
      <trkpt lat="-22.396105" lon="-44.944525">
        <ele>1097.34</ele>
      </trkpt>
      <trkpt lat="-22.396105" lon="-44.944525">
        <ele>1097.39</ele>
      </trkpt>
      <trkpt lat="-22.396105" lon="-44.944525">
        <ele>1097.43</ele>
      </trkpt>
      <trkpt lat="-22.396105" lon="-44.944525">
        <ele>1097.48</ele>
      </trkpt>
      <trkpt lat="-22.396105" lon="-44.944525">
        <ele>1097.53</ele>
      </trkpt>
      <trkpt lat="-22.396105" lon="-44.944525">
        <ele>1097.58</ele>
      </trkpt>
      <trkpt lat="-22.396105" lon="-44.944525">
        <ele>1097.63</ele>
      </trkpt>
      <trkpt lat="-22.396105" lon="-44.944525">
        <ele>1097.68</ele>
      </trkpt>
      <trkpt lat="-22.396105" lon="-44.944525">
        <ele>1097.73</ele>
      </trkpt>
      <trkpt lat="-22.396105" lon="-44.944525">
        <ele>1097.78</ele>
      </trkpt>
      <trkpt lat="-22.396105" lon="-44.944525">
        <ele>1097.83</ele>
      </trkpt>
      <trkpt lat="-22.396133" lon="-44.944527">
        <ele>1097.88</ele>
      </trkpt>
      <trkpt lat="-22.396133" lon="-44.944527">
        <ele>1097.93</ele>
      </trkpt>
      <trkpt lat="-22.396133" lon="-44.944527">
        <ele>1097.97</ele>
      </trkpt>
      <trkpt lat="-22.396133" lon="-44.944527">
        <ele>1098.02</ele>
      </trkpt>
      <trkpt lat="-22.396133" lon="-44.944527">
        <ele>1098.07</ele>
      </trkpt>
      <trkpt lat="-22.396133" lon="-44.944527">
        <ele>1098.12</ele>
      </trkpt>
      <trkpt lat="-22.396133" lon="-44.944527">
        <ele>1098.17</ele>
      </trkpt>
      <trkpt lat="-22.396133" lon="-44.944527">
        <ele>1098.22</ele>
      </trkpt>
      <trkpt lat="-22.396133" lon="-44.944527">
        <ele>1098.27</ele>
      </trkpt>
      <trkpt lat="-22.396133" lon="-44.944527">
        <ele>1098.32</ele>
      </trkpt>
      <trkpt lat="-22.396133" lon="-44.944527">
        <ele>1098.37</ele>
      </trkpt>
      <trkpt lat="-22.396133" lon="-44.944527">
        <ele>1098.42</ele>
      </trkpt>
      <trkpt lat="-22.396133" lon="-44.944527">
        <ele>1098.47</ele>
      </trkpt>
      <trkpt lat="-22.396133" lon="-44.944527">
        <ele>1098.51</ele>
      </trkpt>
      <trkpt lat="-22.396133" lon="-44.944527">
        <ele>1098.56</ele>
      </trkpt>
      <trkpt lat="-22.396151" lon="-44.944533">
        <ele>1098.61</ele>
      </trkpt>
      <trkpt lat="-22.396161" lon="-44.944534">
        <ele>1098.66</ele>
      </trkpt>
      <trkpt lat="-22.396171" lon="-44.944535">
        <ele>1098.71</ele>
      </trkpt>
      <trkpt lat="-22.396176" lon="-44.944531">
        <ele>1098.76</ele>
      </trkpt>
      <trkpt lat="-22.396182" lon="-44.944528">
        <ele>1098.81</ele>
      </trkpt>
      <trkpt lat="-22.396187" lon="-44.944521">
        <ele>1098.86</ele>
      </trkpt>
      <trkpt lat="-22.396192" lon="-44.944515">
        <ele>1098.91</ele>
      </trkpt>
      <trkpt lat="-22.396199" lon="-44.944505">
        <ele>1098.96</ele>
      </trkpt>
      <trkpt lat="-22.396206" lon="-44.944496">
        <ele>1099</ele>
      </trkpt>
      <trkpt lat="-22.396214" lon="-44.944485">
        <ele>1099.05</ele>
      </trkpt>
      <trkpt lat="-22.396222" lon="-44.944474">
        <ele>1099.1</ele>
      </trkpt>
      <trkpt lat="-22.396233" lon="-44.944464">
        <ele>1099.31</ele>
      </trkpt>
      <trkpt lat="-22.396243" lon="-44.944453">
        <ele>1099.51</ele>
      </trkpt>
      <trkpt lat="-22.396254" lon="-44.944443">
        <ele>1099.71</ele>
      </trkpt>
      <trkpt lat="-22.396265" lon="-44.944434">
        <ele>1099.91</ele>
      </trkpt>
      <trkpt lat="-22.396276" lon="-44.944423">
        <ele>1100.12</ele>
      </trkpt>
      <trkpt lat="-22.396286" lon="-44.944413">
        <ele>1100.32</ele>
      </trkpt>
      <trkpt lat="-22.396295" lon="-44.944403">
        <ele>1100.52</ele>
      </trkpt>
      <trkpt lat="-22.396305" lon="-44.944392">
        <ele>1100.72</ele>
      </trkpt>
      <trkpt lat="-22.396312" lon="-44.944381">
        <ele>1100.93</ele>
      </trkpt>
      <trkpt lat="-22.39632" lon="-44.944369">
        <ele>1101.13</ele>
      </trkpt>
      <trkpt lat="-22.396328" lon="-44.944356">
        <ele>1101.24</ele>
      </trkpt>
      <trkpt lat="-22.396336" lon="-44.944343">
        <ele>1101.35</ele>
      </trkpt>
      <trkpt lat="-22.396346" lon="-44.944331">
        <ele>1101.46</ele>
      </trkpt>
      <trkpt lat="-22.396356" lon="-44.94432">
        <ele>1101.57</ele>
      </trkpt>
      <trkpt lat="-22.396367" lon="-44.944309">
        <ele>1101.68</ele>
      </trkpt>
      <trkpt lat="-22.396379" lon="-44.944298">
        <ele>1101.79</ele>
      </trkpt>
      <trkpt lat="-22.39639" lon="-44.944289">
        <ele>1101.91</ele>
      </trkpt>
      <trkpt lat="-22.396401" lon="-44.944281">
        <ele>1102.02</ele>
      </trkpt>
      <trkpt lat="-22.39641" lon="-44.944275">
        <ele>1102.13</ele>
      </trkpt>
      <trkpt lat="-22.39642" lon="-44.944269">
        <ele>1102.24</ele>
      </trkpt>
      <trkpt lat="-22.396426" lon="-44.944261">
        <ele>1102.36</ele>
      </trkpt>
      <trkpt lat="-22.396433" lon="-44.944253">
        <ele>1102.49</ele>
      </trkpt>
      <trkpt lat="-22.396439" lon="-44.944241">
        <ele>1102.62</ele>
      </trkpt>
      <trkpt lat="-22.396445" lon="-44.944229">
        <ele>1102.74</ele>
      </trkpt>
      <trkpt lat="-22.396449" lon="-44.944216">
        <ele>1102.87</ele>
      </trkpt>
      <trkpt lat="-22.396454" lon="-44.944202">
        <ele>1102.99</ele>
      </trkpt>
      <trkpt lat="-22.396458" lon="-44.94419">
        <ele>1103.12</ele>
      </trkpt>
      <trkpt lat="-22.396461" lon="-44.944178">
        <ele>1103.24</ele>
      </trkpt>
      <trkpt lat="-22.396464" lon="-44.944165">
        <ele>1103.37</ele>
      </trkpt>
      <trkpt lat="-22.396468" lon="-44.944152">
        <ele>1103.5</ele>
      </trkpt>
      <trkpt lat="-22.396471" lon="-44.944137">
        <ele>1103.62</ele>
      </trkpt>
      <trkpt lat="-22.396475" lon="-44.944122">
        <ele>1103.75</ele>
      </trkpt>
      <trkpt lat="-22.396483" lon="-44.944106">
        <ele>1103.95</ele>
      </trkpt>
      <trkpt lat="-22.396492" lon="-44.944091">
        <ele>1104.15</ele>
      </trkpt>
      <trkpt lat="-22.396502" lon="-44.944075">
        <ele>1104.35</ele>
      </trkpt>
      <trkpt lat="-22.396513" lon="-44.944059">
        <ele>1104.55</ele>
      </trkpt>
      <trkpt lat="-22.396526" lon="-44.944042">
        <ele>1104.75</ele>
      </trkpt>
      <trkpt lat="-22.39654" lon="-44.944026">
        <ele>1104.95</ele>
      </trkpt>
      <trkpt lat="-22.396554" lon="-44.944006">
        <ele>1105.15</ele>
      </trkpt>
      <trkpt lat="-22.396568" lon="-44.943987">
        <ele>1105.35</ele>
      </trkpt>
      <trkpt lat="-22.396582" lon="-44.943968">
        <ele>1105.67</ele>
      </trkpt>
      <trkpt lat="-22.396597" lon="-44.943949">
        <ele>1105.99</ele>
      </trkpt>
      <trkpt lat="-22.396611" lon="-44.943931">
        <ele>1106.3</ele>
      </trkpt>
      <trkpt lat="-22.396625" lon="-44.943913">
        <ele>1106.62</ele>
      </trkpt>
      <trkpt lat="-22.396637" lon="-44.943897">
        <ele>1106.94</ele>
      </trkpt>
      <trkpt lat="-22.396649" lon="-44.943882">
        <ele>1107.25</ele>
      </trkpt>
      <trkpt lat="-22.396661" lon="-44.943868">
        <ele>1107.57</ele>
      </trkpt>
      <trkpt lat="-22.396674" lon="-44.943854">
        <ele>1107.92</ele>
      </trkpt>
      <trkpt lat="-22.396688" lon="-44.943838">
        <ele>1108.26</ele>
      </trkpt>
      <trkpt lat="-22.396702" lon="-44.943822">
        <ele>1108.61</ele>
      </trkpt>
      <trkpt lat="-22.396717" lon="-44.943807">
        <ele>1108.95</ele>
      </trkpt>
      <trkpt lat="-22.396731" lon="-44.943791">
        <ele>1109.3</ele>
      </trkpt>
      <trkpt lat="-22.396743" lon="-44.943778">
        <ele>1109.64</ele>
      </trkpt>
      <trkpt lat="-22.396754" lon="-44.943765">
        <ele>1109.99</ele>
      </trkpt>
      <trkpt lat="-22.396765" lon="-44.943755">
        <ele>1110.34</ele>
      </trkpt>
      <trkpt lat="-22.396776" lon="-44.943745">
        <ele>1110.42</ele>
      </trkpt>
      <trkpt lat="-22.396784" lon="-44.943737">
        <ele>1110.51</ele>
      </trkpt>
      <trkpt lat="-22.396793" lon="-44.94373">
        <ele>1110.59</ele>
      </trkpt>
      <trkpt lat="-22.3968" lon="-44.943725">
        <ele>1110.68</ele>
      </trkpt>
      <trkpt lat="-22.396806" lon="-44.94372">
        <ele>1110.77</ele>
      </trkpt>
      <trkpt lat="-22.396812" lon="-44.943718">
        <ele>1110.85</ele>
      </trkpt>
      <trkpt lat="-22.396817" lon="-44.943715">
        <ele>1110.94</ele>
      </trkpt>
      <trkpt lat="-22.396822" lon="-44.943715">
        <ele>1111.02</ele>
      </trkpt>
      <trkpt lat="-22.396826" lon="-44.943715">
        <ele>1111.11</ele>
      </trkpt>
      <trkpt lat="-22.396835" lon="-44.943715">
        <ele>1111.2</ele>
      </trkpt>
      <trkpt lat="-22.396845" lon="-44.943715">
        <ele>1111.28</ele>
      </trkpt>
      <trkpt lat="-22.396856" lon="-44.943714">
        <ele>1111.37</ele>
      </trkpt>
      <trkpt lat="-22.396866" lon="-44.943713">
        <ele>1111.46</ele>
      </trkpt>
      <trkpt lat="-22.396877" lon="-44.943711">
        <ele>1111.54</ele>
      </trkpt>
      <trkpt lat="-22.396887" lon="-44.94371">
        <ele>1111.63</ele>
      </trkpt>
      <trkpt lat="-22.396898" lon="-44.943707">
        <ele>1111.71</ele>
      </trkpt>
      <trkpt lat="-22.396909" lon="-44.943705">
        <ele>1111.73</ele>
      </trkpt>
      <trkpt lat="-22.39692" lon="-44.943705">
        <ele>1111.75</ele>
      </trkpt>
      <trkpt lat="-22.396931" lon="-44.943705">
        <ele>1111.77</ele>
      </trkpt>
      <trkpt lat="-22.396942" lon="-44.943705">
        <ele>1111.79</ele>
      </trkpt>
      <trkpt lat="-22.396953" lon="-44.943705">
        <ele>1111.81</ele>
      </trkpt>
      <trkpt lat="-22.396967" lon="-44.943706">
        <ele>1111.83</ele>
      </trkpt>
      <trkpt lat="-22.396981" lon="-44.943708">
        <ele>1111.85</ele>
      </trkpt>
      <trkpt lat="-22.396993" lon="-44.943709">
        <ele>1111.86</ele>
      </trkpt>
      <trkpt lat="-22.397006" lon="-44.943711">
        <ele>1111.88</ele>
      </trkpt>
      <trkpt lat="-22.397017" lon="-44.943712">
        <ele>1111.9</ele>
      </trkpt>
      <trkpt lat="-22.397028" lon="-44.943713">
        <ele>1111.92</ele>
      </trkpt>
      <trkpt lat="-22.39704" lon="-44.943713">
        <ele>1111.94</ele>
      </trkpt>
      <trkpt lat="-22.397051" lon="-44.943712">
        <ele>1112.08</ele>
      </trkpt>
      <trkpt lat="-22.397067" lon="-44.94371">
        <ele>1112.22</ele>
      </trkpt>
      <trkpt lat="-22.397082" lon="-44.943708">
        <ele>1112.37</ele>
      </trkpt>
      <trkpt lat="-22.397101" lon="-44.943703">
        <ele>1112.51</ele>
      </trkpt>
      <trkpt lat="-22.397121" lon="-44.943699">
        <ele>1112.65</ele>
      </trkpt>
      <trkpt lat="-22.397141" lon="-44.943693">
        <ele>1112.79</ele>
      </trkpt>
      <trkpt lat="-22.397162" lon="-44.943687">
        <ele>1112.93</ele>
      </trkpt>
      <trkpt lat="-22.39718" lon="-44.943682">
        <ele>1113.07</ele>
      </trkpt>
      <trkpt lat="-22.397198" lon="-44.943676">
        <ele>1113.24</ele>
      </trkpt>
      <trkpt lat="-22.397215" lon="-44.94367">
        <ele>1113.41</ele>
      </trkpt>
      <trkpt lat="-22.397231" lon="-44.943664">
        <ele>1113.58</ele>
      </trkpt>
      <trkpt lat="-22.397248" lon="-44.943657">
        <ele>1113.75</ele>
      </trkpt>
      <trkpt lat="-22.397265" lon="-44.943649">
        <ele>1113.92</ele>
      </trkpt>
      <trkpt lat="-22.397283" lon="-44.943642">
        <ele>1114.09</ele>
      </trkpt>
      <trkpt lat="-22.3973" lon="-44.943634">
        <ele>1114.26</ele>
      </trkpt>
      <trkpt lat="-22.397319" lon="-44.943628">
        <ele>1114.43</ele>
      </trkpt>
      <trkpt lat="-22.397338" lon="-44.943621">
        <ele>1114.5</ele>
      </trkpt>
      <trkpt lat="-22.397355" lon="-44.943615">
        <ele>1114.57</ele>
      </trkpt>
      <trkpt lat="-22.397373" lon="-44.94361">
        <ele>1114.64</ele>
      </trkpt>
      <trkpt lat="-22.397386" lon="-44.943604">
        <ele>1114.71</ele>
      </trkpt>
      <trkpt lat="-22.3974" lon="-44.943599">
        <ele>1114.77</ele>
      </trkpt>
      <trkpt lat="-22.39741" lon="-44.943593">
        <ele>1114.84</ele>
      </trkpt>
      <trkpt lat="-22.397421" lon="-44.943587">
        <ele>1114.91</ele>
      </trkpt>
      <trkpt lat="-22.397432" lon="-44.943583">
        <ele>1114.98</ele>
      </trkpt>
      <trkpt lat="-22.397443" lon="-44.94358">
        <ele>1115.05</ele>
      </trkpt>
      <trkpt lat="-22.397457" lon="-44.943578">
        <ele>1115.12</ele>
      </trkpt>
      <trkpt lat="-22.397471" lon="-44.943576">
        <ele>1115.06</ele>
      </trkpt>
      <trkpt lat="-22.397487" lon="-44.943578">
        <ele>1115</ele>
      </trkpt>
      <trkpt lat="-22.397504" lon="-44.943579">
        <ele>1114.94</ele>
      </trkpt>
      <trkpt lat="-22.397521" lon="-44.943581">
        <ele>1114.87</ele>
      </trkpt>
      <trkpt lat="-22.397539" lon="-44.943583">
        <ele>1114.81</ele>
      </trkpt>
      <trkpt lat="-22.397556" lon="-44.943583">
        <ele>1114.75</ele>
      </trkpt>
      <trkpt lat="-22.397573" lon="-44.943582">
        <ele>1114.69</ele>
      </trkpt>
      <trkpt lat="-22.397588" lon="-44.943577">
        <ele>1114.63</ele>
      </trkpt>
      <trkpt lat="-22.397603" lon="-44.943572">
        <ele>1114.56</ele>
      </trkpt>
      <trkpt lat="-22.397614" lon="-44.943568">
        <ele>1114.49</ele>
      </trkpt>
      <trkpt lat="-22.397625" lon="-44.943563">
        <ele>1114.42</ele>
      </trkpt>
      <trkpt lat="-22.397633" lon="-44.94356">
        <ele>1114.36</ele>
      </trkpt>
      <trkpt lat="-22.397642" lon="-44.943558">
        <ele>1114.29</ele>
      </trkpt>
      <trkpt lat="-22.39765" lon="-44.943556">
        <ele>1114.22</ele>
      </trkpt>
      <trkpt lat="-22.397658" lon="-44.943555">
        <ele>1114.15</ele>
      </trkpt>
      <trkpt lat="-22.397668" lon="-44.943556">
        <ele>1114.08</ele>
      </trkpt>
      <trkpt lat="-22.397678" lon="-44.943558">
        <ele>1114.01</ele>
      </trkpt>
      <trkpt lat="-22.397687" lon="-44.943561">
        <ele>1113.94</ele>
      </trkpt>
      <trkpt lat="-22.397697" lon="-44.943564">
        <ele>1113.87</ele>
      </trkpt>
      <trkpt lat="-22.397705" lon="-44.94357">
        <ele>1113.8</ele>
      </trkpt>
      <trkpt lat="-22.397714" lon="-44.943576">
        <ele>1113.73</ele>
      </trkpt>
      <trkpt lat="-22.397721" lon="-44.943582">
        <ele>1113.67</ele>
      </trkpt>
      <trkpt lat="-22.397729" lon="-44.943589">
        <ele>1113.6</ele>
      </trkpt>
      <trkpt lat="-22.397733" lon="-44.943592">
        <ele>1113.58</ele>
      </trkpt>
      <trkpt lat="-22.397737" lon="-44.943596">
        <ele>1113.57</ele>
      </trkpt>
      <trkpt lat="-22.397742" lon="-44.943599">
        <ele>1113.56</ele>
      </trkpt>
      <trkpt lat="-22.397747" lon="-44.943602">
        <ele>1113.55</ele>
      </trkpt>
      <trkpt lat="-22.397753" lon="-44.943605">
        <ele>1113.53</ele>
      </trkpt>
      <trkpt lat="-22.397761" lon="-44.943607">
        <ele>1113.52</ele>
      </trkpt>
      <trkpt lat="-22.397769" lon="-44.943609">
        <ele>1113.51</ele>
      </trkpt>
      <trkpt lat="-22.397778" lon="-44.943611">
        <ele>1113.49</ele>
      </trkpt>
      <trkpt lat="-22.397787" lon="-44.943613">
        <ele>1113.48</ele>
      </trkpt>
      <trkpt lat="-22.397797" lon="-44.943613">
        <ele>1113.47</ele>
      </trkpt>
      <trkpt lat="-22.397806" lon="-44.943614">
        <ele>1113.46</ele>
      </trkpt>
      <trkpt lat="-22.397814" lon="-44.943611">
        <ele>1113.44</ele>
      </trkpt>
      <trkpt lat="-22.397823" lon="-44.943608">
        <ele>1113.43</ele>
      </trkpt>
      <trkpt lat="-22.39783" lon="-44.943602">
        <ele>1113.42</ele>
      </trkpt>
      <trkpt lat="-22.397837" lon="-44.943597">
        <ele>1113.41</ele>
      </trkpt>
      <trkpt lat="-22.397845" lon="-44.943589">
        <ele>1113.39</ele>
      </trkpt>
      <trkpt lat="-22.397853" lon="-44.943582">
        <ele>1113.38</ele>
      </trkpt>
      <trkpt lat="-22.397862" lon="-44.943573">
        <ele>1113.46</ele>
      </trkpt>
      <trkpt lat="-22.397872" lon="-44.943565">
        <ele>1113.55</ele>
      </trkpt>
      <trkpt lat="-22.397882" lon="-44.943557">
        <ele>1113.63</ele>
      </trkpt>
      <trkpt lat="-22.397893" lon="-44.94355">
        <ele>1113.72</ele>
      </trkpt>
      <trkpt lat="-22.397904" lon="-44.943543">
        <ele>1113.8</ele>
      </trkpt>
      <trkpt lat="-22.397915" lon="-44.943537">
        <ele>1113.89</ele>
      </trkpt>
      <trkpt lat="-22.397926" lon="-44.943532">
        <ele>1113.97</ele>
      </trkpt>
      <trkpt lat="-22.397937" lon="-44.943527">
        <ele>1114.06</ele>
      </trkpt>
      <trkpt lat="-22.397947" lon="-44.943522">
        <ele>1114.14</ele>
      </trkpt>
      <trkpt lat="-22.397958" lon="-44.943517">
        <ele>1114.23</ele>
      </trkpt>
      <trkpt lat="-22.397969" lon="-44.943512">
        <ele>1114.31</ele>
      </trkpt>
      <trkpt lat="-22.397979" lon="-44.943507">
        <ele>1114.39</ele>
      </trkpt>
      <trkpt lat="-22.39799" lon="-44.943502">
        <ele>1114.47</ele>
      </trkpt>
      <trkpt lat="-22.398001" lon="-44.943496">
        <ele>1114.54</ele>
      </trkpt>
      <trkpt lat="-22.398012" lon="-44.943491">
        <ele>1114.62</ele>
      </trkpt>
      <trkpt lat="-22.398023" lon="-44.943486">
        <ele>1114.69</ele>
      </trkpt>
      <trkpt lat="-22.398035" lon="-44.943482">
        <ele>1114.77</ele>
      </trkpt>
      <trkpt lat="-22.398046" lon="-44.943478">
        <ele>1114.84</ele>
      </trkpt>
      <trkpt lat="-22.398058" lon="-44.943475">
        <ele>1114.91</ele>
      </trkpt>
      <trkpt lat="-22.39807" lon="-44.943472">
        <ele>1114.99</ele>
      </trkpt>
      <trkpt lat="-22.398081" lon="-44.943468">
        <ele>1115.06</ele>
      </trkpt>
      <trkpt lat="-22.398092" lon="-44.943464">
        <ele>1115.14</ele>
      </trkpt>
      <trkpt lat="-22.398103" lon="-44.943457">
        <ele>1115.21</ele>
      </trkpt>
      <trkpt lat="-22.398113" lon="-44.943451">
        <ele>1115.28</ele>
      </trkpt>
      <trkpt lat="-22.398122" lon="-44.943442">
        <ele>1115.41</ele>
      </trkpt>
      <trkpt lat="-22.398132" lon="-44.943434">
        <ele>1115.53</ele>
      </trkpt>
      <trkpt lat="-22.398142" lon="-44.943426">
        <ele>1115.66</ele>
      </trkpt>
      <trkpt lat="-22.398152" lon="-44.943418">
        <ele>1115.78</ele>
      </trkpt>
      <trkpt lat="-22.398162" lon="-44.943413">
        <ele>1115.9</ele>
      </trkpt>
      <trkpt lat="-22.398172" lon="-44.943407">
        <ele>1116.03</ele>
      </trkpt>
      <trkpt lat="-22.39818" lon="-44.943401">
        <ele>1116.15</ele>
      </trkpt>
      <trkpt lat="-22.398189" lon="-44.943396">
        <ele>1116.28</ele>
      </trkpt>
      <trkpt lat="-22.398194" lon="-44.943389">
        <ele>1116.4</ele>
      </trkpt>
      <trkpt lat="-22.398199" lon="-44.943383">
        <ele>1116.52</ele>
      </trkpt>
      <trkpt lat="-22.398202" lon="-44.943375">
        <ele>1116.65</ele>
      </trkpt>
      <trkpt lat="-22.398205" lon="-44.943367">
        <ele>1116.77</ele>
      </trkpt>
      <trkpt lat="-22.398209" lon="-44.943359">
        <ele>1116.9</ele>
      </trkpt>
      <trkpt lat="-22.398212" lon="-44.943351">
        <ele>1117.02</ele>
      </trkpt>
      <trkpt lat="-22.398217" lon="-44.943344">
        <ele>1117.14</ele>
      </trkpt>
      <trkpt lat="-22.398222" lon="-44.943336">
        <ele>1117.25</ele>
      </trkpt>
      <trkpt lat="-22.398228" lon="-44.94333">
        <ele>1117.37</ele>
      </trkpt>
      <trkpt lat="-22.398234" lon="-44.943324">
        <ele>1117.48</ele>
      </trkpt>
      <trkpt lat="-22.39824" lon="-44.943319">
        <ele>1117.6</ele>
      </trkpt>
      <trkpt lat="-22.398247" lon="-44.943314">
        <ele>1117.71</ele>
      </trkpt>
      <trkpt lat="-22.398254" lon="-44.943308">
        <ele>1117.83</ele>
      </trkpt>
      <trkpt lat="-22.398261" lon="-44.943303">
        <ele>1117.94</ele>
      </trkpt>
      <trkpt lat="-22.398269" lon="-44.943298">
        <ele>1118.06</ele>
      </trkpt>
      <trkpt lat="-22.398277" lon="-44.943293">
        <ele>1118.17</ele>
      </trkpt>
      <trkpt lat="-22.398285" lon="-44.943289">
        <ele>1118.29</ele>
      </trkpt>
      <trkpt lat="-22.398292" lon="-44.943286">
        <ele>1118.4</ele>
      </trkpt>
      <trkpt lat="-22.398299" lon="-44.943282">
        <ele>1118.52</ele>
      </trkpt>
      <trkpt lat="-22.398306" lon="-44.943278">
        <ele>1118.63</ele>
      </trkpt>
      <trkpt lat="-22.398312" lon="-44.943274">
        <ele>1118.75</ele>
      </trkpt>
      <trkpt lat="-22.398317" lon="-44.94327">
        <ele>1118.86</ele>
      </trkpt>
      <trkpt lat="-22.398324" lon="-44.943266">
        <ele>1118.98</ele>
      </trkpt>
      <trkpt lat="-22.398331" lon="-44.943262">
        <ele>1119.08</ele>
      </trkpt>
      <trkpt lat="-22.398339" lon="-44.943257">
        <ele>1119.17</ele>
      </trkpt>
      <trkpt lat="-22.398346" lon="-44.943252">
        <ele>1119.27</ele>
      </trkpt>
      <trkpt lat="-22.398349" lon="-44.943248">
        <ele>1119.37</ele>
      </trkpt>
      <trkpt lat="-22.398352" lon="-44.943244">
        <ele>1119.47</ele>
      </trkpt>
      <trkpt lat="-22.398354" lon="-44.943238">
        <ele>1119.57</ele>
      </trkpt>
      <trkpt lat="-22.398356" lon="-44.943232">
        <ele>1119.67</ele>
      </trkpt>
      <trkpt lat="-22.398354" lon="-44.943228">
        <ele>1119.77</ele>
      </trkpt>
      <trkpt lat="-22.398352" lon="-44.943223">
        <ele>1119.87</ele>
      </trkpt>
      <trkpt lat="-22.398352" lon="-44.943223">
        <ele>1119.96</ele>
      </trkpt>
      <trkpt lat="-22.398352" lon="-44.943223">
        <ele>1120.06</ele>
      </trkpt>
      <trkpt lat="-22.398352" lon="-44.943223">
        <ele>1120.16</ele>
      </trkpt>
      <trkpt lat="-22.398352" lon="-44.943223">
        <ele>1120.26</ele>
      </trkpt>
      <trkpt lat="-22.398352" lon="-44.943223">
        <ele>1120.36</ele>
      </trkpt>
      <trkpt lat="-22.398352" lon="-44.943223">
        <ele>1120.46</ele>
      </trkpt>
      <trkpt lat="-22.398352" lon="-44.943223">
        <ele>1120.56</ele>
      </trkpt>
      <trkpt lat="-22.398352" lon="-44.943223">
        <ele>1120.65</ele>
      </trkpt>
      <trkpt lat="-22.398345" lon="-44.943208">
        <ele>1120.75</ele>
      </trkpt>
      <trkpt lat="-22.398346" lon="-44.943199">
        <ele>1120.85</ele>
      </trkpt>
      <trkpt lat="-22.398346" lon="-44.943189">
        <ele>1120.95</ele>
      </trkpt>
      <trkpt lat="-22.398349" lon="-44.94318">
        <ele>1121.05</ele>
      </trkpt>
      <trkpt lat="-22.398351" lon="-44.943172">
        <ele>1121.15</ele>
      </trkpt>
      <trkpt lat="-22.398355" lon="-44.943162">
        <ele>1121.25</ele>
      </trkpt>
      <trkpt lat="-22.398358" lon="-44.943152">
        <ele>1121.34</ele>
      </trkpt>
      <trkpt lat="-22.398361" lon="-44.94314">
        <ele>1121.44</ele>
      </trkpt>
      <trkpt lat="-22.398363" lon="-44.943128">
        <ele>1121.75</ele>
      </trkpt>
      <trkpt lat="-22.398365" lon="-44.943115">
        <ele>1122.06</ele>
      </trkpt>
      <trkpt lat="-22.398367" lon="-44.943103">
        <ele>1122.37</ele>
      </trkpt>
      <trkpt lat="-22.39837" lon="-44.943089">
        <ele>1122.67</ele>
      </trkpt>
      <trkpt lat="-22.398372" lon="-44.943075">
        <ele>1122.98</ele>
      </trkpt>
      <trkpt lat="-22.398376" lon="-44.94306">
        <ele>1123.29</ele>
      </trkpt>
      <trkpt lat="-22.39838" lon="-44.943045">
        <ele>1123.6</ele>
      </trkpt>
      <trkpt lat="-22.398384" lon="-44.94303">
        <ele>1123.91</ele>
      </trkpt>
      <trkpt lat="-22.398388" lon="-44.943015">
        <ele>1124.21</ele>
      </trkpt>
      <trkpt lat="-22.39839" lon="-44.943">
        <ele>1124.52</ele>
      </trkpt>
      <trkpt lat="-22.398393" lon="-44.942985">
        <ele>1124.83</ele>
      </trkpt>
      <trkpt lat="-22.398393" lon="-44.942969">
        <ele>1125.16</ele>
      </trkpt>
      <trkpt lat="-22.398394" lon="-44.942954">
        <ele>1125.49</ele>
      </trkpt>
      <trkpt lat="-22.398392" lon="-44.94294">
        <ele>1125.81</ele>
      </trkpt>
      <trkpt lat="-22.39839" lon="-44.942926">
        <ele>1126.14</ele>
      </trkpt>
      <trkpt lat="-22.398386" lon="-44.942914">
        <ele>1126.47</ele>
      </trkpt>
      <trkpt lat="-22.398381" lon="-44.942902">
        <ele>1126.8</ele>
      </trkpt>
      <trkpt lat="-22.398377" lon="-44.942891">
        <ele>1127.13</ele>
      </trkpt>
      <trkpt lat="-22.398372" lon="-44.942879">
        <ele>1127.45</ele>
      </trkpt>
      <trkpt lat="-22.39837" lon="-44.942867">
        <ele>1127.78</ele>
      </trkpt>
      <trkpt lat="-22.398368" lon="-44.942855">
        <ele>1128.11</ele>
      </trkpt>
      <trkpt lat="-22.398368" lon="-44.942841">
        <ele>1128.44</ele>
      </trkpt>
      <trkpt lat="-22.398369" lon="-44.942827">
        <ele>1128.7</ele>
      </trkpt>
      <trkpt lat="-22.398371" lon="-44.942813">
        <ele>1128.96</ele>
      </trkpt>
      <trkpt lat="-22.398373" lon="-44.942799">
        <ele>1129.22</ele>
      </trkpt>
      <trkpt lat="-22.398377" lon="-44.942781">
        <ele>1129.48</ele>
      </trkpt>
      <trkpt lat="-22.39838" lon="-44.942763">
        <ele>1129.74</ele>
      </trkpt>
      <trkpt lat="-22.398384" lon="-44.942741">
        <ele>1130</ele>
      </trkpt>
      <trkpt lat="-22.398387" lon="-44.942719">
        <ele>1130.26</ele>
      </trkpt>
      <trkpt lat="-22.39839" lon="-44.942695">
        <ele>1130.52</ele>
      </trkpt>
      <trkpt lat="-22.398393" lon="-44.942671">
        <ele>1130.82</ele>
      </trkpt>
      <trkpt lat="-22.398394" lon="-44.942648">
        <ele>1131.12</ele>
      </trkpt>
      <trkpt lat="-22.398394" lon="-44.942625">
        <ele>1131.43</ele>
      </trkpt>
      <trkpt lat="-22.398392" lon="-44.942604">
        <ele>1131.73</ele>
      </trkpt>
      <trkpt lat="-22.398389" lon="-44.942583">
        <ele>1132.04</ele>
      </trkpt>
      <trkpt lat="-22.398385" lon="-44.942564">
        <ele>1132.34</ele>
      </trkpt>
      <trkpt lat="-22.39838" lon="-44.942544">
        <ele>1132.64</ele>
      </trkpt>
      <trkpt lat="-22.398374" lon="-44.942526">
        <ele>1132.83</ele>
      </trkpt>
      <trkpt lat="-22.398369" lon="-44.942508">
        <ele>1133.02</ele>
      </trkpt>
      <trkpt lat="-22.398363" lon="-44.94249">
        <ele>1133.2</ele>
      </trkpt>
      <trkpt lat="-22.398357" lon="-44.942471">
        <ele>1133.39</ele>
      </trkpt>
      <trkpt lat="-22.398353" lon="-44.942452">
        <ele>1133.57</ele>
      </trkpt>
      <trkpt lat="-22.398349" lon="-44.942432">
        <ele>1133.76</ele>
      </trkpt>
      <trkpt lat="-22.398346" lon="-44.942413">
        <ele>1133.95</ele>
      </trkpt>
      <trkpt lat="-22.398343" lon="-44.942393">
        <ele>1134.13</ele>
      </trkpt>
      <trkpt lat="-22.398342" lon="-44.942375">
        <ele>1134.18</ele>
      </trkpt>
      <trkpt lat="-22.39834" lon="-44.942356">
        <ele>1134.23</ele>
      </trkpt>
      <trkpt lat="-22.398342" lon="-44.942336">
        <ele>1134.28</ele>
      </trkpt>
      <trkpt lat="-22.398345" lon="-44.942317">
        <ele>1134.32</ele>
      </trkpt>
      <trkpt lat="-22.398354" lon="-44.942295">
        <ele>1134.37</ele>
      </trkpt>
      <trkpt lat="-22.398363" lon="-44.942273">
        <ele>1134.42</ele>
      </trkpt>
      <trkpt lat="-22.398376" lon="-44.94225">
        <ele>1134.47</ele>
      </trkpt>
      <trkpt lat="-22.398389" lon="-44.942227">
        <ele>1134.53</ele>
      </trkpt>
      <trkpt lat="-22.3984" lon="-44.942203">
        <ele>1134.6</ele>
      </trkpt>
      <trkpt lat="-22.398411" lon="-44.942179">
        <ele>1134.66</ele>
      </trkpt>
      <trkpt lat="-22.398419" lon="-44.942155">
        <ele>1134.73</ele>
      </trkpt>
      <trkpt lat="-22.398426" lon="-44.942131">
        <ele>1134.8</ele>
      </trkpt>
      <trkpt lat="-22.398432" lon="-44.942108">
        <ele>1134.86</ele>
      </trkpt>
      <trkpt lat="-22.398437" lon="-44.942085">
        <ele>1134.94</ele>
      </trkpt>
      <trkpt lat="-22.398443" lon="-44.942065">
        <ele>1135.02</ele>
      </trkpt>
      <trkpt lat="-22.398449" lon="-44.942045">
        <ele>1135.11</ele>
      </trkpt>
      <trkpt lat="-22.398454" lon="-44.942028">
        <ele>1135.19</ele>
      </trkpt>
      <trkpt lat="-22.398459" lon="-44.94201">
        <ele>1135.27</ele>
      </trkpt>
      <trkpt lat="-22.398464" lon="-44.941994">
        <ele>1135.35</ele>
      </trkpt>
      <trkpt lat="-22.39847" lon="-44.941978">
        <ele>1135.43</ele>
      </trkpt>
      <trkpt lat="-22.398476" lon="-44.941962">
        <ele>1135.51</ele>
      </trkpt>
      <trkpt lat="-22.398483" lon="-44.941945">
        <ele>1135.62</ele>
      </trkpt>
      <trkpt lat="-22.39849" lon="-44.941928">
        <ele>1135.72</ele>
      </trkpt>
      <trkpt lat="-22.398498" lon="-44.94191">
        <ele>1135.82</ele>
      </trkpt>
      <trkpt lat="-22.398507" lon="-44.941892">
        <ele>1135.92</ele>
      </trkpt>
      <trkpt lat="-22.398515" lon="-44.941874">
        <ele>1136.02</ele>
      </trkpt>
      <trkpt lat="-22.398522" lon="-44.941858">
        <ele>1136.13</ele>
      </trkpt>
      <trkpt lat="-22.39853" lon="-44.941842">
        <ele>1136.23</ele>
      </trkpt>
      <trkpt lat="-22.39853" lon="-44.941842">
        <ele>1136.33</ele>
      </trkpt>
      <trkpt lat="-22.39853" lon="-44.941842">
        <ele>1136.43</ele>
      </trkpt>
      <trkpt lat="-22.39853" lon="-44.941842">
        <ele>1136.54</ele>
      </trkpt>
      <trkpt lat="-22.39853" lon="-44.941842">
        <ele>1136.64</ele>
      </trkpt>
      <trkpt lat="-22.39853" lon="-44.941842">
        <ele>1136.74</ele>
      </trkpt>
      <trkpt lat="-22.39853" lon="-44.941842">
        <ele>1136.84</ele>
      </trkpt>
      <trkpt lat="-22.398536" lon="-44.941826">
        <ele>1136.94</ele>
      </trkpt>
      <trkpt lat="-22.398539" lon="-44.941818">
        <ele>1136.99</ele>
      </trkpt>
      <trkpt lat="-22.398543" lon="-44.941809">
        <ele>1137.04</ele>
      </trkpt>
      <trkpt lat="-22.398545" lon="-44.941802">
        <ele>1137.09</ele>
      </trkpt>
      <trkpt lat="-22.398547" lon="-44.941796">
        <ele>1137.14</ele>
      </trkpt>
      <trkpt lat="-22.398549" lon="-44.941789">
        <ele>1137.19</ele>
      </trkpt>
      <trkpt lat="-22.398551" lon="-44.941783">
        <ele>1137.24</ele>
      </trkpt>
      <trkpt lat="-22.398552" lon="-44.941779">
        <ele>1137.29</ele>
      </trkpt>
      <trkpt lat="-22.398553" lon="-44.941775">
        <ele>1137.34</ele>
      </trkpt>
      <trkpt lat="-22.398554" lon="-44.94177">
        <ele>1137.38</ele>
      </trkpt>
      <trkpt lat="-22.398556" lon="-44.941765">
        <ele>1137.43</ele>
      </trkpt>
      <trkpt lat="-22.398557" lon="-44.941759">
        <ele>1137.48</ele>
      </trkpt>
      <trkpt lat="-22.39856" lon="-44.941753">
        <ele>1137.53</ele>
      </trkpt>
      <trkpt lat="-22.398563" lon="-44.941748">
        <ele>1137.58</ele>
      </trkpt>
      <trkpt lat="-22.398563" lon="-44.941748">
        <ele>1137.63</ele>
      </trkpt>
      <trkpt lat="-22.398563" lon="-44.941748">
        <ele>1137.68</ele>
      </trkpt>
      <trkpt lat="-22.398563" lon="-44.941748">
        <ele>1137.73</ele>
      </trkpt>
      <trkpt lat="-22.398563" lon="-44.941748">
        <ele>1137.78</ele>
      </trkpt>
      <trkpt lat="-22.398563" lon="-44.941748">
        <ele>1137.83</ele>
      </trkpt>
      <trkpt lat="-22.398563" lon="-44.941748">
        <ele>1137.87</ele>
      </trkpt>
      <trkpt lat="-22.398563" lon="-44.941748">
        <ele>1137.92</ele>
      </trkpt>
      <trkpt lat="-22.398571" lon="-44.941732">
        <ele>1137.97</ele>
      </trkpt>
      <trkpt lat="-22.398576" lon="-44.941724">
        <ele>1138.02</ele>
      </trkpt>
      <trkpt lat="-22.398582" lon="-44.941717">
        <ele>1138.07</ele>
      </trkpt>
      <trkpt lat="-22.398587" lon="-44.94171">
        <ele>1138.12</ele>
      </trkpt>
      <trkpt lat="-22.398592" lon="-44.941704">
        <ele>1138.17</ele>
      </trkpt>
      <trkpt lat="-22.398596" lon="-44.941698">
        <ele>1138.22</ele>
      </trkpt>
      <trkpt lat="-22.398601" lon="-44.941692">
        <ele>1138.27</ele>
      </trkpt>
      <trkpt lat="-22.398604" lon="-44.941686">
        <ele>1138.31</ele>
      </trkpt>
      <trkpt lat="-22.398607" lon="-44.941681">
        <ele>1138.36</ele>
      </trkpt>
      <trkpt lat="-22.398607" lon="-44.941681">
        <ele>1138.4</ele>
      </trkpt>
      <trkpt lat="-22.398607" lon="-44.941681">
        <ele>1138.45</ele>
      </trkpt>
      <trkpt lat="-22.398607" lon="-44.941681">
        <ele>1138.5</ele>
      </trkpt>
      <trkpt lat="-22.398607" lon="-44.941681">
        <ele>1138.54</ele>
      </trkpt>
      <trkpt lat="-22.398607" lon="-44.941681">
        <ele>1138.59</ele>
      </trkpt>
      <trkpt lat="-22.398607" lon="-44.941681">
        <ele>1138.63</ele>
      </trkpt>
      <trkpt lat="-22.398607" lon="-44.941681">
        <ele>1138.68</ele>
      </trkpt>
      <trkpt lat="-22.398607" lon="-44.941681">
        <ele>1138.72</ele>
      </trkpt>
      <trkpt lat="-22.398607" lon="-44.941681">
        <ele>1138.77</ele>
      </trkpt>
      <trkpt lat="-22.398607" lon="-44.941681">
        <ele>1138.82</ele>
      </trkpt>
      <trkpt lat="-22.398615" lon="-44.941674">
        <ele>1138.86</ele>
      </trkpt>
      <trkpt lat="-22.398618" lon="-44.941671">
        <ele>1138.91</ele>
      </trkpt>
      <trkpt lat="-22.398621" lon="-44.941668">
        <ele>1138.95</ele>
      </trkpt>
      <trkpt lat="-22.398624" lon="-44.941663">
        <ele>1139</ele>
      </trkpt>
      <trkpt lat="-22.398628" lon="-44.941658">
        <ele>1139.05</ele>
      </trkpt>
      <trkpt lat="-22.398633" lon="-44.941651">
        <ele>1139.09</ele>
      </trkpt>
      <trkpt lat="-22.398637" lon="-44.941645">
        <ele>1139.14</ele>
      </trkpt>
      <trkpt lat="-22.398643" lon="-44.941637">
        <ele>1139.18</ele>
      </trkpt>
      <trkpt lat="-22.398649" lon="-44.941629">
        <ele>1139.23</ele>
      </trkpt>
      <trkpt lat="-22.398655" lon="-44.941619">
        <ele>1139.28</ele>
      </trkpt>
      <trkpt lat="-22.398661" lon="-44.941609">
        <ele>1139.32</ele>
      </trkpt>
      <trkpt lat="-22.398667" lon="-44.941599">
        <ele>1139.37</ele>
      </trkpt>
      <trkpt lat="-22.398674" lon="-44.941589">
        <ele>1139.41</ele>
      </trkpt>
      <trkpt lat="-22.398684" lon="-44.941579">
        <ele>1139.46</ele>
      </trkpt>
      <trkpt lat="-22.398694" lon="-44.941569">
        <ele>1139.51</ele>
      </trkpt>
      <trkpt lat="-22.398707" lon="-44.94156">
        <ele>1139.59</ele>
      </trkpt>
      <trkpt lat="-22.398719" lon="-44.94155">
        <ele>1139.67</ele>
      </trkpt>
      <trkpt lat="-22.398731" lon="-44.94154">
        <ele>1139.75</ele>
      </trkpt>
      <trkpt lat="-22.398743" lon="-44.94153">
        <ele>1139.83</ele>
      </trkpt>
      <trkpt lat="-22.398752" lon="-44.941521">
        <ele>1139.91</ele>
      </trkpt>
      <trkpt lat="-22.398761" lon="-44.941511">
        <ele>1140</ele>
      </trkpt>
      <trkpt lat="-22.398767" lon="-44.941503">
        <ele>1140.08</ele>
      </trkpt>
      <trkpt lat="-22.398774" lon="-44.941496">
        <ele>1140.16</ele>
      </trkpt>
      <trkpt lat="-22.398779" lon="-44.941488">
        <ele>1140.24</ele>
      </trkpt>
      <trkpt lat="-22.398784" lon="-44.941481">
        <ele>1140.32</ele>
      </trkpt>
      <trkpt lat="-22.39879" lon="-44.941473">
        <ele>1140.41</ele>
      </trkpt>
      <trkpt lat="-22.398796" lon="-44.941466">
        <ele>1140.49</ele>
      </trkpt>
      <trkpt lat="-22.398802" lon="-44.941457">
        <ele>1140.69</ele>
      </trkpt>
      <trkpt lat="-22.398809" lon="-44.941449">
        <ele>1140.9</ele>
      </trkpt>
      <trkpt lat="-22.398814" lon="-44.941439">
        <ele>1141.1</ele>
      </trkpt>
      <trkpt lat="-22.398819" lon="-44.941429">
        <ele>1141.3</ele>
      </trkpt>
      <trkpt lat="-22.398825" lon="-44.941419">
        <ele>1141.51</ele>
      </trkpt>
      <trkpt lat="-22.39883" lon="-44.941408">
        <ele>1141.71</ele>
      </trkpt>
      <trkpt lat="-22.398838" lon="-44.941397">
        <ele>1141.92</ele>
      </trkpt>
      <trkpt lat="-22.398846" lon="-44.941385">
        <ele>1142.12</ele>
      </trkpt>
      <trkpt lat="-22.398856" lon="-44.941374">
        <ele>1142.33</ele>
      </trkpt>
      <trkpt lat="-22.398866" lon="-44.941362">
        <ele>1142.53</ele>
      </trkpt>
      <trkpt lat="-22.398878" lon="-44.941351">
        <ele>1142.74</ele>
      </trkpt>
      <trkpt lat="-22.398889" lon="-44.94134">
        <ele>1142.94</ele>
      </trkpt>
      <trkpt lat="-22.3989" lon="-44.941331">
        <ele>1143.14</ele>
      </trkpt>
      <trkpt lat="-22.398911" lon="-44.941321">
        <ele>1143.34</ele>
      </trkpt>
      <trkpt lat="-22.398921" lon="-44.941313">
        <ele>1143.54</ele>
      </trkpt>
      <trkpt lat="-22.39893" lon="-44.941304">
        <ele>1143.75</ele>
      </trkpt>
      <trkpt lat="-22.398937" lon="-44.941295">
        <ele>1143.95</ele>
      </trkpt>
      <trkpt lat="-22.398944" lon="-44.941286">
        <ele>1144.15</ele>
      </trkpt>
      <trkpt lat="-22.398948" lon="-44.941275">
        <ele>1144.35</ele>
      </trkpt>
      <trkpt lat="-22.398952" lon="-44.941265">
        <ele>1144.56</ele>
      </trkpt>
      <trkpt lat="-22.398954" lon="-44.941255">
        <ele>1144.76</ele>
      </trkpt>
      <trkpt lat="-22.398956" lon="-44.941245">
        <ele>1144.96</ele>
      </trkpt>
      <trkpt lat="-22.398958" lon="-44.941235">
        <ele>1145.16</ele>
      </trkpt>
      <trkpt lat="-22.398961" lon="-44.941226">
        <ele>1145.32</ele>
      </trkpt>
      <trkpt lat="-22.398965" lon="-44.941216">
        <ele>1145.48</ele>
      </trkpt>
      <trkpt lat="-22.398969" lon="-44.941206">
        <ele>1145.64</ele>
      </trkpt>
      <trkpt lat="-22.398975" lon="-44.941196">
        <ele>1145.8</ele>
      </trkpt>
      <trkpt lat="-22.398981" lon="-44.941186">
        <ele>1145.96</ele>
      </trkpt>
      <trkpt lat="-22.398989" lon="-44.941178">
        <ele>1146.12</ele>
      </trkpt>
      <trkpt lat="-22.398998" lon="-44.941171">
        <ele>1146.27</ele>
      </trkpt>
      <trkpt lat="-22.399006" lon="-44.941164">
        <ele>1146.43</ele>
      </trkpt>
      <trkpt lat="-22.399014" lon="-44.941157">
        <ele>1146.59</ele>
      </trkpt>
      <trkpt lat="-22.39902" lon="-44.941148">
        <ele>1146.75</ele>
      </trkpt>
      <trkpt lat="-22.399026" lon="-44.94114">
        <ele>1146.91</ele>
      </trkpt>
      <trkpt lat="-22.399032" lon="-44.941131">
        <ele>1147.07</ele>
      </trkpt>
      <trkpt lat="-22.399038" lon="-44.941121">
        <ele>1147.23</ele>
      </trkpt>
      <trkpt lat="-22.399045" lon="-44.941112">
        <ele>1147.39</ele>
      </trkpt>
      <trkpt lat="-22.399051" lon="-44.941102">
        <ele>1147.55</ele>
      </trkpt>
      <trkpt lat="-22.39906" lon="-44.941094">
        <ele>1147.71</ele>
      </trkpt>
      <trkpt lat="-22.399068" lon="-44.941086">
        <ele>1147.87</ele>
      </trkpt>
      <trkpt lat="-22.399077" lon="-44.941078">
        <ele>1148.03</ele>
      </trkpt>
      <trkpt lat="-22.399086" lon="-44.94107">
        <ele>1148.19</ele>
      </trkpt>
      <trkpt lat="-22.399093" lon="-44.94106">
        <ele>1148.35</ele>
      </trkpt>
      <trkpt lat="-22.399099" lon="-44.94105">
        <ele>1148.51</ele>
      </trkpt>
      <trkpt lat="-22.399103" lon="-44.941039">
        <ele>1148.67</ele>
      </trkpt>
      <trkpt lat="-22.399108" lon="-44.941027">
        <ele>1148.83</ele>
      </trkpt>
      <trkpt lat="-22.399112" lon="-44.941016">
        <ele>1148.99</ele>
      </trkpt>
      <trkpt lat="-22.399117" lon="-44.941005">
        <ele>1149.15</ele>
      </trkpt>
      <trkpt lat="-22.399121" lon="-44.940995">
        <ele>1149.31</ele>
      </trkpt>
      <trkpt lat="-22.399125" lon="-44.940985">
        <ele>1149.53</ele>
      </trkpt>
      <trkpt lat="-22.399128" lon="-44.940975">
        <ele>1149.75</ele>
      </trkpt>
      <trkpt lat="-22.399132" lon="-44.940964">
        <ele>1149.96</ele>
      </trkpt>
      <trkpt lat="-22.399134" lon="-44.940952">
        <ele>1150.18</ele>
      </trkpt>
      <trkpt lat="-22.399136" lon="-44.94094">
        <ele>1150.4</ele>
      </trkpt>
      <trkpt lat="-22.399139" lon="-44.940927">
        <ele>1150.62</ele>
      </trkpt>
      <trkpt lat="-22.399142" lon="-44.940914">
        <ele>1150.83</ele>
      </trkpt>
      <trkpt lat="-22.399146" lon="-44.940899">
        <ele>1151.05</ele>
      </trkpt>
      <trkpt lat="-22.399149" lon="-44.940885">
        <ele>1151.27</ele>
      </trkpt>
      <trkpt lat="-22.399154" lon="-44.940869">
        <ele>1151.48</ele>
      </trkpt>
      <trkpt lat="-22.399159" lon="-44.940853">
        <ele>1151.7</ele>
      </trkpt>
      <trkpt lat="-22.399165" lon="-44.940835">
        <ele>1151.95</ele>
      </trkpt>
      <trkpt lat="-22.399172" lon="-44.940818">
        <ele>1152.19</ele>
      </trkpt>
      <trkpt lat="-22.399177" lon="-44.940797">
        <ele>1152.44</ele>
      </trkpt>
      <trkpt lat="-22.399182" lon="-44.940776">
        <ele>1152.69</ele>
      </trkpt>
      <trkpt lat="-22.399184" lon="-44.940754">
        <ele>1152.93</ele>
      </trkpt>
      <trkpt lat="-22.399187" lon="-44.940732">
        <ele>1153.18</ele>
      </trkpt>
      <trkpt lat="-22.399187" lon="-44.940711">
        <ele>1153.43</ele>
      </trkpt>
      <trkpt lat="-22.399187" lon="-44.94069">
        <ele>1153.71</ele>
      </trkpt>
      <trkpt lat="-22.399184" lon="-44.94067">
        <ele>1153.98</ele>
      </trkpt>
      <trkpt lat="-22.399181" lon="-44.940649">
        <ele>1154.26</ele>
      </trkpt>
      <trkpt lat="-22.399175" lon="-44.940631">
        <ele>1154.54</ele>
      </trkpt>
      <trkpt lat="-22.399168" lon="-44.940612">
        <ele>1154.82</ele>
      </trkpt>
      <trkpt lat="-22.399159" lon="-44.940596">
        <ele>1155.1</ele>
      </trkpt>
      <trkpt lat="-22.399149" lon="-44.940581">
        <ele>1155.38</ele>
      </trkpt>
      <trkpt lat="-22.399136" lon="-44.940567">
        <ele>1155.65</ele>
      </trkpt>
      <trkpt lat="-22.399122" lon="-44.940554">
        <ele>1155.91</ele>
      </trkpt>
      <trkpt lat="-22.399109" lon="-44.940538">
        <ele>1156.17</ele>
      </trkpt>
      <trkpt lat="-22.399096" lon="-44.940522">
        <ele>1156.43</ele>
      </trkpt>
      <trkpt lat="-22.399088" lon="-44.940503">
        <ele>1156.69</ele>
      </trkpt>
      <trkpt lat="-22.39908" lon="-44.940484">
        <ele>1156.95</ele>
      </trkpt>
      <trkpt lat="-22.399076" lon="-44.940463">
        <ele>1157.21</ele>
      </trkpt>
      <trkpt lat="-22.399073" lon="-44.940441">
        <ele>1157.47</ele>
      </trkpt>
      <trkpt lat="-22.399072" lon="-44.940419">
        <ele>1157.64</ele>
      </trkpt>
      <trkpt lat="-22.399072" lon="-44.940396">
        <ele>1157.82</ele>
      </trkpt>
      <trkpt lat="-22.399074" lon="-44.940375">
        <ele>1158</ele>
      </trkpt>
      <trkpt lat="-22.399075" lon="-44.940353">
        <ele>1158.17</ele>
      </trkpt>
      <trkpt lat="-22.399079" lon="-44.940331">
        <ele>1158.35</ele>
      </trkpt>
      <trkpt lat="-22.399082" lon="-44.940309">
        <ele>1158.53</ele>
      </trkpt>
      <trkpt lat="-22.399088" lon="-44.940286">
        <ele>1158.7</ele>
      </trkpt>
      <trkpt lat="-22.399093" lon="-44.940264">
        <ele>1158.81</ele>
      </trkpt>
      <trkpt lat="-22.399098" lon="-44.940241">
        <ele>1158.91</ele>
      </trkpt>
      <trkpt lat="-22.399102" lon="-44.940218">
        <ele>1159.01</ele>
      </trkpt>
      <trkpt lat="-22.399107" lon="-44.940194">
        <ele>1159.11</ele>
      </trkpt>
      <trkpt lat="-22.399111" lon="-44.94017">
        <ele>1159.21</ele>
      </trkpt>
      <trkpt lat="-22.399114" lon="-44.940146">
        <ele>1159.31</ele>
      </trkpt>
      <trkpt lat="-22.399117" lon="-44.940122">
        <ele>1159.41</ele>
      </trkpt>
      <trkpt lat="-22.399118" lon="-44.9401">
        <ele>1159.57</ele>
      </trkpt>
      <trkpt lat="-22.399119" lon="-44.940078">
        <ele>1159.72</ele>
      </trkpt>
      <trkpt lat="-22.399119" lon="-44.940056">
        <ele>1159.88</ele>
      </trkpt>
      <trkpt lat="-22.399119" lon="-44.940035">
        <ele>1160.03</ele>
      </trkpt>
      <trkpt lat="-22.399118" lon="-44.940014">
        <ele>1160.19</ele>
      </trkpt>
      <trkpt lat="-22.399117" lon="-44.939992">
        <ele>1160.34</ele>
      </trkpt>
      <trkpt lat="-22.399116" lon="-44.939971">
        <ele>1160.49</ele>
      </trkpt>
      <trkpt lat="-22.399116" lon="-44.93995">
        <ele>1160.79</ele>
      </trkpt>
      <trkpt lat="-22.399117" lon="-44.939928">
        <ele>1161.09</ele>
      </trkpt>
      <trkpt lat="-22.399118" lon="-44.939907">
        <ele>1161.39</ele>
      </trkpt>
      <trkpt lat="-22.399121" lon="-44.939887">
        <ele>1161.69</ele>
      </trkpt>
      <trkpt lat="-22.399124" lon="-44.939867">
        <ele>1161.98</ele>
      </trkpt>
      <trkpt lat="-22.399129" lon="-44.939849">
        <ele>1162.28</ele>
      </trkpt>
      <trkpt lat="-22.399133" lon="-44.939832">
        <ele>1162.58</ele>
      </trkpt>
      <trkpt lat="-22.39914" lon="-44.939817">
        <ele>1162.88</ele>
      </trkpt>
      <trkpt lat="-22.399146" lon="-44.939802">
        <ele>1163.05</ele>
      </trkpt>
      <trkpt lat="-22.399152" lon="-44.939789">
        <ele>1163.21</ele>
      </trkpt>
      <trkpt lat="-22.399159" lon="-44.939776">
        <ele>1163.38</ele>
      </trkpt>
      <trkpt lat="-22.399164" lon="-44.939763">
        <ele>1163.55</ele>
      </trkpt>
      <trkpt lat="-22.399168" lon="-44.939751">
        <ele>1163.71</ele>
      </trkpt>
      <trkpt lat="-22.399173" lon="-44.939739">
        <ele>1163.88</ele>
      </trkpt>
      <trkpt lat="-22.399178" lon="-44.939728">
        <ele>1164.05</ele>
      </trkpt>
      <trkpt lat="-22.399184" lon="-44.939715">
        <ele>1164.22</ele>
      </trkpt>
      <trkpt lat="-22.399191" lon="-44.939703">
        <ele>1164.38</ele>
      </trkpt>
      <trkpt lat="-22.399199" lon="-44.93969">
        <ele>1164.55</ele>
      </trkpt>
      <trkpt lat="-22.399208" lon="-44.939676">
        <ele>1164.72</ele>
      </trkpt>
      <trkpt lat="-22.399218" lon="-44.93966">
        <ele>1165.1</ele>
      </trkpt>
      <trkpt lat="-22.399229" lon="-44.939644">
        <ele>1165.48</ele>
      </trkpt>
      <trkpt lat="-22.39924" lon="-44.939626">
        <ele>1165.86</ele>
      </trkpt>
      <trkpt lat="-22.399252" lon="-44.939608">
        <ele>1166.24</ele>
      </trkpt>
      <trkpt lat="-22.399262" lon="-44.939588">
        <ele>1166.62</ele>
      </trkpt>
      <trkpt lat="-22.399273" lon="-44.939568">
        <ele>1167</ele>
      </trkpt>
      <trkpt lat="-22.399283" lon="-44.939546">
        <ele>1167.38</ele>
      </trkpt>
      <trkpt lat="-22.399293" lon="-44.939525">
        <ele>1167.69</ele>
      </trkpt>
      <trkpt lat="-22.399303" lon="-44.939505">
        <ele>1168</ele>
      </trkpt>
      <trkpt lat="-22.399314" lon="-44.939486">
        <ele>1168.31</ele>
      </trkpt>
      <trkpt lat="-22.399326" lon="-44.939471">
        <ele>1168.61</ele>
      </trkpt>
      <trkpt lat="-22.399339" lon="-44.939456">
        <ele>1168.92</ele>
      </trkpt>
      <trkpt lat="-22.399351" lon="-44.939444">
        <ele>1169.23</ele>
      </trkpt>
      <trkpt lat="-22.399363" lon="-44.939432">
        <ele>1169.54</ele>
      </trkpt>
      <trkpt lat="-22.399376" lon="-44.93942">
        <ele>1169.85</ele>
      </trkpt>
      <trkpt lat="-22.399389" lon="-44.939409">
        <ele>1170.01</ele>
      </trkpt>
      <trkpt lat="-22.399402" lon="-44.939395">
        <ele>1170.17</ele>
      </trkpt>
      <trkpt lat="-22.399416" lon="-44.939382">
        <ele>1170.33</ele>
      </trkpt>
      <trkpt lat="-22.399431" lon="-44.939367">
        <ele>1170.5</ele>
      </trkpt>
      <trkpt lat="-22.399445" lon="-44.939352">
        <ele>1170.66</ele>
      </trkpt>
      <trkpt lat="-22.399461" lon="-44.939336">
        <ele>1170.82</ele>
      </trkpt>
      <trkpt lat="-22.399477" lon="-44.93932">
        <ele>1170.99</ele>
      </trkpt>
      <trkpt lat="-22.399492" lon="-44.939303">
        <ele>1171.14</ele>
      </trkpt>
      <trkpt lat="-22.399508" lon="-44.939287">
        <ele>1171.3</ele>
      </trkpt>
      <trkpt lat="-22.399523" lon="-44.939272">
        <ele>1171.46</ele>
      </trkpt>
      <trkpt lat="-22.399538" lon="-44.939256">
        <ele>1171.61</ele>
      </trkpt>
      <trkpt lat="-22.399552" lon="-44.939241">
        <ele>1171.77</ele>
      </trkpt>
      <trkpt lat="-22.399566" lon="-44.939226">
        <ele>1171.93</ele>
      </trkpt>
      <trkpt lat="-22.399579" lon="-44.939207">
        <ele>1172.09</ele>
      </trkpt>
      <trkpt lat="-22.399592" lon="-44.939187">
        <ele>1172.29</ele>
      </trkpt>
      <trkpt lat="-22.399604" lon="-44.939162">
        <ele>1172.5</ele>
      </trkpt>
      <trkpt lat="-22.399616" lon="-44.939138">
        <ele>1172.71</ele>
      </trkpt>
      <trkpt lat="-22.399627" lon="-44.939115">
        <ele>1172.91</ele>
      </trkpt>
      <trkpt lat="-22.399638" lon="-44.939093">
        <ele>1173.12</ele>
      </trkpt>
      <trkpt lat="-22.399638" lon="-44.939093">
        <ele>1173.33</ele>
      </trkpt>
      <trkpt lat="-22.399638" lon="-44.939093">
        <ele>1173.53</ele>
      </trkpt>
      <trkpt lat="-22.399638" lon="-44.939093">
        <ele>1173.74</ele>
      </trkpt>
      <trkpt lat="-22.399638" lon="-44.939093">
        <ele>1173.95</ele>
      </trkpt>
      <trkpt lat="-22.399638" lon="-44.939093">
        <ele>1174.15</ele>
      </trkpt>
      <trkpt lat="-22.399638" lon="-44.939093">
        <ele>1174.36</ele>
      </trkpt>
      <trkpt lat="-22.399638" lon="-44.939093">
        <ele>1174.57</ele>
      </trkpt>
      <trkpt lat="-22.399638" lon="-44.939093">
        <ele>1174.77</ele>
      </trkpt>
      <trkpt lat="-22.399652" lon="-44.93907">
        <ele>1174.98</ele>
      </trkpt>
      <trkpt lat="-22.399659" lon="-44.939057">
        <ele>1175.2</ele>
      </trkpt>
      <trkpt lat="-22.399666" lon="-44.939045">
        <ele>1175.42</ele>
      </trkpt>
      <trkpt lat="-22.399668" lon="-44.939036">
        <ele>1175.64</ele>
      </trkpt>
      <trkpt lat="-22.399671" lon="-44.939028">
        <ele>1175.86</ele>
      </trkpt>
      <trkpt lat="-22.399671" lon="-44.939021">
        <ele>1176.09</ele>
      </trkpt>
      <trkpt lat="-22.399671" lon="-44.939014">
        <ele>1176.31</ele>
      </trkpt>
      <trkpt lat="-22.399669" lon="-44.939007">
        <ele>1176.53</ele>
      </trkpt>
      <trkpt lat="-22.399667" lon="-44.939">
        <ele>1176.75</ele>
      </trkpt>
      <trkpt lat="-22.399664" lon="-44.938992">
        <ele>1176.97</ele>
      </trkpt>
      <trkpt lat="-22.399661" lon="-44.938985">
        <ele>1177.19</ele>
      </trkpt>
      <trkpt lat="-22.399659" lon="-44.938979">
        <ele>1177.41</ele>
      </trkpt>
      <trkpt lat="-22.399656" lon="-44.938973">
        <ele>1177.63</ele>
      </trkpt>
      <trkpt lat="-22.399654" lon="-44.938967">
        <ele>1177.85</ele>
      </trkpt>
      <trkpt lat="-22.399652" lon="-44.938961">
        <ele>1178.07</ele>
      </trkpt>
      <trkpt lat="-22.39965" lon="-44.938955">
        <ele>1178.29</ele>
      </trkpt>
      <trkpt lat="-22.399647" lon="-44.93895">
        <ele>1178.51</ele>
      </trkpt>
      <trkpt lat="-22.399644" lon="-44.938944">
        <ele>1178.73</ele>
      </trkpt>
      <trkpt lat="-22.399641" lon="-44.938939">
        <ele>1178.96</ele>
      </trkpt>
      <trkpt lat="-22.399639" lon="-44.938932">
        <ele>1179.18</ele>
      </trkpt>
      <trkpt lat="-22.399636" lon="-44.938926">
        <ele>1179.39</ele>
      </trkpt>
      <trkpt lat="-22.399635" lon="-44.93892">
        <ele>1179.59</ele>
      </trkpt>
      <trkpt lat="-22.399634" lon="-44.938915">
        <ele>1179.8</ele>
      </trkpt>
      <trkpt lat="-22.399633" lon="-44.938909">
        <ele>1180.01</ele>
      </trkpt>
      <trkpt lat="-22.399634" lon="-44.938901">
        <ele>1180.22</ele>
      </trkpt>
      <trkpt lat="-22.399634" lon="-44.938892">
        <ele>1180.43</ele>
      </trkpt>
      <trkpt lat="-22.399635" lon="-44.938883">
        <ele>1180.64</ele>
      </trkpt>
      <trkpt lat="-22.399636" lon="-44.938874">
        <ele>1180.85</ele>
      </trkpt>
      <trkpt lat="-22.399635" lon="-44.938866">
        <ele>1181.06</ele>
      </trkpt>
      <trkpt lat="-22.399635" lon="-44.938857">
        <ele>1181.27</ele>
      </trkpt>
      <trkpt lat="-22.399636" lon="-44.938848">
        <ele>1181.48</ele>
      </trkpt>
      <trkpt lat="-22.399636" lon="-44.938839">
        <ele>1181.69</ele>
      </trkpt>
      <trkpt lat="-22.399637" lon="-44.938829">
        <ele>1181.9</ele>
      </trkpt>
      <trkpt lat="-22.399638" lon="-44.93882">
        <ele>1182.1</ele>
      </trkpt>
      <trkpt lat="-22.399638" lon="-44.938818">
        <ele>1182.31</ele>
      </trkpt>
      <trkpt lat="-22.399638" lon="-44.938815">
        <ele>1182.52</ele>
      </trkpt>
      <trkpt lat="-22.399638" lon="-44.938813">
        <ele>1182.73</ele>
      </trkpt>
      <trkpt lat="-22.399639" lon="-44.938811">
        <ele>1182.94</ele>
      </trkpt>
      <trkpt lat="-22.399639" lon="-44.938808">
        <ele>1183.15</ele>
      </trkpt>
      <trkpt lat="-22.399639" lon="-44.938801">
        <ele>1183.36</ele>
      </trkpt>
      <trkpt lat="-22.39964" lon="-44.938793">
        <ele>1183.57</ele>
      </trkpt>
      <trkpt lat="-22.39964" lon="-44.938788">
        <ele>1183.78</ele>
      </trkpt>
      <trkpt lat="-22.399639" lon="-44.938784">
        <ele>1184.05</ele>
      </trkpt>
      <trkpt lat="-22.399639" lon="-44.938779">
        <ele>1184.32</ele>
      </trkpt>
      <trkpt lat="-22.399639" lon="-44.938771">
        <ele>1184.6</ele>
      </trkpt>
      <trkpt lat="-22.399639" lon="-44.938764">
        <ele>1184.87</ele>
      </trkpt>
      <trkpt lat="-22.399639" lon="-44.938756">
        <ele>1185.14</ele>
      </trkpt>
      <trkpt lat="-22.399639" lon="-44.938748">
        <ele>1185.41</ele>
      </trkpt>
      <trkpt lat="-22.399639" lon="-44.93874">
        <ele>1185.69</ele>
      </trkpt>
      <trkpt lat="-22.399638" lon="-44.938732">
        <ele>1185.96</ele>
      </trkpt>
      <trkpt lat="-22.399638" lon="-44.938723">
        <ele>1186.23</ele>
      </trkpt>
      <trkpt lat="-22.399638" lon="-44.938715">
        <ele>1186.5</ele>
      </trkpt>
      <trkpt lat="-22.399638" lon="-44.938706">
        <ele>1186.78</ele>
      </trkpt>
      <trkpt lat="-22.399638" lon="-44.938698">
        <ele>1187.05</ele>
      </trkpt>
      <trkpt lat="-22.399638" lon="-44.938689">
        <ele>1187.32</ele>
      </trkpt>
      <trkpt lat="-22.399637" lon="-44.93868">
        <ele>1187.59</ele>
      </trkpt>
      <trkpt lat="-22.399636" lon="-44.938672">
        <ele>1187.87</ele>
      </trkpt>
      <trkpt lat="-22.399636" lon="-44.938664">
        <ele>1188.14</ele>
      </trkpt>
      <trkpt lat="-22.399634" lon="-44.938657">
        <ele>1188.41</ele>
      </trkpt>
      <trkpt lat="-22.399633" lon="-44.938649">
        <ele>1188.68</ele>
      </trkpt>
      <trkpt lat="-22.399633" lon="-44.938642">
        <ele>1188.96</ele>
      </trkpt>
      <trkpt lat="-22.399632" lon="-44.938634">
        <ele>1189.27</ele>
      </trkpt>
      <trkpt lat="-22.399633" lon="-44.938626">
        <ele>1189.58</ele>
      </trkpt>
      <trkpt lat="-22.399634" lon="-44.938617">
        <ele>1189.89</ele>
      </trkpt>
      <trkpt lat="-22.399637" lon="-44.938607">
        <ele>1190.2</ele>
      </trkpt>
      <trkpt lat="-22.39964" lon="-44.938598">
        <ele>1190.51</ele>
      </trkpt>
      <trkpt lat="-22.399644" lon="-44.938588">
        <ele>1190.82</ele>
      </trkpt>
      <trkpt lat="-22.399647" lon="-44.938579">
        <ele>1191.13</ele>
      </trkpt>
      <trkpt lat="-22.399651" lon="-44.93857">
        <ele>1191.44</ele>
      </trkpt>
      <trkpt lat="-22.399654" lon="-44.938561">
        <ele>1191.75</ele>
      </trkpt>
      <trkpt lat="-22.399657" lon="-44.93855">
        <ele>1192.06</ele>
      </trkpt>
      <trkpt lat="-22.39966" lon="-44.93854">
        <ele>1192.37</ele>
      </trkpt>
      <trkpt lat="-22.399664" lon="-44.938529">
        <ele>1192.68</ele>
      </trkpt>
      <trkpt lat="-22.399668" lon="-44.938519">
        <ele>1193</ele>
      </trkpt>
      <trkpt lat="-22.399672" lon="-44.938508">
        <ele>1193.31</ele>
      </trkpt>
      <trkpt lat="-22.399676" lon="-44.938497">
        <ele>1193.62</ele>
      </trkpt>
      <trkpt lat="-22.399679" lon="-44.938486">
        <ele>1193.89</ele>
      </trkpt>
      <trkpt lat="-22.399682" lon="-44.938475">
        <ele>1194.17</ele>
      </trkpt>
      <trkpt lat="-22.399686" lon="-44.938463">
        <ele>1194.44</ele>
      </trkpt>
      <trkpt lat="-22.39969" lon="-44.938452">
        <ele>1194.72</ele>
      </trkpt>
      <trkpt lat="-22.399694" lon="-44.93844">
        <ele>1194.99</ele>
      </trkpt>
      <trkpt lat="-22.399699" lon="-44.938428">
        <ele>1195.27</ele>
      </trkpt>
      <trkpt lat="-22.399703" lon="-44.938417">
        <ele>1195.54</ele>
      </trkpt>
      <trkpt lat="-22.399707" lon="-44.938407">
        <ele>1195.82</ele>
      </trkpt>
      <trkpt lat="-22.399709" lon="-44.938398">
        <ele>1196.09</ele>
      </trkpt>
      <trkpt lat="-22.399711" lon="-44.938388">
        <ele>1196.37</ele>
      </trkpt>
      <trkpt lat="-22.399714" lon="-44.93838">
        <ele>1196.64</ele>
      </trkpt>
      <trkpt lat="-22.399717" lon="-44.938371">
        <ele>1196.92</ele>
      </trkpt>
      <trkpt lat="-22.399719" lon="-44.938363">
        <ele>1197.19</ele>
      </trkpt>
      <trkpt lat="-22.399722" lon="-44.938355">
        <ele>1197.47</ele>
      </trkpt>
      <trkpt lat="-22.399723" lon="-44.938347">
        <ele>1197.67</ele>
      </trkpt>
      <trkpt lat="-22.399724" lon="-44.938339">
        <ele>1197.88</ele>
      </trkpt>
      <trkpt lat="-22.399724" lon="-44.93833">
        <ele>1198.08</ele>
      </trkpt>
      <trkpt lat="-22.399724" lon="-44.938321">
        <ele>1198.28</ele>
      </trkpt>
      <trkpt lat="-22.399724" lon="-44.938312">
        <ele>1198.49</ele>
      </trkpt>
      <trkpt lat="-22.399724" lon="-44.938303">
        <ele>1198.69</ele>
      </trkpt>
      <trkpt lat="-22.399724" lon="-44.938294">
        <ele>1198.89</ele>
      </trkpt>
      <trkpt lat="-22.399725" lon="-44.938286">
        <ele>1199.1</ele>
      </trkpt>
      <trkpt lat="-22.399725" lon="-44.938277">
        <ele>1199.3</ele>
      </trkpt>
      <trkpt lat="-22.399725" lon="-44.938268">
        <ele>1199.51</ele>
      </trkpt>
      <trkpt lat="-22.399726" lon="-44.93826">
        <ele>1199.71</ele>
      </trkpt>
      <trkpt lat="-22.399727" lon="-44.938251">
        <ele>1199.91</ele>
      </trkpt>
      <trkpt lat="-22.399728" lon="-44.938243">
        <ele>1200.12</ele>
      </trkpt>
      <trkpt lat="-22.39973" lon="-44.938235">
        <ele>1200.32</ele>
      </trkpt>
      <trkpt lat="-22.399731" lon="-44.938231">
        <ele>1200.53</ele>
      </trkpt>
      <trkpt lat="-22.399731" lon="-44.938227">
        <ele>1200.73</ele>
      </trkpt>
      <trkpt lat="-22.399732" lon="-44.938222">
        <ele>1200.93</ele>
      </trkpt>
      <trkpt lat="-22.399733" lon="-44.938218">
        <ele>1201.14</ele>
      </trkpt>
      <trkpt lat="-22.399733" lon="-44.938211">
        <ele>1201.34</ele>
      </trkpt>
      <trkpt lat="-22.399733" lon="-44.938204">
        <ele>1201.54</ele>
      </trkpt>
      <trkpt lat="-22.399731" lon="-44.938199">
        <ele>1201.7</ele>
      </trkpt>
      <trkpt lat="-22.399728" lon="-44.938194">
        <ele>1201.85</ele>
      </trkpt>
      <trkpt lat="-22.399725" lon="-44.938188">
        <ele>1202.01</ele>
      </trkpt>
      <trkpt lat="-22.399722" lon="-44.938182">
        <ele>1202.16</ele>
      </trkpt>
      <trkpt lat="-22.399718" lon="-44.938175">
        <ele>1202.32</ele>
      </trkpt>
      <trkpt lat="-22.399714" lon="-44.938169">
        <ele>1202.47</ele>
      </trkpt>
      <trkpt lat="-22.39971" lon="-44.938163">
        <ele>1202.63</ele>
      </trkpt>
      <trkpt lat="-22.399707" lon="-44.938157">
        <ele>1202.78</ele>
      </trkpt>
      <trkpt lat="-22.399704" lon="-44.938152">
        <ele>1202.94</ele>
      </trkpt>
      <trkpt lat="-22.399701" lon="-44.938146">
        <ele>1203.09</ele>
      </trkpt>
      <trkpt lat="-22.399699" lon="-44.938139">
        <ele>1203.25</ele>
      </trkpt>
      <trkpt lat="-22.399697" lon="-44.938133">
        <ele>1203.4</ele>
      </trkpt>
      <trkpt lat="-22.399697" lon="-44.938126">
        <ele>1203.56</ele>
      </trkpt>
      <trkpt lat="-22.399697" lon="-44.938119">
        <ele>1203.71</ele>
      </trkpt>
      <trkpt lat="-22.3997" lon="-44.938112">
        <ele>1203.87</ele>
      </trkpt>
      <trkpt lat="-22.399702" lon="-44.938105">
        <ele>1204.02</ele>
      </trkpt>
      <trkpt lat="-22.399706" lon="-44.938098">
        <ele>1204.18</ele>
      </trkpt>
      <trkpt lat="-22.39971" lon="-44.938092">
        <ele>1204.33</ele>
      </trkpt>
      <trkpt lat="-22.399715" lon="-44.938086">
        <ele>1204.49</ele>
      </trkpt>
      <trkpt lat="-22.39972" lon="-44.93808">
        <ele>1204.64</ele>
      </trkpt>
      <trkpt lat="-22.399725" lon="-44.938074">
        <ele>1204.8</ele>
      </trkpt>
      <trkpt lat="-22.39973" lon="-44.938068">
        <ele>1205.03</ele>
      </trkpt>
      <trkpt lat="-22.399734" lon="-44.938062">
        <ele>1205.26</ele>
      </trkpt>
      <trkpt lat="-22.399737" lon="-44.938056">
        <ele>1205.5</ele>
      </trkpt>
      <trkpt lat="-22.399739" lon="-44.938048">
        <ele>1205.73</ele>
      </trkpt>
      <trkpt lat="-22.39974" lon="-44.938041">
        <ele>1205.96</ele>
      </trkpt>
      <trkpt lat="-22.39974" lon="-44.938033">
        <ele>1206.2</ele>
      </trkpt>
      <trkpt lat="-22.39974" lon="-44.938025">
        <ele>1206.43</ele>
      </trkpt>
      <trkpt lat="-22.399741" lon="-44.938016">
        <ele>1206.67</ele>
      </trkpt>
      <trkpt lat="-22.399741" lon="-44.938008">
        <ele>1206.9</ele>
      </trkpt>
      <trkpt lat="-22.399742" lon="-44.937999">
        <ele>1207.13</ele>
      </trkpt>
      <trkpt lat="-22.399744" lon="-44.93799">
        <ele>1207.37</ele>
      </trkpt>
      <trkpt lat="-22.399745" lon="-44.93798">
        <ele>1207.6</ele>
      </trkpt>
      <trkpt lat="-22.399747" lon="-44.937971">
        <ele>1207.83</ele>
      </trkpt>
      <trkpt lat="-22.39975" lon="-44.93796">
        <ele>1208.07</ele>
      </trkpt>
      <trkpt lat="-22.399752" lon="-44.937949">
        <ele>1208.3</ele>
      </trkpt>
      <trkpt lat="-22.399755" lon="-44.937938">
        <ele>1208.54</ele>
      </trkpt>
      <trkpt lat="-22.399757" lon="-44.937928">
        <ele>1208.77</ele>
      </trkpt>
      <trkpt lat="-22.399761" lon="-44.937916">
        <ele>1209.05</ele>
      </trkpt>
      <trkpt lat="-22.399764" lon="-44.937905">
        <ele>1209.33</ele>
      </trkpt>
      <trkpt lat="-22.39977" lon="-44.937895">
        <ele>1209.61</ele>
      </trkpt>
      <trkpt lat="-22.399775" lon="-44.937885">
        <ele>1209.89</ele>
      </trkpt>
      <trkpt lat="-22.399781" lon="-44.937876">
        <ele>1210.17</ele>
      </trkpt>
      <trkpt lat="-22.399787" lon="-44.937868">
        <ele>1210.45</ele>
      </trkpt>
      <trkpt lat="-22.39979" lon="-44.93786">
        <ele>1210.73</ele>
      </trkpt>
      <trkpt lat="-22.399794" lon="-44.937852">
        <ele>1211.01</ele>
      </trkpt>
      <trkpt lat="-22.399798" lon="-44.937844">
        <ele>1211.29</ele>
      </trkpt>
      <trkpt lat="-22.399801" lon="-44.937836">
        <ele>1211.57</ele>
      </trkpt>
      <trkpt lat="-22.399804" lon="-44.937827">
        <ele>1211.85</ele>
      </trkpt>
      <trkpt lat="-22.399807" lon="-44.937819">
        <ele>1212.13</ele>
      </trkpt>
      <trkpt lat="-22.399809" lon="-44.937811">
        <ele>1212.41</ele>
      </trkpt>
      <trkpt lat="-22.399811" lon="-44.937802">
        <ele>1212.69</ele>
      </trkpt>
      <trkpt lat="-22.399812" lon="-44.937794">
        <ele>1212.97</ele>
      </trkpt>
      <trkpt lat="-22.399812" lon="-44.937785">
        <ele>1213.07</ele>
      </trkpt>
      <trkpt lat="-22.399812" lon="-44.937785">
        <ele>1213.18</ele>
      </trkpt>
      <trkpt lat="-22.399812" lon="-44.937785">
        <ele>1213.28</ele>
      </trkpt>
      <trkpt lat="-22.399812" lon="-44.937785">
        <ele>1213.38</ele>
      </trkpt>
      <trkpt lat="-22.399812" lon="-44.937785">
        <ele>1213.48</ele>
      </trkpt>
      <trkpt lat="-22.399812" lon="-44.937785">
        <ele>1213.58</ele>
      </trkpt>
      <trkpt lat="-22.399812" lon="-44.937785">
        <ele>1213.68</ele>
      </trkpt>
      <trkpt lat="-22.399812" lon="-44.937785">
        <ele>1213.78</ele>
      </trkpt>
      <trkpt lat="-22.399812" lon="-44.937785">
        <ele>1213.88</ele>
      </trkpt>
      <trkpt lat="-22.399812" lon="-44.937785">
        <ele>1213.98</ele>
      </trkpt>
      <trkpt lat="-22.399812" lon="-44.937785">
        <ele>1214.08</ele>
      </trkpt>
      <trkpt lat="-22.399812" lon="-44.937785">
        <ele>1214.18</ele>
      </trkpt>
      <trkpt lat="-22.399812" lon="-44.937785">
        <ele>1214.28</ele>
      </trkpt>
      <trkpt lat="-22.399812" lon="-44.937785">
        <ele>1214.38</ele>
      </trkpt>
      <trkpt lat="-22.399812" lon="-44.937785">
        <ele>1214.48</ele>
      </trkpt>
      <trkpt lat="-22.399812" lon="-44.937785">
        <ele>1214.58</ele>
      </trkpt>
      <trkpt lat="-22.399812" lon="-44.937785">
        <ele>1214.68</ele>
      </trkpt>
      <trkpt lat="-22.399812" lon="-44.937785">
        <ele>1214.78</ele>
      </trkpt>
      <trkpt lat="-22.399812" lon="-44.937785">
        <ele>1214.89</ele>
      </trkpt>
      <trkpt lat="-22.399812" lon="-44.937785">
        <ele>1214.99</ele>
      </trkpt>
      <trkpt lat="-22.399812" lon="-44.937785">
        <ele>1215.09</ele>
      </trkpt>
      <trkpt lat="-22.399812" lon="-44.937785">
        <ele>1215.19</ele>
      </trkpt>
      <trkpt lat="-22.399812" lon="-44.937785">
        <ele>1215.29</ele>
      </trkpt>
      <trkpt lat="-22.399812" lon="-44.937785">
        <ele>1215.39</ele>
      </trkpt>
      <trkpt lat="-22.399812" lon="-44.937785">
        <ele>1215.49</ele>
      </trkpt>
      <trkpt lat="-22.399812" lon="-44.937785">
        <ele>1215.59</ele>
      </trkpt>
      <trkpt lat="-22.399812" lon="-44.937785">
        <ele>1215.69</ele>
      </trkpt>
      <trkpt lat="-22.399812" lon="-44.937785">
        <ele>1215.79</ele>
      </trkpt>
      <trkpt lat="-22.399812" lon="-44.937785">
        <ele>1215.89</ele>
      </trkpt>
      <trkpt lat="-22.399812" lon="-44.937785">
        <ele>1215.99</ele>
      </trkpt>
      <trkpt lat="-22.399812" lon="-44.937785">
        <ele>1216.09</ele>
      </trkpt>
      <trkpt lat="-22.399812" lon="-44.937785">
        <ele>1216.19</ele>
      </trkpt>
      <trkpt lat="-22.399812" lon="-44.937785">
        <ele>1216.29</ele>
      </trkpt>
      <trkpt lat="-22.399812" lon="-44.937785">
        <ele>1216.39</ele>
      </trkpt>
      <trkpt lat="-22.399812" lon="-44.937785">
        <ele>1216.49</ele>
      </trkpt>
      <trkpt lat="-22.399812" lon="-44.937785">
        <ele>1216.59</ele>
      </trkpt>
      <trkpt lat="-22.399812" lon="-44.937761">
        <ele>1216.7</ele>
      </trkpt>
      <trkpt lat="-22.399811" lon="-44.937751">
        <ele>1216.8</ele>
      </trkpt>
      <trkpt lat="-22.39981" lon="-44.937741">
        <ele>1216.9</ele>
      </trkpt>
      <trkpt lat="-22.399808" lon="-44.937733">
        <ele>1217</ele>
      </trkpt>
      <trkpt lat="-22.399807" lon="-44.937724">
        <ele>1217.1</ele>
      </trkpt>
      <trkpt lat="-22.399806" lon="-44.937714">
        <ele>1217.2</ele>
      </trkpt>
      <trkpt lat="-22.399806" lon="-44.937703">
        <ele>1217.3</ele>
      </trkpt>
      <trkpt lat="-22.399807" lon="-44.937693">
        <ele>1217.4</ele>
      </trkpt>
      <trkpt lat="-22.399808" lon="-44.937683">
        <ele>1217.5</ele>
      </trkpt>
      <trkpt lat="-22.399811" lon="-44.937674">
        <ele>1217.6</ele>
      </trkpt>
      <trkpt lat="-22.399813" lon="-44.937665">
        <ele>1217.7</ele>
      </trkpt>
      <trkpt lat="-22.399817" lon="-44.937656">
        <ele>1217.8</ele>
      </trkpt>
      <trkpt lat="-22.39982" lon="-44.937648">
        <ele>1217.9</ele>
      </trkpt>
      <trkpt lat="-22.399823" lon="-44.93764">
        <ele>1218.18</ele>
      </trkpt>
      <trkpt lat="-22.399827" lon="-44.937631">
        <ele>1218.45</ele>
      </trkpt>
      <trkpt lat="-22.39983" lon="-44.937623">
        <ele>1218.73</ele>
      </trkpt>
      <trkpt lat="-22.399834" lon="-44.937615">
        <ele>1219.01</ele>
      </trkpt>
      <trkpt lat="-22.399838" lon="-44.937606">
        <ele>1219.28</ele>
      </trkpt>
      <trkpt lat="-22.399841" lon="-44.937597">
        <ele>1219.56</ele>
      </trkpt>
      <trkpt lat="-22.399845" lon="-44.937588">
        <ele>1219.84</ele>
      </trkpt>
      <trkpt lat="-22.399848" lon="-44.937579">
        <ele>1220.11</ele>
      </trkpt>
      <trkpt lat="-22.399852" lon="-44.937571">
        <ele>1220.39</ele>
      </trkpt>
      <trkpt lat="-22.399855" lon="-44.937562">
        <ele>1220.66</ele>
      </trkpt>
      <trkpt lat="-22.399857" lon="-44.937556">
        <ele>1220.94</ele>
      </trkpt>
      <trkpt lat="-22.399858" lon="-44.93755">
        <ele>1221.22</ele>
      </trkpt>
      <trkpt lat="-22.39986" lon="-44.937544">
        <ele>1221.49</ele>
      </trkpt>
      <trkpt lat="-22.399861" lon="-44.937536">
        <ele>1221.77</ele>
      </trkpt>
      <trkpt lat="-22.399862" lon="-44.937527">
        <ele>1222.05</ele>
      </trkpt>
      <trkpt lat="-22.399862" lon="-44.937519">
        <ele>1222.32</ele>
      </trkpt>
      <trkpt lat="-22.399863" lon="-44.937511">
        <ele>1222.6</ele>
      </trkpt>
      <trkpt lat="-22.399863" lon="-44.937504">
        <ele>1222.91</ele>
      </trkpt>
      <trkpt lat="-22.399863" lon="-44.937496">
        <ele>1223.23</ele>
      </trkpt>
      <trkpt lat="-22.399863" lon="-44.937488">
        <ele>1223.54</ele>
      </trkpt>
      <trkpt lat="-22.399863" lon="-44.93748">
        <ele>1223.86</ele>
      </trkpt>
      <trkpt lat="-22.399862" lon="-44.937472">
        <ele>1224.18</ele>
      </trkpt>
      <trkpt lat="-22.399861" lon="-44.937463">
        <ele>1224.49</ele>
      </trkpt>
      <trkpt lat="-22.399859" lon="-44.937454">
        <ele>1224.81</ele>
      </trkpt>
      <trkpt lat="-22.399858" lon="-44.937446">
        <ele>1225.12</ele>
      </trkpt>
      <trkpt lat="-22.399857" lon="-44.937436">
        <ele>1225.44</ele>
      </trkpt>
      <trkpt lat="-22.399856" lon="-44.937427">
        <ele>1225.75</ele>
      </trkpt>
      <trkpt lat="-22.399855" lon="-44.937418">
        <ele>1226.07</ele>
      </trkpt>
      <trkpt lat="-22.399855" lon="-44.937408">
        <ele>1226.39</ele>
      </trkpt>
      <trkpt lat="-22.399855" lon="-44.9374">
        <ele>1226.7</ele>
      </trkpt>
      <trkpt lat="-22.399855" lon="-44.937391">
        <ele>1227.02</ele>
      </trkpt>
      <trkpt lat="-22.399856" lon="-44.937383">
        <ele>1227.33</ele>
      </trkpt>
      <trkpt lat="-22.399858" lon="-44.937374">
        <ele>1227.65</ele>
      </trkpt>
      <trkpt lat="-22.39986" lon="-44.937366">
        <ele>1227.96</ele>
      </trkpt>
      <trkpt lat="-22.399863" lon="-44.937357">
        <ele>1228.25</ele>
      </trkpt>
      <trkpt lat="-22.399865" lon="-44.937348">
        <ele>1228.53</ele>
      </trkpt>
      <trkpt lat="-22.399868" lon="-44.93734">
        <ele>1228.81</ele>
      </trkpt>
      <trkpt lat="-22.399869" lon="-44.937331">
        <ele>1229.1</ele>
      </trkpt>
      <trkpt lat="-22.39987" lon="-44.937323">
        <ele>1229.38</ele>
      </trkpt>
      <trkpt lat="-22.39987" lon="-44.937314">
        <ele>1229.67</ele>
      </trkpt>
      <trkpt lat="-22.39987" lon="-44.937305">
        <ele>1229.95</ele>
      </trkpt>
      <trkpt lat="-22.39987" lon="-44.937296">
        <ele>1230.23</ele>
      </trkpt>
      <trkpt lat="-22.399871" lon="-44.937287">
        <ele>1230.52</ele>
      </trkpt>
      <trkpt lat="-22.399871" lon="-44.937278">
        <ele>1230.8</ele>
      </trkpt>
      <trkpt lat="-22.399873" lon="-44.93727">
        <ele>1231.08</ele>
      </trkpt>
      <trkpt lat="-22.399874" lon="-44.937262">
        <ele>1231.37</ele>
      </trkpt>
      <trkpt lat="-22.399875" lon="-44.937253">
        <ele>1231.65</ele>
      </trkpt>
      <trkpt lat="-22.399876" lon="-44.937245">
        <ele>1231.94</ele>
      </trkpt>
      <trkpt lat="-22.399877" lon="-44.937238">
        <ele>1232.22</ele>
      </trkpt>
      <trkpt lat="-22.399879" lon="-44.93723">
        <ele>1232.5</ele>
      </trkpt>
      <trkpt lat="-22.399881" lon="-44.937223">
        <ele>1232.79</ele>
      </trkpt>
      <trkpt lat="-22.399884" lon="-44.937216">
        <ele>1233.07</ele>
      </trkpt>
      <trkpt lat="-22.399886" lon="-44.937209">
        <ele>1233.12</ele>
      </trkpt>
      <trkpt lat="-22.399888" lon="-44.937201">
        <ele>1233.17</ele>
      </trkpt>
      <trkpt lat="-22.399891" lon="-44.937193">
        <ele>1233.22</ele>
      </trkpt>
      <trkpt lat="-22.399893" lon="-44.937185">
        <ele>1233.27</ele>
      </trkpt>
      <trkpt lat="-22.399896" lon="-44.937177">
        <ele>1233.32</ele>
      </trkpt>
      <trkpt lat="-22.399898" lon="-44.93717">
        <ele>1233.37</ele>
      </trkpt>
      <trkpt lat="-22.3999" lon="-44.937163">
        <ele>1233.42</ele>
      </trkpt>
      <trkpt lat="-22.399901" lon="-44.937156">
        <ele>1233.47</ele>
      </trkpt>
      <trkpt lat="-22.399902" lon="-44.937149">
        <ele>1233.52</ele>
      </trkpt>
      <trkpt lat="-22.399902" lon="-44.937149">
        <ele>1233.58</ele>
      </trkpt>
      <trkpt lat="-22.399902" lon="-44.937149">
        <ele>1233.63</ele>
      </trkpt>
      <trkpt lat="-22.399902" lon="-44.937149">
        <ele>1233.68</ele>
      </trkpt>
      <trkpt lat="-22.399902" lon="-44.937149">
        <ele>1233.73</ele>
      </trkpt>
      <trkpt lat="-22.399902" lon="-44.937149">
        <ele>1233.78</ele>
      </trkpt>
      <trkpt lat="-22.399902" lon="-44.937149">
        <ele>1233.83</ele>
      </trkpt>
      <trkpt lat="-22.399902" lon="-44.937149">
        <ele>1233.88</ele>
      </trkpt>
      <trkpt lat="-22.399902" lon="-44.937149">
        <ele>1233.93</ele>
      </trkpt>
      <trkpt lat="-22.399902" lon="-44.937149">
        <ele>1233.98</ele>
      </trkpt>
      <trkpt lat="-22.399902" lon="-44.937149">
        <ele>1234.03</ele>
      </trkpt>
      <trkpt lat="-22.399904" lon="-44.937141">
        <ele>1234.08</ele>
      </trkpt>
      <trkpt lat="-22.399907" lon="-44.937135">
        <ele>1234.13</ele>
      </trkpt>
      <trkpt lat="-22.399909" lon="-44.937129">
        <ele>1234.18</ele>
      </trkpt>
      <trkpt lat="-22.399912" lon="-44.937125">
        <ele>1234.23</ele>
      </trkpt>
      <trkpt lat="-22.399914" lon="-44.937122">
        <ele>1234.28</ele>
      </trkpt>
      <trkpt lat="-22.399916" lon="-44.937118">
        <ele>1234.33</ele>
      </trkpt>
      <trkpt lat="-22.399918" lon="-44.937112">
        <ele>1234.38</ele>
      </trkpt>
      <trkpt lat="-22.39992" lon="-44.937106">
        <ele>1234.43</ele>
      </trkpt>
      <trkpt lat="-22.39992" lon="-44.937106">
        <ele>1234.48</ele>
      </trkpt>
      <trkpt lat="-22.39992" lon="-44.937106">
        <ele>1234.53</ele>
      </trkpt>
      <trkpt lat="-22.39992" lon="-44.937106">
        <ele>1234.59</ele>
      </trkpt>
      <trkpt lat="-22.39992" lon="-44.937106">
        <ele>1234.64</ele>
      </trkpt>
      <trkpt lat="-22.39992" lon="-44.937106">
        <ele>1234.69</ele>
      </trkpt>
      <trkpt lat="-22.39992" lon="-44.937106">
        <ele>1234.74</ele>
      </trkpt>
      <trkpt lat="-22.39992" lon="-44.937106">
        <ele>1234.79</ele>
      </trkpt>
      <trkpt lat="-22.39992" lon="-44.937106">
        <ele>1234.84</ele>
      </trkpt>
      <trkpt lat="-22.39992" lon="-44.937106">
        <ele>1234.89</ele>
      </trkpt>
      <trkpt lat="-22.39992" lon="-44.937106">
        <ele>1234.94</ele>
      </trkpt>
      <trkpt lat="-22.39992" lon="-44.937106">
        <ele>1234.99</ele>
      </trkpt>
      <trkpt lat="-22.39992" lon="-44.937106">
        <ele>1235.04</ele>
      </trkpt>
      <trkpt lat="-22.39992" lon="-44.937106">
        <ele>1235.09</ele>
      </trkpt>
      <trkpt lat="-22.39992" lon="-44.937106">
        <ele>1235.14</ele>
      </trkpt>
      <trkpt lat="-22.39992" lon="-44.937106">
        <ele>1235.19</ele>
      </trkpt>
      <trkpt lat="-22.39992" lon="-44.937106">
        <ele>1235.24</ele>
      </trkpt>
      <trkpt lat="-22.39992" lon="-44.937106">
        <ele>1235.29</ele>
      </trkpt>
      <trkpt lat="-22.39992" lon="-44.937106">
        <ele>1235.34</ele>
      </trkpt>
      <trkpt lat="-22.39992" lon="-44.937106">
        <ele>1235.39</ele>
      </trkpt>
      <trkpt lat="-22.39992" lon="-44.937106">
        <ele>1235.44</ele>
      </trkpt>
      <trkpt lat="-22.39992" lon="-44.937106">
        <ele>1235.49</ele>
      </trkpt>
      <trkpt lat="-22.39992" lon="-44.937106">
        <ele>1235.54</ele>
      </trkpt>
      <trkpt lat="-22.39992" lon="-44.937106">
        <ele>1235.6</ele>
      </trkpt>
      <trkpt lat="-22.39992" lon="-44.937106">
        <ele>1235.65</ele>
      </trkpt>
      <trkpt lat="-22.39992" lon="-44.937106">
        <ele>1235.7</ele>
      </trkpt>
      <trkpt lat="-22.39992" lon="-44.937106">
        <ele>1235.75</ele>
      </trkpt>
      <trkpt lat="-22.39992" lon="-44.937106">
        <ele>1235.8</ele>
      </trkpt>
      <trkpt lat="-22.39992" lon="-44.937106">
        <ele>1235.85</ele>
      </trkpt>
      <trkpt lat="-22.39992" lon="-44.937106">
        <ele>1235.9</ele>
      </trkpt>
      <trkpt lat="-22.39992" lon="-44.937106">
        <ele>1235.95</ele>
      </trkpt>
      <trkpt lat="-22.39992" lon="-44.937106">
        <ele>1236</ele>
      </trkpt>
      <trkpt lat="-22.39992" lon="-44.937106">
        <ele>1236.05</ele>
      </trkpt>
      <trkpt lat="-22.39992" lon="-44.937106">
        <ele>1236.1</ele>
      </trkpt>
      <trkpt lat="-22.39992" lon="-44.937106">
        <ele>1236.15</ele>
      </trkpt>
      <trkpt lat="-22.39992" lon="-44.937106">
        <ele>1236.2</ele>
      </trkpt>
      <trkpt lat="-22.39992" lon="-44.937106">
        <ele>1236.25</ele>
      </trkpt>
      <trkpt lat="-22.39992" lon="-44.937106">
        <ele>1236.3</ele>
      </trkpt>
      <trkpt lat="-22.39992" lon="-44.937106">
        <ele>1236.35</ele>
      </trkpt>
      <trkpt lat="-22.39992" lon="-44.937106">
        <ele>1236.4</ele>
      </trkpt>
      <trkpt lat="-22.39992" lon="-44.937106">
        <ele>1236.45</ele>
      </trkpt>
      <trkpt lat="-22.39992" lon="-44.937106">
        <ele>1236.5</ele>
      </trkpt>
      <trkpt lat="-22.39992" lon="-44.937106">
        <ele>1236.55</ele>
      </trkpt>
      <trkpt lat="-22.39992" lon="-44.937106">
        <ele>1236.61</ele>
      </trkpt>
      <trkpt lat="-22.39992" lon="-44.937106">
        <ele>1236.66</ele>
      </trkpt>
      <trkpt lat="-22.39992" lon="-44.937106">
        <ele>1236.71</ele>
      </trkpt>
      <trkpt lat="-22.39992" lon="-44.937106">
        <ele>1236.76</ele>
      </trkpt>
      <trkpt lat="-22.39992" lon="-44.937106">
        <ele>1236.81</ele>
      </trkpt>
      <trkpt lat="-22.39992" lon="-44.937106">
        <ele>1236.86</ele>
      </trkpt>
      <trkpt lat="-22.39992" lon="-44.937106">
        <ele>1236.91</ele>
      </trkpt>
      <trkpt lat="-22.39992" lon="-44.937106">
        <ele>1236.96</ele>
      </trkpt>
      <trkpt lat="-22.39992" lon="-44.937106">
        <ele>1237.01</ele>
      </trkpt>
      <trkpt lat="-22.39992" lon="-44.937106">
        <ele>1237.06</ele>
      </trkpt>
      <trkpt lat="-22.39992" lon="-44.937106">
        <ele>1237.11</ele>
      </trkpt>
      <trkpt lat="-22.39992" lon="-44.937106">
        <ele>1237.16</ele>
      </trkpt>
      <trkpt lat="-22.39992" lon="-44.937106">
        <ele>1237.21</ele>
      </trkpt>
      <trkpt lat="-22.39992" lon="-44.937106">
        <ele>1237.26</ele>
      </trkpt>
      <trkpt lat="-22.39992" lon="-44.937106">
        <ele>1237.31</ele>
      </trkpt>
      <trkpt lat="-22.39992" lon="-44.937106">
        <ele>1237.36</ele>
      </trkpt>
      <trkpt lat="-22.39992" lon="-44.937106">
        <ele>1237.41</ele>
      </trkpt>
      <trkpt lat="-22.39992" lon="-44.937106">
        <ele>1237.46</ele>
      </trkpt>
      <trkpt lat="-22.39992" lon="-44.937106">
        <ele>1237.51</ele>
      </trkpt>
      <trkpt lat="-22.39992" lon="-44.937106">
        <ele>1237.56</ele>
      </trkpt>
      <trkpt lat="-22.39992" lon="-44.937106">
        <ele>1237.62</ele>
      </trkpt>
      <trkpt lat="-22.39992" lon="-44.937106">
        <ele>1237.67</ele>
      </trkpt>
      <trkpt lat="-22.39992" lon="-44.937106">
        <ele>1237.72</ele>
      </trkpt>
      <trkpt lat="-22.39992" lon="-44.937106">
        <ele>1237.77</ele>
      </trkpt>
      <trkpt lat="-22.39992" lon="-44.937106">
        <ele>1237.82</ele>
      </trkpt>
      <trkpt lat="-22.39993" lon="-44.937091">
        <ele>1237.87</ele>
      </trkpt>
      <trkpt lat="-22.399935" lon="-44.937085">
        <ele>1237.92</ele>
      </trkpt>
      <trkpt lat="-22.39994" lon="-44.937079">
        <ele>1237.97</ele>
      </trkpt>
      <trkpt lat="-22.39994" lon="-44.937079">
        <ele>1238.08</ele>
      </trkpt>
      <trkpt lat="-22.39994" lon="-44.937079">
        <ele>1238.18</ele>
      </trkpt>
      <trkpt lat="-22.39994" lon="-44.937079">
        <ele>1238.29</ele>
      </trkpt>
      <trkpt lat="-22.39994" lon="-44.937079">
        <ele>1238.39</ele>
      </trkpt>
      <trkpt lat="-22.39994" lon="-44.937079">
        <ele>1238.5</ele>
      </trkpt>
      <trkpt lat="-22.39994" lon="-44.937079">
        <ele>1238.61</ele>
      </trkpt>
      <trkpt lat="-22.39994" lon="-44.937079">
        <ele>1238.71</ele>
      </trkpt>
      <trkpt lat="-22.39994" lon="-44.937079">
        <ele>1238.82</ele>
      </trkpt>
      <trkpt lat="-22.39994" lon="-44.937079">
        <ele>1238.93</ele>
      </trkpt>
      <trkpt lat="-22.39994" lon="-44.937079">
        <ele>1239.03</ele>
      </trkpt>
      <trkpt lat="-22.39994" lon="-44.937079">
        <ele>1239.14</ele>
      </trkpt>
      <trkpt lat="-22.39994" lon="-44.937079">
        <ele>1239.25</ele>
      </trkpt>
      <trkpt lat="-22.39994" lon="-44.937079">
        <ele>1239.35</ele>
      </trkpt>
      <trkpt lat="-22.39994" lon="-44.937079">
        <ele>1239.46</ele>
      </trkpt>
      <trkpt lat="-22.39994" lon="-44.937079">
        <ele>1239.57</ele>
      </trkpt>
      <trkpt lat="-22.39994" lon="-44.937079">
        <ele>1239.67</ele>
      </trkpt>
      <trkpt lat="-22.399943" lon="-44.937063">
        <ele>1239.78</ele>
      </trkpt>
      <trkpt lat="-22.399944" lon="-44.937056">
        <ele>1239.88</ele>
      </trkpt>
      <trkpt lat="-22.399945" lon="-44.937049">
        <ele>1239.99</ele>
      </trkpt>
      <trkpt lat="-22.399946" lon="-44.937043">
        <ele>1240.1</ele>
      </trkpt>
      <trkpt lat="-22.399948" lon="-44.937038">
        <ele>1240.2</ele>
      </trkpt>
      <trkpt lat="-22.399951" lon="-44.937031">
        <ele>1240.31</ele>
      </trkpt>
      <trkpt lat="-22.399953" lon="-44.937025">
        <ele>1240.42</ele>
      </trkpt>
      <trkpt lat="-22.399956" lon="-44.937018">
        <ele>1240.52</ele>
      </trkpt>
      <trkpt lat="-22.399958" lon="-44.937012">
        <ele>1240.63</ele>
      </trkpt>
      <trkpt lat="-22.39996" lon="-44.937005">
        <ele>1240.74</ele>
      </trkpt>
      <trkpt lat="-22.399962" lon="-44.936999">
        <ele>1240.84</ele>
      </trkpt>
      <trkpt lat="-22.399962" lon="-44.936999">
        <ele>1240.95</ele>
      </trkpt>
      <trkpt lat="-22.399962" lon="-44.936999">
        <ele>1241.06</ele>
      </trkpt>
      <trkpt lat="-22.399962" lon="-44.936999">
        <ele>1241.16</ele>
      </trkpt>
      <trkpt lat="-22.399962" lon="-44.936999">
        <ele>1241.27</ele>
      </trkpt>
      <trkpt lat="-22.399962" lon="-44.936999">
        <ele>1241.38</ele>
      </trkpt>
      <trkpt lat="-22.399962" lon="-44.936999">
        <ele>1241.48</ele>
      </trkpt>
      <trkpt lat="-22.399962" lon="-44.936999">
        <ele>1241.59</ele>
      </trkpt>
      <trkpt lat="-22.399962" lon="-44.936999">
        <ele>1241.69</ele>
      </trkpt>
      <trkpt lat="-22.399962" lon="-44.936999">
        <ele>1241.8</ele>
      </trkpt>
      <trkpt lat="-22.399962" lon="-44.936999">
        <ele>1241.91</ele>
      </trkpt>
      <trkpt lat="-22.399962" lon="-44.936999">
        <ele>1242.01</ele>
      </trkpt>
      <trkpt lat="-22.399962" lon="-44.936999">
        <ele>1242.12</ele>
      </trkpt>
      <trkpt lat="-22.399962" lon="-44.936999">
        <ele>1242.23</ele>
      </trkpt>
      <trkpt lat="-22.399962" lon="-44.936999">
        <ele>1242.33</ele>
      </trkpt>
      <trkpt lat="-22.399962" lon="-44.936999">
        <ele>1242.44</ele>
      </trkpt>
      <trkpt lat="-22.399962" lon="-44.936999">
        <ele>1242.55</ele>
      </trkpt>
      <trkpt lat="-22.399962" lon="-44.936999">
        <ele>1242.65</ele>
      </trkpt>
      <trkpt lat="-22.399962" lon="-44.936999">
        <ele>1242.76</ele>
      </trkpt>
      <trkpt lat="-22.399962" lon="-44.936999">
        <ele>1242.87</ele>
      </trkpt>
      <trkpt lat="-22.399962" lon="-44.936999">
        <ele>1242.97</ele>
      </trkpt>
      <trkpt lat="-22.399962" lon="-44.936999">
        <ele>1243.08</ele>
      </trkpt>
      <trkpt lat="-22.399962" lon="-44.936999">
        <ele>1243.18</ele>
      </trkpt>
      <trkpt lat="-22.399962" lon="-44.936999">
        <ele>1243.29</ele>
      </trkpt>
      <trkpt lat="-22.399962" lon="-44.936999">
        <ele>1243.4</ele>
      </trkpt>
      <trkpt lat="-22.399963" lon="-44.936987">
        <ele>1243.5</ele>
      </trkpt>
      <trkpt lat="-22.399965" lon="-44.93698">
        <ele>1243.61</ele>
      </trkpt>
      <trkpt lat="-22.399967" lon="-44.936972">
        <ele>1243.72</ele>
      </trkpt>
      <trkpt lat="-22.399969" lon="-44.936965">
        <ele>1243.82</ele>
      </trkpt>
      <trkpt lat="-22.399972" lon="-44.936959">
        <ele>1243.93</ele>
      </trkpt>
      <trkpt lat="-22.399975" lon="-44.936952">
        <ele>1244.04</ele>
      </trkpt>
      <trkpt lat="-22.399978" lon="-44.936944">
        <ele>1244.14</ele>
      </trkpt>
      <trkpt lat="-22.39998" lon="-44.936937">
        <ele>1244.25</ele>
      </trkpt>
      <trkpt lat="-22.399982" lon="-44.93693">
        <ele>1244.45</ele>
      </trkpt>
      <trkpt lat="-22.399983" lon="-44.936922">
        <ele>1244.66</ele>
      </trkpt>
      <trkpt lat="-22.399985" lon="-44.936914">
        <ele>1244.86</ele>
      </trkpt>
      <trkpt lat="-22.399987" lon="-44.936906">
        <ele>1245.06</ele>
      </trkpt>
      <trkpt lat="-22.399989" lon="-44.936898">
        <ele>1245.27</ele>
      </trkpt>
      <trkpt lat="-22.39999" lon="-44.93689">
        <ele>1245.47</ele>
      </trkpt>
      <trkpt lat="-22.399992" lon="-44.936883">
        <ele>1245.68</ele>
      </trkpt>
      <trkpt lat="-22.399994" lon="-44.936877">
        <ele>1245.88</ele>
      </trkpt>
      <trkpt lat="-22.399995" lon="-44.93687">
        <ele>1246.08</ele>
      </trkpt>
      <trkpt lat="-22.399996" lon="-44.936864">
        <ele>1246.29</ele>
      </trkpt>
      <trkpt lat="-22.399998" lon="-44.936858">
        <ele>1246.49</ele>
      </trkpt>
      <trkpt lat="-22.399999" lon="-44.936852">
        <ele>1246.69</ele>
      </trkpt>
      <trkpt lat="-22.400001" lon="-44.936846">
        <ele>1246.9</ele>
      </trkpt>
      <trkpt lat="-22.400003" lon="-44.936841">
        <ele>1247.1</ele>
      </trkpt>
      <trkpt lat="-22.400006" lon="-44.936835">
        <ele>1247.3</ele>
      </trkpt>
      <trkpt lat="-22.400008" lon="-44.936829">
        <ele>1247.51</ele>
      </trkpt>
      <trkpt lat="-22.400011" lon="-44.936823">
        <ele>1247.71</ele>
      </trkpt>
      <trkpt lat="-22.400011" lon="-44.936823">
        <ele>1247.92</ele>
      </trkpt>
      <trkpt lat="-22.400011" lon="-44.936823">
        <ele>1248.12</ele>
      </trkpt>
      <trkpt lat="-22.400011" lon="-44.936823">
        <ele>1248.32</ele>
      </trkpt>
      <trkpt lat="-22.400011" lon="-44.936823">
        <ele>1248.53</ele>
      </trkpt>
      <trkpt lat="-22.400011" lon="-44.936823">
        <ele>1248.73</ele>
      </trkpt>
      <trkpt lat="-22.400011" lon="-44.936823">
        <ele>1248.93</ele>
      </trkpt>
      <trkpt lat="-22.400011" lon="-44.936823">
        <ele>1249.14</ele>
      </trkpt>
      <trkpt lat="-22.400011" lon="-44.936823">
        <ele>1249.34</ele>
      </trkpt>
      <trkpt lat="-22.400011" lon="-44.936823">
        <ele>1249.55</ele>
      </trkpt>
      <trkpt lat="-22.400011" lon="-44.936823">
        <ele>1249.75</ele>
      </trkpt>
      <trkpt lat="-22.400011" lon="-44.936823">
        <ele>1249.95</ele>
      </trkpt>
      <trkpt lat="-22.400011" lon="-44.936823">
        <ele>1250.16</ele>
      </trkpt>
      <trkpt lat="-22.400011" lon="-44.936823">
        <ele>1250.36</ele>
      </trkpt>
      <trkpt lat="-22.400011" lon="-44.936823">
        <ele>1250.56</ele>
      </trkpt>
      <trkpt lat="-22.400011" lon="-44.936823">
        <ele>1250.77</ele>
      </trkpt>
      <trkpt lat="-22.400011" lon="-44.936823">
        <ele>1250.97</ele>
      </trkpt>
      <trkpt lat="-22.400015" lon="-44.936791">
        <ele>1251.17</ele>
      </trkpt>
      <trkpt lat="-22.400015" lon="-44.936791">
        <ele>1251.35</ele>
      </trkpt>
      <trkpt lat="-22.400015" lon="-44.936791">
        <ele>1251.52</ele>
      </trkpt>
      <trkpt lat="-22.400015" lon="-44.936791">
        <ele>1251.69</ele>
      </trkpt>
      <trkpt lat="-22.400015" lon="-44.936791">
        <ele>1251.86</ele>
      </trkpt>
      <trkpt lat="-22.400015" lon="-44.936791">
        <ele>1252.04</ele>
      </trkpt>
      <trkpt lat="-22.400015" lon="-44.936791">
        <ele>1252.21</ele>
      </trkpt>
      <trkpt lat="-22.400015" lon="-44.936791">
        <ele>1252.38</ele>
      </trkpt>
      <trkpt lat="-22.400015" lon="-44.936791">
        <ele>1252.55</ele>
      </trkpt>
      <trkpt lat="-22.400015" lon="-44.936791">
        <ele>1252.73</ele>
      </trkpt>
      <trkpt lat="-22.400015" lon="-44.936791">
        <ele>1252.9</ele>
      </trkpt>
      <trkpt lat="-22.400015" lon="-44.936791">
        <ele>1253.07</ele>
      </trkpt>
      <trkpt lat="-22.400015" lon="-44.936791">
        <ele>1253.24</ele>
      </trkpt>
      <trkpt lat="-22.400015" lon="-44.936791">
        <ele>1253.41</ele>
      </trkpt>
      <trkpt lat="-22.400015" lon="-44.936791">
        <ele>1253.59</ele>
      </trkpt>
      <trkpt lat="-22.400015" lon="-44.936791">
        <ele>1253.76</ele>
      </trkpt>
      <trkpt lat="-22.400015" lon="-44.936791">
        <ele>1253.93</ele>
      </trkpt>
      <trkpt lat="-22.400015" lon="-44.936791">
        <ele>1254.1</ele>
      </trkpt>
      <trkpt lat="-22.400015" lon="-44.936791">
        <ele>1254.28</ele>
      </trkpt>
      <trkpt lat="-22.400015" lon="-44.936791">
        <ele>1254.45</ele>
      </trkpt>
      <trkpt lat="-22.400015" lon="-44.936791">
        <ele>1254.62</ele>
      </trkpt>
      <trkpt lat="-22.400015" lon="-44.936791">
        <ele>1254.79</ele>
      </trkpt>
      <trkpt lat="-22.400015" lon="-44.936791">
        <ele>1254.97</ele>
      </trkpt>
      <trkpt lat="-22.400015" lon="-44.936791">
        <ele>1255.14</ele>
      </trkpt>
      <trkpt lat="-22.400015" lon="-44.936791">
        <ele>1255.31</ele>
      </trkpt>
      <trkpt lat="-22.400015" lon="-44.936791">
        <ele>1255.48</ele>
      </trkpt>
      <trkpt lat="-22.400015" lon="-44.936791">
        <ele>1255.65</ele>
      </trkpt>
      <trkpt lat="-22.400012" lon="-44.936763">
        <ele>1255.83</ele>
      </trkpt>
      <trkpt lat="-22.40001" lon="-44.936746">
        <ele>1256</ele>
      </trkpt>
      <trkpt lat="-22.400008" lon="-44.93673">
        <ele>1256.17</ele>
      </trkpt>
      <trkpt lat="-22.400008" lon="-44.93673">
        <ele>1256.34</ele>
      </trkpt>
      <trkpt lat="-22.400008" lon="-44.93673">
        <ele>1256.52</ele>
      </trkpt>
      <trkpt lat="-22.400008" lon="-44.93673">
        <ele>1256.69</ele>
      </trkpt>
      <trkpt lat="-22.400008" lon="-44.93673">
        <ele>1256.86</ele>
      </trkpt>
      <trkpt lat="-22.400008" lon="-44.93673">
        <ele>1257.03</ele>
      </trkpt>
      <trkpt lat="-22.400008" lon="-44.93673">
        <ele>1257.2</ele>
      </trkpt>
      <trkpt lat="-22.400002" lon="-44.936705">
        <ele>1257.38</ele>
      </trkpt>
      <trkpt lat="-22.4" lon="-44.936695">
        <ele>1257.55</ele>
      </trkpt>
      <trkpt lat="-22.399998" lon="-44.936685">
        <ele>1257.72</ele>
      </trkpt>
      <trkpt lat="-22.399999" lon="-44.93668">
        <ele>1257.89</ele>
      </trkpt>
      <trkpt lat="-22.4" lon="-44.936676">
        <ele>1258.07</ele>
      </trkpt>
      <trkpt lat="-22.4" lon="-44.936672">
        <ele>1258.24</ele>
      </trkpt>
      <trkpt lat="-22.400001" lon="-44.936667">
        <ele>1258.41</ele>
      </trkpt>
      <trkpt lat="-22.400004" lon="-44.93666">
        <ele>1258.58</ele>
      </trkpt>
      <trkpt lat="-22.400007" lon="-44.936653">
        <ele>1258.76</ele>
      </trkpt>
      <trkpt lat="-22.400009" lon="-44.936645">
        <ele>1258.93</ele>
      </trkpt>
      <trkpt lat="-22.400011" lon="-44.936638">
        <ele>1259.05</ele>
      </trkpt>
      <trkpt lat="-22.400011" lon="-44.936631">
        <ele>1259.16</ele>
      </trkpt>
      <trkpt lat="-22.400012" lon="-44.936624">
        <ele>1259.28</ele>
      </trkpt>
      <trkpt lat="-22.400012" lon="-44.936624">
        <ele>1259.4</ele>
      </trkpt>
      <trkpt lat="-22.400012" lon="-44.936624">
        <ele>1259.52</ele>
      </trkpt>
      <trkpt lat="-22.400012" lon="-44.936624">
        <ele>1259.64</ele>
      </trkpt>
      <trkpt lat="-22.400012" lon="-44.936624">
        <ele>1259.76</ele>
      </trkpt>
      <trkpt lat="-22.400012" lon="-44.936624">
        <ele>1259.87</ele>
      </trkpt>
      <trkpt lat="-22.400012" lon="-44.936624">
        <ele>1259.99</ele>
      </trkpt>
      <trkpt lat="-22.400012" lon="-44.936624">
        <ele>1260.11</ele>
      </trkpt>
      <trkpt lat="-22.400012" lon="-44.936624">
        <ele>1260.23</ele>
      </trkpt>
      <trkpt lat="-22.400012" lon="-44.936624">
        <ele>1260.35</ele>
      </trkpt>
      <trkpt lat="-22.400012" lon="-44.936624">
        <ele>1260.46</ele>
      </trkpt>
      <trkpt lat="-22.400012" lon="-44.936624">
        <ele>1260.58</ele>
      </trkpt>
      <trkpt lat="-22.400012" lon="-44.936624">
        <ele>1260.7</ele>
      </trkpt>
      <trkpt lat="-22.400012" lon="-44.936624">
        <ele>1260.82</ele>
      </trkpt>
      <trkpt lat="-22.400012" lon="-44.936624">
        <ele>1260.94</ele>
      </trkpt>
      <trkpt lat="-22.400012" lon="-44.936624">
        <ele>1261.06</ele>
      </trkpt>
      <trkpt lat="-22.400012" lon="-44.936624">
        <ele>1261.17</ele>
      </trkpt>
      <trkpt lat="-22.400012" lon="-44.936624">
        <ele>1261.29</ele>
      </trkpt>
      <trkpt lat="-22.400012" lon="-44.936624">
        <ele>1261.41</ele>
      </trkpt>
      <trkpt lat="-22.400012" lon="-44.936624">
        <ele>1261.53</ele>
      </trkpt>
      <trkpt lat="-22.400012" lon="-44.936624">
        <ele>1261.65</ele>
      </trkpt>
      <trkpt lat="-22.400012" lon="-44.936624">
        <ele>1261.77</ele>
      </trkpt>
      <trkpt lat="-22.400012" lon="-44.936624">
        <ele>1261.88</ele>
      </trkpt>
      <trkpt lat="-22.400012" lon="-44.936624">
        <ele>1262</ele>
      </trkpt>
      <trkpt lat="-22.400012" lon="-44.936624">
        <ele>1262.12</ele>
      </trkpt>
      <trkpt lat="-22.400012" lon="-44.936624">
        <ele>1262.24</ele>
      </trkpt>
      <trkpt lat="-22.400012" lon="-44.936624">
        <ele>1262.36</ele>
      </trkpt>
      <trkpt lat="-22.400012" lon="-44.936624">
        <ele>1262.48</ele>
      </trkpt>
      <trkpt lat="-22.400012" lon="-44.936624">
        <ele>1262.59</ele>
      </trkpt>
      <trkpt lat="-22.400012" lon="-44.936624">
        <ele>1262.71</ele>
      </trkpt>
      <trkpt lat="-22.400012" lon="-44.936624">
        <ele>1262.83</ele>
      </trkpt>
      <trkpt lat="-22.400012" lon="-44.936624">
        <ele>1262.95</ele>
      </trkpt>
      <trkpt lat="-22.400012" lon="-44.936624">
        <ele>1263.07</ele>
      </trkpt>
      <trkpt lat="-22.400012" lon="-44.936624">
        <ele>1263.18</ele>
      </trkpt>
      <trkpt lat="-22.400012" lon="-44.936624">
        <ele>1263.3</ele>
      </trkpt>
      <trkpt lat="-22.400012" lon="-44.936624">
        <ele>1263.42</ele>
      </trkpt>
      <trkpt lat="-22.400012" lon="-44.936624">
        <ele>1263.54</ele>
      </trkpt>
      <trkpt lat="-22.400012" lon="-44.936624">
        <ele>1263.66</ele>
      </trkpt>
      <trkpt lat="-22.400012" lon="-44.936624">
        <ele>1263.78</ele>
      </trkpt>
      <trkpt lat="-22.400012" lon="-44.936624">
        <ele>1263.89</ele>
      </trkpt>
      <trkpt lat="-22.400012" lon="-44.936624">
        <ele>1264.01</ele>
      </trkpt>
      <trkpt lat="-22.400012" lon="-44.936624">
        <ele>1264.13</ele>
      </trkpt>
      <trkpt lat="-22.400012" lon="-44.936624">
        <ele>1264.25</ele>
      </trkpt>
      <trkpt lat="-22.400012" lon="-44.936624">
        <ele>1264.37</ele>
      </trkpt>
      <trkpt lat="-22.400012" lon="-44.936624">
        <ele>1264.49</ele>
      </trkpt>
      <trkpt lat="-22.400012" lon="-44.936624">
        <ele>1264.6</ele>
      </trkpt>
      <trkpt lat="-22.400012" lon="-44.936624">
        <ele>1264.72</ele>
      </trkpt>
      <trkpt lat="-22.400012" lon="-44.936624">
        <ele>1264.84</ele>
      </trkpt>
      <trkpt lat="-22.400012" lon="-44.936624">
        <ele>1264.96</ele>
      </trkpt>
      <trkpt lat="-22.400012" lon="-44.936624">
        <ele>1265.08</ele>
      </trkpt>
      <trkpt lat="-22.400012" lon="-44.936624">
        <ele>1265.2</ele>
      </trkpt>
      <trkpt lat="-22.400008" lon="-44.936594">
        <ele>1265.31</ele>
      </trkpt>
      <trkpt lat="-22.400007" lon="-44.936585">
        <ele>1265.43</ele>
      </trkpt>
      <trkpt lat="-22.400006" lon="-44.936577">
        <ele>1265.55</ele>
      </trkpt>
      <trkpt lat="-22.400004" lon="-44.936566">
        <ele>1265.67</ele>
      </trkpt>
      <trkpt lat="-22.400003" lon="-44.936554">
        <ele>1265.79</ele>
      </trkpt>
      <trkpt lat="-22.400002" lon="-44.93655">
        <ele>1265.9</ele>
      </trkpt>
      <trkpt lat="-22.400002" lon="-44.936546">
        <ele>1266.02</ele>
      </trkpt>
      <trkpt lat="-22.400002" lon="-44.936541">
        <ele>1266.14</ele>
      </trkpt>
      <trkpt lat="-22.400002" lon="-44.936537">
        <ele>1266.26</ele>
      </trkpt>
      <trkpt lat="-22.400001" lon="-44.936533">
        <ele>1266.38</ele>
      </trkpt>
      <trkpt lat="-22.400001" lon="-44.936523">
        <ele>1266.5</ele>
      </trkpt>
      <trkpt lat="-22.400001" lon="-44.936513">
        <ele>1266.61</ele>
      </trkpt>
      <trkpt lat="-22.400001" lon="-44.936504">
        <ele>1266.73</ele>
      </trkpt>
      <trkpt lat="-22.400001" lon="-44.936494">
        <ele>1266.85</ele>
      </trkpt>
      <trkpt lat="-22.400003" lon="-44.936486">
        <ele>1266.92</ele>
      </trkpt>
      <trkpt lat="-22.400005" lon="-44.936478">
        <ele>1266.98</ele>
      </trkpt>
      <trkpt lat="-22.400005" lon="-44.936478">
        <ele>1267.05</ele>
      </trkpt>
      <trkpt lat="-22.400005" lon="-44.936478">
        <ele>1267.11</ele>
      </trkpt>
      <trkpt lat="-22.400005" lon="-44.936478">
        <ele>1267.17</ele>
      </trkpt>
      <trkpt lat="-22.400005" lon="-44.936478">
        <ele>1267.24</ele>
      </trkpt>
      <trkpt lat="-22.400005" lon="-44.936478">
        <ele>1267.3</ele>
      </trkpt>
      <trkpt lat="-22.400005" lon="-44.936478">
        <ele>1267.37</ele>
      </trkpt>
      <trkpt lat="-22.400005" lon="-44.936478">
        <ele>1267.43</ele>
      </trkpt>
      <trkpt lat="-22.400005" lon="-44.936478">
        <ele>1267.5</ele>
      </trkpt>
      <trkpt lat="-22.400005" lon="-44.936478">
        <ele>1267.56</ele>
      </trkpt>
      <trkpt lat="-22.400005" lon="-44.936478">
        <ele>1267.63</ele>
      </trkpt>
      <trkpt lat="-22.400005" lon="-44.936478">
        <ele>1267.69</ele>
      </trkpt>
      <trkpt lat="-22.400005" lon="-44.936478">
        <ele>1267.76</ele>
      </trkpt>
      <trkpt lat="-22.400008" lon="-44.936456">
        <ele>1267.82</ele>
      </trkpt>
      <trkpt lat="-22.400008" lon="-44.936456">
        <ele>1267.89</ele>
      </trkpt>
      <trkpt lat="-22.400008" lon="-44.936456">
        <ele>1267.95</ele>
      </trkpt>
      <trkpt lat="-22.400008" lon="-44.936456">
        <ele>1268.02</ele>
      </trkpt>
      <trkpt lat="-22.400008" lon="-44.936456">
        <ele>1268.08</ele>
      </trkpt>
      <trkpt lat="-22.400008" lon="-44.936456">
        <ele>1268.15</ele>
      </trkpt>
      <trkpt lat="-22.400008" lon="-44.936456">
        <ele>1268.21</ele>
      </trkpt>
      <trkpt lat="-22.400008" lon="-44.936456">
        <ele>1268.28</ele>
      </trkpt>
      <trkpt lat="-22.400008" lon="-44.936456">
        <ele>1268.34</ele>
      </trkpt>
      <trkpt lat="-22.400008" lon="-44.936456">
        <ele>1268.41</ele>
      </trkpt>
      <trkpt lat="-22.400008" lon="-44.936456">
        <ele>1268.47</ele>
      </trkpt>
      <trkpt lat="-22.400008" lon="-44.936456">
        <ele>1268.54</ele>
      </trkpt>
      <trkpt lat="-22.400008" lon="-44.936456">
        <ele>1268.6</ele>
      </trkpt>
      <trkpt lat="-22.400008" lon="-44.936456">
        <ele>1268.67</ele>
      </trkpt>
      <trkpt lat="-22.400008" lon="-44.936456">
        <ele>1268.73</ele>
      </trkpt>
      <trkpt lat="-22.400008" lon="-44.936456">
        <ele>1268.8</ele>
      </trkpt>
      <trkpt lat="-22.400008" lon="-44.936456">
        <ele>1268.86</ele>
      </trkpt>
      <trkpt lat="-22.400008" lon="-44.936456">
        <ele>1268.93</ele>
      </trkpt>
      <trkpt lat="-22.400008" lon="-44.936456">
        <ele>1268.99</ele>
      </trkpt>
      <trkpt lat="-22.400008" lon="-44.936456">
        <ele>1269.05</ele>
      </trkpt>
      <trkpt lat="-22.400008" lon="-44.936456">
        <ele>1269.12</ele>
      </trkpt>
      <trkpt lat="-22.400008" lon="-44.936456">
        <ele>1269.18</ele>
      </trkpt>
      <trkpt lat="-22.400008" lon="-44.936456">
        <ele>1269.25</ele>
      </trkpt>
      <trkpt lat="-22.400008" lon="-44.936456">
        <ele>1269.31</ele>
      </trkpt>
      <trkpt lat="-22.400008" lon="-44.936456">
        <ele>1269.38</ele>
      </trkpt>
      <trkpt lat="-22.400008" lon="-44.936456">
        <ele>1269.44</ele>
      </trkpt>
      <trkpt lat="-22.400008" lon="-44.936456">
        <ele>1269.51</ele>
      </trkpt>
      <trkpt lat="-22.400008" lon="-44.936456">
        <ele>1269.57</ele>
      </trkpt>
      <trkpt lat="-22.400008" lon="-44.936456">
        <ele>1269.64</ele>
      </trkpt>
      <trkpt lat="-22.400008" lon="-44.936456">
        <ele>1269.7</ele>
      </trkpt>
      <trkpt lat="-22.400008" lon="-44.936456">
        <ele>1269.77</ele>
      </trkpt>
      <trkpt lat="-22.400008" lon="-44.936456">
        <ele>1269.83</ele>
      </trkpt>
      <trkpt lat="-22.400008" lon="-44.936456">
        <ele>1269.9</ele>
      </trkpt>
      <trkpt lat="-22.400008" lon="-44.936456">
        <ele>1269.96</ele>
      </trkpt>
      <trkpt lat="-22.400008" lon="-44.936456">
        <ele>1270.03</ele>
      </trkpt>
      <trkpt lat="-22.400008" lon="-44.936456">
        <ele>1270.09</ele>
      </trkpt>
      <trkpt lat="-22.400008" lon="-44.936456">
        <ele>1270.16</ele>
      </trkpt>
      <trkpt lat="-22.400008" lon="-44.936456">
        <ele>1270.22</ele>
      </trkpt>
      <trkpt lat="-22.400008" lon="-44.936456">
        <ele>1270.29</ele>
      </trkpt>
      <trkpt lat="-22.400008" lon="-44.936456">
        <ele>1270.35</ele>
      </trkpt>
      <trkpt lat="-22.400008" lon="-44.936456">
        <ele>1270.42</ele>
      </trkpt>
      <trkpt lat="-22.400008" lon="-44.936456">
        <ele>1270.48</ele>
      </trkpt>
      <trkpt lat="-22.400008" lon="-44.936456">
        <ele>1270.55</ele>
      </trkpt>
      <trkpt lat="-22.400008" lon="-44.936456">
        <ele>1270.61</ele>
      </trkpt>
      <trkpt lat="-22.400008" lon="-44.936456">
        <ele>1270.68</ele>
      </trkpt>
      <trkpt lat="-22.400008" lon="-44.936456">
        <ele>1270.74</ele>
      </trkpt>
      <trkpt lat="-22.400008" lon="-44.936456">
        <ele>1270.81</ele>
      </trkpt>
      <trkpt lat="-22.400008" lon="-44.936456">
        <ele>1270.87</ele>
      </trkpt>
      <trkpt lat="-22.400008" lon="-44.936456">
        <ele>1270.93</ele>
      </trkpt>
      <trkpt lat="-22.400008" lon="-44.936456">
        <ele>1271</ele>
      </trkpt>
      <trkpt lat="-22.400008" lon="-44.936456">
        <ele>1271.06</ele>
      </trkpt>
      <trkpt lat="-22.400008" lon="-44.936456">
        <ele>1271.13</ele>
      </trkpt>
      <trkpt lat="-22.400008" lon="-44.936456">
        <ele>1271.19</ele>
      </trkpt>
      <trkpt lat="-22.400008" lon="-44.936456">
        <ele>1271.26</ele>
      </trkpt>
      <trkpt lat="-22.400008" lon="-44.936456">
        <ele>1271.32</ele>
      </trkpt>
      <trkpt lat="-22.400008" lon="-44.936456">
        <ele>1271.39</ele>
      </trkpt>
      <trkpt lat="-22.400008" lon="-44.936456">
        <ele>1271.45</ele>
      </trkpt>
      <trkpt lat="-22.400008" lon="-44.936456">
        <ele>1271.52</ele>
      </trkpt>
      <trkpt lat="-22.400008" lon="-44.936456">
        <ele>1271.58</ele>
      </trkpt>
      <trkpt lat="-22.400008" lon="-44.936456">
        <ele>1271.65</ele>
      </trkpt>
      <trkpt lat="-22.400008" lon="-44.936456">
        <ele>1271.71</ele>
      </trkpt>
      <trkpt lat="-22.400008" lon="-44.936456">
        <ele>1271.78</ele>
      </trkpt>
      <trkpt lat="-22.400008" lon="-44.936456">
        <ele>1271.84</ele>
      </trkpt>
      <trkpt lat="-22.400008" lon="-44.936456">
        <ele>1271.91</ele>
      </trkpt>
      <trkpt lat="-22.400008" lon="-44.936456">
        <ele>1271.97</ele>
      </trkpt>
      <trkpt lat="-22.400008" lon="-44.936456">
        <ele>1272.04</ele>
      </trkpt>
      <trkpt lat="-22.400008" lon="-44.936456">
        <ele>1272.1</ele>
      </trkpt>
      <trkpt lat="-22.400008" lon="-44.936456">
        <ele>1272.17</ele>
      </trkpt>
      <trkpt lat="-22.400008" lon="-44.936456">
        <ele>1272.23</ele>
      </trkpt>
      <trkpt lat="-22.400008" lon="-44.936456">
        <ele>1272.3</ele>
      </trkpt>
      <trkpt lat="-22.400008" lon="-44.936456">
        <ele>1272.36</ele>
      </trkpt>
      <trkpt lat="-22.400008" lon="-44.936456">
        <ele>1272.43</ele>
      </trkpt>
      <trkpt lat="-22.400008" lon="-44.936456">
        <ele>1272.49</ele>
      </trkpt>
      <trkpt lat="-22.400008" lon="-44.936456">
        <ele>1272.56</ele>
      </trkpt>
      <trkpt lat="-22.400008" lon="-44.936456">
        <ele>1272.62</ele>
      </trkpt>
      <trkpt lat="-22.400008" lon="-44.936456">
        <ele>1272.69</ele>
      </trkpt>
      <trkpt lat="-22.400008" lon="-44.936456">
        <ele>1272.75</ele>
      </trkpt>
      <trkpt lat="-22.400008" lon="-44.936456">
        <ele>1272.81</ele>
      </trkpt>
      <trkpt lat="-22.400008" lon="-44.936456">
        <ele>1272.88</ele>
      </trkpt>
      <trkpt lat="-22.400015" lon="-44.936446">
        <ele>1272.94</ele>
      </trkpt>
      <trkpt lat="-22.400019" lon="-44.936439">
        <ele>1273.01</ele>
      </trkpt>
      <trkpt lat="-22.400024" lon="-44.936432">
        <ele>1273.07</ele>
      </trkpt>
      <trkpt lat="-22.400027" lon="-44.936426">
        <ele>1273.14</ele>
      </trkpt>
      <trkpt lat="-22.40003" lon="-44.93642">
        <ele>1273.2</ele>
      </trkpt>
      <trkpt lat="-22.400033" lon="-44.936412">
        <ele>1273.27</ele>
      </trkpt>
      <trkpt lat="-22.400037" lon="-44.936405">
        <ele>1273.33</ele>
      </trkpt>
      <trkpt lat="-22.400038" lon="-44.9364">
        <ele>1273.4</ele>
      </trkpt>
      <trkpt lat="-22.40004" lon="-44.936396">
        <ele>1273.46</ele>
      </trkpt>
      <trkpt lat="-22.400043" lon="-44.936387">
        <ele>1273.53</ele>
      </trkpt>
      <trkpt lat="-22.400046" lon="-44.936379">
        <ele>1273.59</ele>
      </trkpt>
      <trkpt lat="-22.400049" lon="-44.936372">
        <ele>1273.66</ele>
      </trkpt>
      <trkpt lat="-22.400053" lon="-44.936365">
        <ele>1273.72</ele>
      </trkpt>
      <trkpt lat="-22.400056" lon="-44.936359">
        <ele>1273.79</ele>
      </trkpt>
      <trkpt lat="-22.400059" lon="-44.936353">
        <ele>1274.01</ele>
      </trkpt>
      <trkpt lat="-22.400061" lon="-44.936347">
        <ele>1274.23</ele>
      </trkpt>
      <trkpt lat="-22.400063" lon="-44.936341">
        <ele>1274.46</ele>
      </trkpt>
      <trkpt lat="-22.400064" lon="-44.936339">
        <ele>1274.68</ele>
      </trkpt>
      <trkpt lat="-22.400066" lon="-44.936337">
        <ele>1274.9</ele>
      </trkpt>
      <trkpt lat="-22.400067" lon="-44.936334">
        <ele>1275.12</ele>
      </trkpt>
      <trkpt lat="-22.40007" lon="-44.936328">
        <ele>1275.35</ele>
      </trkpt>
      <trkpt lat="-22.400074" lon="-44.936323">
        <ele>1275.57</ele>
      </trkpt>
      <trkpt lat="-22.400077" lon="-44.936318">
        <ele>1275.79</ele>
      </trkpt>
      <trkpt lat="-22.400081" lon="-44.936313">
        <ele>1276.02</ele>
      </trkpt>
      <trkpt lat="-22.400085" lon="-44.936309">
        <ele>1276.24</ele>
      </trkpt>
      <trkpt lat="-22.400089" lon="-44.936305">
        <ele>1276.46</ele>
      </trkpt>
      <trkpt lat="-22.400091" lon="-44.936301">
        <ele>1276.68</ele>
      </trkpt>
      <trkpt lat="-22.400095" lon="-44.936296">
        <ele>1276.91</ele>
      </trkpt>
      <trkpt lat="-22.400095" lon="-44.936293">
        <ele>1277.13</ele>
      </trkpt>
      <trkpt lat="-22.400096" lon="-44.936289">
        <ele>1277.35</ele>
      </trkpt>
      <trkpt lat="-22.400097" lon="-44.936286">
        <ele>1277.57</ele>
      </trkpt>
      <trkpt lat="-22.400098" lon="-44.936283">
        <ele>1277.8</ele>
      </trkpt>
      <trkpt lat="-22.400099" lon="-44.936276">
        <ele>1278.02</ele>
      </trkpt>
      <trkpt lat="-22.400101" lon="-44.93627">
        <ele>1278.24</ele>
      </trkpt>
      <trkpt lat="-22.400102" lon="-44.936264">
        <ele>1278.47</ele>
      </trkpt>
      <trkpt lat="-22.400103" lon="-44.936259">
        <ele>1278.69</ele>
      </trkpt>
      <trkpt lat="-22.400103" lon="-44.936253">
        <ele>1278.91</ele>
      </trkpt>
      <trkpt lat="-22.400103" lon="-44.936248">
        <ele>1279.13</ele>
      </trkpt>
      <trkpt lat="-22.400102" lon="-44.936243">
        <ele>1279.36</ele>
      </trkpt>
      <trkpt lat="-22.400101" lon="-44.936237">
        <ele>1279.58</ele>
      </trkpt>
      <trkpt lat="-22.400099" lon="-44.936232">
        <ele>1279.8</ele>
      </trkpt>
      <trkpt lat="-22.400097" lon="-44.936227">
        <ele>1280.03</ele>
      </trkpt>
      <trkpt lat="-22.400097" lon="-44.936227">
        <ele>1280.09</ele>
      </trkpt>
      <trkpt lat="-22.400097" lon="-44.936227">
        <ele>1280.15</ele>
      </trkpt>
      <trkpt lat="-22.400097" lon="-44.936227">
        <ele>1280.22</ele>
      </trkpt>
      <trkpt lat="-22.400097" lon="-44.936227">
        <ele>1280.28</ele>
      </trkpt>
      <trkpt lat="-22.400097" lon="-44.936227">
        <ele>1280.34</ele>
      </trkpt>
      <trkpt lat="-22.400097" lon="-44.936227">
        <ele>1280.41</ele>
      </trkpt>
      <trkpt lat="-22.400097" lon="-44.936227">
        <ele>1280.47</ele>
      </trkpt>
      <trkpt lat="-22.400097" lon="-44.936227">
        <ele>1280.53</ele>
      </trkpt>
      <trkpt lat="-22.400097" lon="-44.936227">
        <ele>1280.6</ele>
      </trkpt>
      <trkpt lat="-22.400097" lon="-44.936227">
        <ele>1280.66</ele>
      </trkpt>
      <trkpt lat="-22.400097" lon="-44.936227">
        <ele>1280.72</ele>
      </trkpt>
      <trkpt lat="-22.400097" lon="-44.936227">
        <ele>1280.79</ele>
      </trkpt>
      <trkpt lat="-22.400097" lon="-44.936227">
        <ele>1280.85</ele>
      </trkpt>
      <trkpt lat="-22.400097" lon="-44.936227">
        <ele>1280.91</ele>
      </trkpt>
      <trkpt lat="-22.400097" lon="-44.936227">
        <ele>1280.98</ele>
      </trkpt>
      <trkpt lat="-22.400097" lon="-44.936227">
        <ele>1281.04</ele>
      </trkpt>
      <trkpt lat="-22.400097" lon="-44.936227">
        <ele>1281.1</ele>
      </trkpt>
      <trkpt lat="-22.400097" lon="-44.936227">
        <ele>1281.17</ele>
      </trkpt>
      <trkpt lat="-22.400097" lon="-44.936227">
        <ele>1281.23</ele>
      </trkpt>
      <trkpt lat="-22.400097" lon="-44.936227">
        <ele>1281.29</ele>
      </trkpt>
      <trkpt lat="-22.400097" lon="-44.936227">
        <ele>1281.35</ele>
      </trkpt>
      <trkpt lat="-22.400097" lon="-44.936227">
        <ele>1281.42</ele>
      </trkpt>
      <trkpt lat="-22.400097" lon="-44.936227">
        <ele>1281.48</ele>
      </trkpt>
      <trkpt lat="-22.400097" lon="-44.936227">
        <ele>1281.54</ele>
      </trkpt>
      <trkpt lat="-22.400097" lon="-44.936227">
        <ele>1281.61</ele>
      </trkpt>
      <trkpt lat="-22.400097" lon="-44.936227">
        <ele>1281.67</ele>
      </trkpt>
      <trkpt lat="-22.400097" lon="-44.936227">
        <ele>1281.73</ele>
      </trkpt>
      <trkpt lat="-22.400097" lon="-44.936227">
        <ele>1281.8</ele>
      </trkpt>
      <trkpt lat="-22.400097" lon="-44.936227">
        <ele>1281.86</ele>
      </trkpt>
      <trkpt lat="-22.400097" lon="-44.936227">
        <ele>1281.92</ele>
      </trkpt>
      <trkpt lat="-22.400097" lon="-44.936227">
        <ele>1281.99</ele>
      </trkpt>
      <trkpt lat="-22.400097" lon="-44.936227">
        <ele>1282.05</ele>
      </trkpt>
      <trkpt lat="-22.400097" lon="-44.936227">
        <ele>1282.11</ele>
      </trkpt>
      <trkpt lat="-22.400097" lon="-44.936227">
        <ele>1282.18</ele>
      </trkpt>
      <trkpt lat="-22.400097" lon="-44.936227">
        <ele>1282.24</ele>
      </trkpt>
      <trkpt lat="-22.400097" lon="-44.936227">
        <ele>1282.3</ele>
      </trkpt>
      <trkpt lat="-22.400097" lon="-44.936227">
        <ele>1282.37</ele>
      </trkpt>
      <trkpt lat="-22.400097" lon="-44.936227">
        <ele>1282.43</ele>
      </trkpt>
      <trkpt lat="-22.400097" lon="-44.936227">
        <ele>1282.49</ele>
      </trkpt>
      <trkpt lat="-22.400097" lon="-44.936227">
        <ele>1282.56</ele>
      </trkpt>
      <trkpt lat="-22.400097" lon="-44.936227">
        <ele>1282.62</ele>
      </trkpt>
      <trkpt lat="-22.400097" lon="-44.936227">
        <ele>1282.68</ele>
      </trkpt>
      <trkpt lat="-22.400097" lon="-44.936227">
        <ele>1282.75</ele>
      </trkpt>
      <trkpt lat="-22.400097" lon="-44.936227">
        <ele>1282.81</ele>
      </trkpt>
      <trkpt lat="-22.400097" lon="-44.936227">
        <ele>1282.87</ele>
      </trkpt>
      <trkpt lat="-22.400097" lon="-44.936227">
        <ele>1282.94</ele>
      </trkpt>
      <trkpt lat="-22.400097" lon="-44.936227">
        <ele>1283</ele>
      </trkpt>
      <trkpt lat="-22.400097" lon="-44.936227">
        <ele>1283.06</ele>
      </trkpt>
      <trkpt lat="-22.400097" lon="-44.936227">
        <ele>1283.13</ele>
      </trkpt>
      <trkpt lat="-22.400097" lon="-44.936227">
        <ele>1283.19</ele>
      </trkpt>
      <trkpt lat="-22.400097" lon="-44.936227">
        <ele>1283.25</ele>
      </trkpt>
      <trkpt lat="-22.400097" lon="-44.936227">
        <ele>1283.32</ele>
      </trkpt>
      <trkpt lat="-22.400097" lon="-44.936227">
        <ele>1283.38</ele>
      </trkpt>
      <trkpt lat="-22.400097" lon="-44.936227">
        <ele>1283.44</ele>
      </trkpt>
      <trkpt lat="-22.400097" lon="-44.936227">
        <ele>1283.51</ele>
      </trkpt>
      <trkpt lat="-22.400097" lon="-44.936227">
        <ele>1283.57</ele>
      </trkpt>
      <trkpt lat="-22.400097" lon="-44.936227">
        <ele>1283.63</ele>
      </trkpt>
      <trkpt lat="-22.400097" lon="-44.936227">
        <ele>1283.7</ele>
      </trkpt>
      <trkpt lat="-22.400097" lon="-44.936227">
        <ele>1283.76</ele>
      </trkpt>
      <trkpt lat="-22.400097" lon="-44.936227">
        <ele>1283.82</ele>
      </trkpt>
      <trkpt lat="-22.400097" lon="-44.936227">
        <ele>1283.89</ele>
      </trkpt>
      <trkpt lat="-22.400097" lon="-44.936227">
        <ele>1283.95</ele>
      </trkpt>
      <trkpt lat="-22.400097" lon="-44.936227">
        <ele>1284.01</ele>
      </trkpt>
      <trkpt lat="-22.400097" lon="-44.936227">
        <ele>1284.08</ele>
      </trkpt>
      <trkpt lat="-22.400097" lon="-44.936227">
        <ele>1284.14</ele>
      </trkpt>
      <trkpt lat="-22.400097" lon="-44.936227">
        <ele>1284.2</ele>
      </trkpt>
      <trkpt lat="-22.400097" lon="-44.936227">
        <ele>1284.27</ele>
      </trkpt>
      <trkpt lat="-22.400097" lon="-44.936227">
        <ele>1284.33</ele>
      </trkpt>
      <trkpt lat="-22.400097" lon="-44.936227">
        <ele>1284.39</ele>
      </trkpt>
      <trkpt lat="-22.400097" lon="-44.936227">
        <ele>1284.46</ele>
      </trkpt>
      <trkpt lat="-22.400097" lon="-44.936227">
        <ele>1284.52</ele>
      </trkpt>
      <trkpt lat="-22.400097" lon="-44.936227">
        <ele>1284.58</ele>
      </trkpt>
      <trkpt lat="-22.400097" lon="-44.936227">
        <ele>1284.65</ele>
      </trkpt>
      <trkpt lat="-22.400097" lon="-44.936227">
        <ele>1284.71</ele>
      </trkpt>
      <trkpt lat="-22.400097" lon="-44.936227">
        <ele>1284.77</ele>
      </trkpt>
      <trkpt lat="-22.400097" lon="-44.936227">
        <ele>1284.84</ele>
      </trkpt>
      <trkpt lat="-22.400097" lon="-44.936227">
        <ele>1284.9</ele>
      </trkpt>
      <trkpt lat="-22.400089" lon="-44.936207">
        <ele>1284.96</ele>
      </trkpt>
      <trkpt lat="-22.400089" lon="-44.936207">
        <ele>1285.03</ele>
      </trkpt>
      <trkpt lat="-22.400089" lon="-44.936207">
        <ele>1285.09</ele>
      </trkpt>
      <trkpt lat="-22.400089" lon="-44.936207">
        <ele>1285.15</ele>
      </trkpt>
      <trkpt lat="-22.400089" lon="-44.936207">
        <ele>1285.22</ele>
      </trkpt>
      <trkpt lat="-22.400089" lon="-44.936207">
        <ele>1285.28</ele>
      </trkpt>
      <trkpt lat="-22.400089" lon="-44.936207">
        <ele>1285.34</ele>
      </trkpt>
      <trkpt lat="-22.400089" lon="-44.936207">
        <ele>1285.41</ele>
      </trkpt>
      <trkpt lat="-22.400089" lon="-44.936207">
        <ele>1285.47</ele>
      </trkpt>
      <trkpt lat="-22.400089" lon="-44.936207">
        <ele>1285.53</ele>
      </trkpt>
      <trkpt lat="-22.400085" lon="-44.936191">
        <ele>1285.6</ele>
      </trkpt>
      <trkpt lat="-22.400083" lon="-44.936182">
        <ele>1285.66</ele>
      </trkpt>
      <trkpt lat="-22.400081" lon="-44.936172">
        <ele>1285.72</ele>
      </trkpt>
      <trkpt lat="-22.400079" lon="-44.936165">
        <ele>1285.79</ele>
      </trkpt>
      <trkpt lat="-22.400077" lon="-44.936157">
        <ele>1285.85</ele>
      </trkpt>
      <trkpt lat="-22.400075" lon="-44.936153">
        <ele>1285.91</ele>
      </trkpt>
      <trkpt lat="-22.400074" lon="-44.936149">
        <ele>1285.98</ele>
      </trkpt>
      <trkpt lat="-22.400073" lon="-44.936144">
        <ele>1286.04</ele>
      </trkpt>
      <trkpt lat="-22.400072" lon="-44.936139">
        <ele>1286.1</ele>
      </trkpt>
      <trkpt lat="-22.40007" lon="-44.936131">
        <ele>1286.17</ele>
      </trkpt>
      <trkpt lat="-22.400068" lon="-44.936122">
        <ele>1286.23</ele>
      </trkpt>
      <trkpt lat="-22.400065" lon="-44.936115">
        <ele>1286.29</ele>
      </trkpt>
      <trkpt lat="-22.400063" lon="-44.936107">
        <ele>1286.36</ele>
      </trkpt>
      <trkpt lat="-22.40006" lon="-44.936101">
        <ele>1286.42</ele>
      </trkpt>
      <trkpt lat="-22.400057" lon="-44.936095">
        <ele>1286.48</ele>
      </trkpt>
      <trkpt lat="-22.400055" lon="-44.936089">
        <ele>1286.55</ele>
      </trkpt>
      <trkpt lat="-22.400052" lon="-44.936084">
        <ele>1286.7</ele>
      </trkpt>
      <trkpt lat="-22.400052" lon="-44.936084">
        <ele>1286.86</ele>
      </trkpt>
      <trkpt lat="-22.400052" lon="-44.936084">
        <ele>1287.01</ele>
      </trkpt>
      <trkpt lat="-22.400052" lon="-44.936084">
        <ele>1287.17</ele>
      </trkpt>
      <trkpt lat="-22.400052" lon="-44.936084">
        <ele>1287.32</ele>
      </trkpt>
      <trkpt lat="-22.400052" lon="-44.936084">
        <ele>1287.48</ele>
      </trkpt>
      <trkpt lat="-22.400052" lon="-44.936084">
        <ele>1287.64</ele>
      </trkpt>
      <trkpt lat="-22.400052" lon="-44.936084">
        <ele>1287.79</ele>
      </trkpt>
      <trkpt lat="-22.400052" lon="-44.936084">
        <ele>1287.95</ele>
      </trkpt>
      <trkpt lat="-22.400052" lon="-44.936084">
        <ele>1288.1</ele>
      </trkpt>
      <trkpt lat="-22.400052" lon="-44.936084">
        <ele>1288.26</ele>
      </trkpt>
      <trkpt lat="-22.400052" lon="-44.936084">
        <ele>1288.41</ele>
      </trkpt>
      <trkpt lat="-22.400052" lon="-44.936084">
        <ele>1288.57</ele>
      </trkpt>
      <trkpt lat="-22.400052" lon="-44.936084">
        <ele>1288.73</ele>
      </trkpt>
      <trkpt lat="-22.400052" lon="-44.936084">
        <ele>1288.88</ele>
      </trkpt>
      <trkpt lat="-22.400052" lon="-44.936084">
        <ele>1289.04</ele>
      </trkpt>
      <trkpt lat="-22.400052" lon="-44.936084">
        <ele>1289.19</ele>
      </trkpt>
      <trkpt lat="-22.400052" lon="-44.936084">
        <ele>1289.35</ele>
      </trkpt>
      <trkpt lat="-22.400052" lon="-44.936084">
        <ele>1289.5</ele>
      </trkpt>
      <trkpt lat="-22.400052" lon="-44.936084">
        <ele>1289.66</ele>
      </trkpt>
      <trkpt lat="-22.400052" lon="-44.936084">
        <ele>1289.82</ele>
      </trkpt>
      <trkpt lat="-22.400052" lon="-44.936084">
        <ele>1289.97</ele>
      </trkpt>
      <trkpt lat="-22.400052" lon="-44.936084">
        <ele>1290.13</ele>
      </trkpt>
      <trkpt lat="-22.400052" lon="-44.936084">
        <ele>1290.28</ele>
      </trkpt>
      <trkpt lat="-22.400052" lon="-44.936084">
        <ele>1290.44</ele>
      </trkpt>
      <trkpt lat="-22.400052" lon="-44.936084">
        <ele>1290.59</ele>
      </trkpt>
      <trkpt lat="-22.400052" lon="-44.936084">
        <ele>1290.75</ele>
      </trkpt>
      <trkpt lat="-22.400052" lon="-44.936084">
        <ele>1290.91</ele>
      </trkpt>
      <trkpt lat="-22.400052" lon="-44.936084">
        <ele>1291.06</ele>
      </trkpt>
      <trkpt lat="-22.400045" lon="-44.936063">
        <ele>1291.22</ele>
      </trkpt>
      <trkpt lat="-22.400043" lon="-44.936054">
        <ele>1291.37</ele>
      </trkpt>
      <trkpt lat="-22.400041" lon="-44.936045">
        <ele>1291.53</ele>
      </trkpt>
      <trkpt lat="-22.400039" lon="-44.936037">
        <ele>1291.68</ele>
      </trkpt>
      <trkpt lat="-22.400037" lon="-44.936028">
        <ele>1291.84</ele>
      </trkpt>
      <trkpt lat="-22.400035" lon="-44.936017">
        <ele>1292</ele>
      </trkpt>
      <trkpt lat="-22.400034" lon="-44.936006">
        <ele>1292.15</ele>
      </trkpt>
      <trkpt lat="-22.400032" lon="-44.935992">
        <ele>1292.31</ele>
      </trkpt>
      <trkpt lat="-22.40003" lon="-44.935978">
        <ele>1292.46</ele>
      </trkpt>
      <trkpt lat="-22.400027" lon="-44.935962">
        <ele>1292.62</ele>
      </trkpt>
      <trkpt lat="-22.400025" lon="-44.935947">
        <ele>1292.77</ele>
      </trkpt>
      <trkpt lat="-22.400022" lon="-44.935931">
        <ele>1293.22</ele>
      </trkpt>
      <trkpt lat="-22.400019" lon="-44.935915">
        <ele>1293.67</ele>
      </trkpt>
      <trkpt lat="-22.400017" lon="-44.935901">
        <ele>1294.12</ele>
      </trkpt>
      <trkpt lat="-22.400014" lon="-44.935888">
        <ele>1294.57</ele>
      </trkpt>
      <trkpt lat="-22.400012" lon="-44.935877">
        <ele>1295.02</ele>
      </trkpt>
      <trkpt lat="-22.400011" lon="-44.935866">
        <ele>1295.47</ele>
      </trkpt>
      <trkpt lat="-22.400009" lon="-44.935856">
        <ele>1295.92</ele>
      </trkpt>
      <trkpt lat="-22.400007" lon="-44.935847">
        <ele>1296.37</ele>
      </trkpt>
      <trkpt lat="-22.400005" lon="-44.935837">
        <ele>1296.82</ele>
      </trkpt>
      <trkpt lat="-22.400004" lon="-44.935828">
        <ele>1297.27</ele>
      </trkpt>
      <trkpt lat="-22.400002" lon="-44.93582">
        <ele>1297.72</ele>
      </trkpt>
      <trkpt lat="-22.400001" lon="-44.935811">
        <ele>1298.17</ele>
      </trkpt>
      <trkpt lat="-22.399999" lon="-44.935803">
        <ele>1298.62</ele>
      </trkpt>
      <trkpt lat="-22.399996" lon="-44.935795">
        <ele>1298.84</ele>
      </trkpt>
      <trkpt lat="-22.399996" lon="-44.935795">
        <ele>1299.07</ele>
      </trkpt>
      <trkpt lat="-22.399996" lon="-44.935795">
        <ele>1299.29</ele>
      </trkpt>
      <trkpt lat="-22.399996" lon="-44.935795">
        <ele>1299.51</ele>
      </trkpt>
      <trkpt lat="-22.399996" lon="-44.935795">
        <ele>1299.73</ele>
      </trkpt>
      <trkpt lat="-22.399996" lon="-44.935795">
        <ele>1299.96</ele>
      </trkpt>
      <trkpt lat="-22.399996" lon="-44.935795">
        <ele>1300.18</ele>
      </trkpt>
      <trkpt lat="-22.399996" lon="-44.935795">
        <ele>1300.4</ele>
      </trkpt>
      <trkpt lat="-22.399996" lon="-44.935795">
        <ele>1300.62</ele>
      </trkpt>
      <trkpt lat="-22.399996" lon="-44.935795">
        <ele>1300.85</ele>
      </trkpt>
      <trkpt lat="-22.399996" lon="-44.935795">
        <ele>1301.07</ele>
      </trkpt>
      <trkpt lat="-22.399996" lon="-44.935795">
        <ele>1301.29</ele>
      </trkpt>
      <trkpt lat="-22.399996" lon="-44.935795">
        <ele>1301.51</ele>
      </trkpt>
      <trkpt lat="-22.399996" lon="-44.935795">
        <ele>1301.73</ele>
      </trkpt>
      <trkpt lat="-22.399991" lon="-44.935763">
        <ele>1301.96</ele>
      </trkpt>
      <trkpt lat="-22.39999" lon="-44.935754">
        <ele>1302.18</ele>
      </trkpt>
      <trkpt lat="-22.399988" lon="-44.935745">
        <ele>1302.4</ele>
      </trkpt>
      <trkpt lat="-22.399987" lon="-44.935734">
        <ele>1302.62</ele>
      </trkpt>
      <trkpt lat="-22.399986" lon="-44.935722">
        <ele>1302.85</ele>
      </trkpt>
      <trkpt lat="-22.399985" lon="-44.935713">
        <ele>1303.07</ele>
      </trkpt>
      <trkpt lat="-22.399983" lon="-44.935704">
        <ele>1303.29</ele>
      </trkpt>
      <trkpt lat="-22.399981" lon="-44.935694">
        <ele>1303.51</ele>
      </trkpt>
      <trkpt lat="-22.399979" lon="-44.935685">
        <ele>1303.74</ele>
      </trkpt>
      <trkpt lat="-22.399976" lon="-44.935676">
        <ele>1303.96</ele>
      </trkpt>
      <trkpt lat="-22.399974" lon="-44.935667">
        <ele>1304.18</ele>
      </trkpt>
      <trkpt lat="-22.399972" lon="-44.935659">
        <ele>1304.4</ele>
      </trkpt>
      <trkpt lat="-22.399969" lon="-44.93565">
        <ele>1304.48</ele>
      </trkpt>
      <trkpt lat="-22.399967" lon="-44.935641">
        <ele>1304.55</ele>
      </trkpt>
      <trkpt lat="-22.399965" lon="-44.935632">
        <ele>1304.62</ele>
      </trkpt>
      <trkpt lat="-22.399963" lon="-44.935623">
        <ele>1304.7</ele>
      </trkpt>
      <trkpt lat="-22.399961" lon="-44.935614">
        <ele>1304.77</ele>
      </trkpt>
      <trkpt lat="-22.399959" lon="-44.935606">
        <ele>1304.85</ele>
      </trkpt>
      <trkpt lat="-22.399958" lon="-44.935598">
        <ele>1304.92</ele>
      </trkpt>
      <trkpt lat="-22.399958" lon="-44.935598">
        <ele>1304.99</ele>
      </trkpt>
      <trkpt lat="-22.399958" lon="-44.935598">
        <ele>1305.07</ele>
      </trkpt>
      <trkpt lat="-22.399958" lon="-44.935598">
        <ele>1305.14</ele>
      </trkpt>
      <trkpt lat="-22.399958" lon="-44.935598">
        <ele>1305.22</ele>
      </trkpt>
      <trkpt lat="-22.399958" lon="-44.935598">
        <ele>1305.29</ele>
      </trkpt>
      <trkpt lat="-22.399958" lon="-44.935598">
        <ele>1305.36</ele>
      </trkpt>
      <trkpt lat="-22.399958" lon="-44.935598">
        <ele>1305.44</ele>
      </trkpt>
      <trkpt lat="-22.399958" lon="-44.935598">
        <ele>1305.51</ele>
      </trkpt>
      <trkpt lat="-22.399958" lon="-44.935598">
        <ele>1305.59</ele>
      </trkpt>
      <trkpt lat="-22.399958" lon="-44.935598">
        <ele>1305.66</ele>
      </trkpt>
      <trkpt lat="-22.399958" lon="-44.935598">
        <ele>1305.73</ele>
      </trkpt>
      <trkpt lat="-22.399958" lon="-44.935598">
        <ele>1305.81</ele>
      </trkpt>
      <trkpt lat="-22.399958" lon="-44.935598">
        <ele>1305.88</ele>
      </trkpt>
      <trkpt lat="-22.399958" lon="-44.935598">
        <ele>1305.95</ele>
      </trkpt>
      <trkpt lat="-22.399958" lon="-44.935598">
        <ele>1306.03</ele>
      </trkpt>
      <trkpt lat="-22.399958" lon="-44.935598">
        <ele>1306.1</ele>
      </trkpt>
      <trkpt lat="-22.399958" lon="-44.935598">
        <ele>1306.18</ele>
      </trkpt>
      <trkpt lat="-22.399958" lon="-44.935598">
        <ele>1306.25</ele>
      </trkpt>
      <trkpt lat="-22.399958" lon="-44.935598">
        <ele>1306.32</ele>
      </trkpt>
      <trkpt lat="-22.399958" lon="-44.935598">
        <ele>1306.4</ele>
      </trkpt>
      <trkpt lat="-22.399958" lon="-44.935598">
        <ele>1306.47</ele>
      </trkpt>
      <trkpt lat="-22.399958" lon="-44.935598">
        <ele>1306.55</ele>
      </trkpt>
      <trkpt lat="-22.399958" lon="-44.935598">
        <ele>1306.62</ele>
      </trkpt>
      <trkpt lat="-22.399958" lon="-44.935598">
        <ele>1306.69</ele>
      </trkpt>
      <trkpt lat="-22.399958" lon="-44.935598">
        <ele>1306.77</ele>
      </trkpt>
      <trkpt lat="-22.399958" lon="-44.935598">
        <ele>1306.84</ele>
      </trkpt>
      <trkpt lat="-22.399958" lon="-44.935598">
        <ele>1306.92</ele>
      </trkpt>
      <trkpt lat="-22.399958" lon="-44.935598">
        <ele>1306.99</ele>
      </trkpt>
      <trkpt lat="-22.399958" lon="-44.935598">
        <ele>1307.06</ele>
      </trkpt>
      <trkpt lat="-22.399958" lon="-44.935598">
        <ele>1307.14</ele>
      </trkpt>
      <trkpt lat="-22.399958" lon="-44.935598">
        <ele>1307.21</ele>
      </trkpt>
      <trkpt lat="-22.399958" lon="-44.935598">
        <ele>1307.28</ele>
      </trkpt>
      <trkpt lat="-22.399958" lon="-44.935598">
        <ele>1307.36</ele>
      </trkpt>
      <trkpt lat="-22.399958" lon="-44.935598">
        <ele>1307.43</ele>
      </trkpt>
      <trkpt lat="-22.399958" lon="-44.935598">
        <ele>1307.51</ele>
      </trkpt>
      <trkpt lat="-22.399958" lon="-44.935598">
        <ele>1307.58</ele>
      </trkpt>
      <trkpt lat="-22.399958" lon="-44.935598">
        <ele>1307.65</ele>
      </trkpt>
      <trkpt lat="-22.399958" lon="-44.935598">
        <ele>1307.73</ele>
      </trkpt>
      <trkpt lat="-22.399958" lon="-44.935598">
        <ele>1307.8</ele>
      </trkpt>
      <trkpt lat="-22.399958" lon="-44.935598">
        <ele>1307.88</ele>
      </trkpt>
      <trkpt lat="-22.399958" lon="-44.935598">
        <ele>1307.95</ele>
      </trkpt>
      <trkpt lat="-22.399958" lon="-44.935598">
        <ele>1308.02</ele>
      </trkpt>
      <trkpt lat="-22.399958" lon="-44.935598">
        <ele>1308.1</ele>
      </trkpt>
      <trkpt lat="-22.399958" lon="-44.935598">
        <ele>1308.17</ele>
      </trkpt>
      <trkpt lat="-22.399958" lon="-44.935598">
        <ele>1308.25</ele>
      </trkpt>
      <trkpt lat="-22.399958" lon="-44.935598">
        <ele>1308.32</ele>
      </trkpt>
      <trkpt lat="-22.399958" lon="-44.935598">
        <ele>1308.39</ele>
      </trkpt>
      <trkpt lat="-22.399958" lon="-44.935598">
        <ele>1308.47</ele>
      </trkpt>
      <trkpt lat="-22.399958" lon="-44.935598">
        <ele>1308.54</ele>
      </trkpt>
      <trkpt lat="-22.399958" lon="-44.935598">
        <ele>1308.62</ele>
      </trkpt>
      <trkpt lat="-22.399958" lon="-44.935598">
        <ele>1308.69</ele>
      </trkpt>
      <trkpt lat="-22.399958" lon="-44.935598">
        <ele>1308.76</ele>
      </trkpt>
      <trkpt lat="-22.399958" lon="-44.935598">
        <ele>1308.84</ele>
      </trkpt>
      <trkpt lat="-22.399958" lon="-44.935598">
        <ele>1308.91</ele>
      </trkpt>
      <trkpt lat="-22.399958" lon="-44.935598">
        <ele>1308.98</ele>
      </trkpt>
      <trkpt lat="-22.399958" lon="-44.935598">
        <ele>1309.06</ele>
      </trkpt>
      <trkpt lat="-22.399958" lon="-44.935598">
        <ele>1309.13</ele>
      </trkpt>
      <trkpt lat="-22.399958" lon="-44.935598">
        <ele>1309.21</ele>
      </trkpt>
      <trkpt lat="-22.399958" lon="-44.935598">
        <ele>1309.28</ele>
      </trkpt>
      <trkpt lat="-22.399958" lon="-44.935598">
        <ele>1309.35</ele>
      </trkpt>
      <trkpt lat="-22.399958" lon="-44.935598">
        <ele>1309.43</ele>
      </trkpt>
      <trkpt lat="-22.399956" lon="-44.935584">
        <ele>1309.5</ele>
      </trkpt>
      <trkpt lat="-22.399954" lon="-44.935575">
        <ele>1309.58</ele>
      </trkpt>
      <trkpt lat="-22.399953" lon="-44.935565">
        <ele>1309.65</ele>
      </trkpt>
      <trkpt lat="-22.399953" lon="-44.935556">
        <ele>1309.72</ele>
      </trkpt>
      <trkpt lat="-22.399952" lon="-44.935547">
        <ele>1309.8</ele>
      </trkpt>
      <trkpt lat="-22.399953" lon="-44.935534">
        <ele>1309.87</ele>
      </trkpt>
      <trkpt lat="-22.399953" lon="-44.935522">
        <ele>1309.95</ele>
      </trkpt>
      <trkpt lat="-22.399954" lon="-44.935508">
        <ele>1310.02</ele>
      </trkpt>
      <trkpt lat="-22.399955" lon="-44.935494">
        <ele>1310.53</ele>
      </trkpt>
      <trkpt lat="-22.399955" lon="-44.935479">
        <ele>1311.03</ele>
      </trkpt>
      <trkpt lat="-22.399955" lon="-44.935465">
        <ele>1311.54</ele>
      </trkpt>
      <trkpt lat="-22.399955" lon="-44.93545">
        <ele>1312.04</ele>
      </trkpt>
      <trkpt lat="-22.399955" lon="-44.935435">
        <ele>1312.55</ele>
      </trkpt>
      <trkpt lat="-22.399955" lon="-44.93542">
        <ele>1313.06</ele>
      </trkpt>
      <trkpt lat="-22.399954" lon="-44.935404">
        <ele>1313.56</ele>
      </trkpt>
      <trkpt lat="-22.399955" lon="-44.935387">
        <ele>1314.07</ele>
      </trkpt>
      <trkpt lat="-22.399955" lon="-44.935371">
        <ele>1314.57</ele>
      </trkpt>
      <trkpt lat="-22.399956" lon="-44.935361">
        <ele>1315.08</ele>
      </trkpt>
      <trkpt lat="-22.399957" lon="-44.935351">
        <ele>1315.28</ele>
      </trkpt>
      <trkpt lat="-22.399959" lon="-44.935341">
        <ele>1315.49</ele>
      </trkpt>
      <trkpt lat="-22.399962" lon="-44.935334">
        <ele>1315.69</ele>
      </trkpt>
      <trkpt lat="-22.399965" lon="-44.935327">
        <ele>1315.89</ele>
      </trkpt>
      <trkpt lat="-22.399971" lon="-44.935323">
        <ele>1316.09</ele>
      </trkpt>
      <trkpt lat="-22.399976" lon="-44.93532">
        <ele>1316.3</ele>
      </trkpt>
      <trkpt lat="-22.399978" lon="-44.935317">
        <ele>1316.5</ele>
      </trkpt>
      <trkpt lat="-22.399981" lon="-44.935315">
        <ele>1316.7</ele>
      </trkpt>
      <trkpt lat="-22.39998" lon="-44.935308">
        <ele>1316.9</ele>
      </trkpt>
      <trkpt lat="-22.39998" lon="-44.935302">
        <ele>1317.11</ele>
      </trkpt>
      <trkpt lat="-22.399977" lon="-44.935294">
        <ele>1317.31</ele>
      </trkpt>
      <trkpt lat="-22.399974" lon="-44.935285">
        <ele>1317.51</ele>
      </trkpt>
      <trkpt lat="-22.399972" lon="-44.935276">
        <ele>1317.71</ele>
      </trkpt>
      <trkpt lat="-22.399969" lon="-44.935267">
        <ele>1317.91</ele>
      </trkpt>
      <trkpt lat="-22.399969" lon="-44.935258">
        <ele>1318.12</ele>
      </trkpt>
      <trkpt lat="-22.399968" lon="-44.935249">
        <ele>1318.32</ele>
      </trkpt>
      <trkpt lat="-22.399966" lon="-44.935239">
        <ele>1318.52</ele>
      </trkpt>
      <trkpt lat="-22.399964" lon="-44.93523">
        <ele>1318.72</ele>
      </trkpt>
      <trkpt lat="-22.399962" lon="-44.935219">
        <ele>1318.93</ele>
      </trkpt>
      <trkpt lat="-22.399959" lon="-44.935208">
        <ele>1319.21</ele>
      </trkpt>
      <trkpt lat="-22.399958" lon="-44.935196">
        <ele>1319.49</ele>
      </trkpt>
      <trkpt lat="-22.399957" lon="-44.935185">
        <ele>1319.77</ele>
      </trkpt>
      <trkpt lat="-22.399959" lon="-44.935173">
        <ele>1320.05</ele>
      </trkpt>
      <trkpt lat="-22.39996" lon="-44.935161">
        <ele>1320.34</ele>
      </trkpt>
      <trkpt lat="-22.399963" lon="-44.93515">
        <ele>1320.62</ele>
      </trkpt>
      <trkpt lat="-22.399967" lon="-44.93514">
        <ele>1320.9</ele>
      </trkpt>
      <trkpt lat="-22.399971" lon="-44.935129">
        <ele>1321.18</ele>
      </trkpt>
      <trkpt lat="-22.399975" lon="-44.935118">
        <ele>1321.46</ele>
      </trkpt>
      <trkpt lat="-22.399978" lon="-44.935106">
        <ele>1321.74</ele>
      </trkpt>
      <trkpt lat="-22.39998" lon="-44.935094">
        <ele>1322.03</ele>
      </trkpt>
      <trkpt lat="-22.399981" lon="-44.935082">
        <ele>1322.31</ele>
      </trkpt>
      <trkpt lat="-22.399981" lon="-44.93507">
        <ele>1322.59</ele>
      </trkpt>
      <trkpt lat="-22.399978" lon="-44.935058">
        <ele>1322.81</ele>
      </trkpt>
      <trkpt lat="-22.399976" lon="-44.935046">
        <ele>1323.04</ele>
      </trkpt>
      <trkpt lat="-22.399974" lon="-44.935033">
        <ele>1323.26</ele>
      </trkpt>
      <trkpt lat="-22.399972" lon="-44.935021">
        <ele>1323.49</ele>
      </trkpt>
      <trkpt lat="-22.39997" lon="-44.935009">
        <ele>1323.71</ele>
      </trkpt>
      <trkpt lat="-22.399969" lon="-44.934997">
        <ele>1323.93</ele>
      </trkpt>
      <trkpt lat="-22.399967" lon="-44.934984">
        <ele>1324.16</ele>
      </trkpt>
      <trkpt lat="-22.399966" lon="-44.934971">
        <ele>1324.38</ele>
      </trkpt>
      <trkpt lat="-22.399966" lon="-44.934956">
        <ele>1324.61</ele>
      </trkpt>
      <trkpt lat="-22.399966" lon="-44.934942">
        <ele>1324.83</ele>
      </trkpt>
      <trkpt lat="-22.399968" lon="-44.934927">
        <ele>1325.05</ele>
      </trkpt>
      <trkpt lat="-22.399969" lon="-44.934913">
        <ele>1325.28</ele>
      </trkpt>
      <trkpt lat="-22.399971" lon="-44.934897">
        <ele>1325.52</ele>
      </trkpt>
      <trkpt lat="-22.399972" lon="-44.934881">
        <ele>1325.76</ele>
      </trkpt>
      <trkpt lat="-22.399973" lon="-44.934864">
        <ele>1325.99</ele>
      </trkpt>
      <trkpt lat="-22.399974" lon="-44.934847">
        <ele>1326.23</ele>
      </trkpt>
      <trkpt lat="-22.399973" lon="-44.934831">
        <ele>1326.47</ele>
      </trkpt>
      <trkpt lat="-22.399973" lon="-44.934816">
        <ele>1326.71</ele>
      </trkpt>
      <trkpt lat="-22.399972" lon="-44.934801">
        <ele>1326.95</ele>
      </trkpt>
      <trkpt lat="-22.399971" lon="-44.934786">
        <ele>1327.19</ele>
      </trkpt>
      <trkpt lat="-22.39997" lon="-44.934771">
        <ele>1327.43</ele>
      </trkpt>
      <trkpt lat="-22.39997" lon="-44.934756">
        <ele>1327.67</ele>
      </trkpt>
      <trkpt lat="-22.399969" lon="-44.934742">
        <ele>1327.79</ele>
      </trkpt>
      <trkpt lat="-22.399969" lon="-44.934728">
        <ele>1327.92</ele>
      </trkpt>
      <trkpt lat="-22.399966" lon="-44.934715">
        <ele>1328.04</ele>
      </trkpt>
      <trkpt lat="-22.399964" lon="-44.934702">
        <ele>1328.17</ele>
      </trkpt>
      <trkpt lat="-22.399962" lon="-44.934691">
        <ele>1328.29</ele>
      </trkpt>
      <trkpt lat="-22.399959" lon="-44.93468">
        <ele>1328.42</ele>
      </trkpt>
      <trkpt lat="-22.399957" lon="-44.934671">
        <ele>1328.54</ele>
      </trkpt>
      <trkpt lat="-22.399954" lon="-44.934663">
        <ele>1328.67</ele>
      </trkpt>
      <trkpt lat="-22.399952" lon="-44.934655">
        <ele>1328.79</ele>
      </trkpt>
      <trkpt lat="-22.399949" lon="-44.934648">
        <ele>1328.92</ele>
      </trkpt>
      <trkpt lat="-22.399948" lon="-44.934644">
        <ele>1329.04</ele>
      </trkpt>
      <trkpt lat="-22.399946" lon="-44.934639">
        <ele>1329.17</ele>
      </trkpt>
      <trkpt lat="-22.399945" lon="-44.934635">
        <ele>1329.29</ele>
      </trkpt>
      <trkpt lat="-22.399943" lon="-44.934631">
        <ele>1329.42</ele>
      </trkpt>
      <trkpt lat="-22.399941" lon="-44.934624">
        <ele>1329.54</ele>
      </trkpt>
      <trkpt lat="-22.399938" lon="-44.934617">
        <ele>1329.67</ele>
      </trkpt>
      <trkpt lat="-22.399936" lon="-44.934609">
        <ele>1329.79</ele>
      </trkpt>
      <trkpt lat="-22.399933" lon="-44.934601">
        <ele>1329.95</ele>
      </trkpt>
      <trkpt lat="-22.399931" lon="-44.934593">
        <ele>1330.11</ele>
      </trkpt>
      <trkpt lat="-22.399928" lon="-44.934584">
        <ele>1330.28</ele>
      </trkpt>
      <trkpt lat="-22.399926" lon="-44.934575">
        <ele>1330.44</ele>
      </trkpt>
      <trkpt lat="-22.399924" lon="-44.934567">
        <ele>1330.6</ele>
      </trkpt>
      <trkpt lat="-22.399922" lon="-44.934559">
        <ele>1330.76</ele>
      </trkpt>
      <trkpt lat="-22.399919" lon="-44.93455">
        <ele>1330.92</ele>
      </trkpt>
      <trkpt lat="-22.399917" lon="-44.934542">
        <ele>1331.08</ele>
      </trkpt>
      <trkpt lat="-22.399915" lon="-44.934535">
        <ele>1331.24</ele>
      </trkpt>
      <trkpt lat="-22.399912" lon="-44.934527">
        <ele>1331.41</ele>
      </trkpt>
      <trkpt lat="-22.39991" lon="-44.934519">
        <ele>1331.57</ele>
      </trkpt>
      <trkpt lat="-22.399906" lon="-44.934511">
        <ele>1331.73</ele>
      </trkpt>
      <trkpt lat="-22.399902" lon="-44.934503">
        <ele>1331.89</ele>
      </trkpt>
      <trkpt lat="-22.399898" lon="-44.934495">
        <ele>1332.05</ele>
      </trkpt>
      <trkpt lat="-22.399893" lon="-44.934487">
        <ele>1332.21</ele>
      </trkpt>
      <trkpt lat="-22.399889" lon="-44.934478">
        <ele>1332.37</ele>
      </trkpt>
      <trkpt lat="-22.399885" lon="-44.93447">
        <ele>1332.53</ele>
      </trkpt>
      <trkpt lat="-22.399881" lon="-44.93446">
        <ele>1332.8</ele>
      </trkpt>
      <trkpt lat="-22.399877" lon="-44.93445">
        <ele>1333.07</ele>
      </trkpt>
      <trkpt lat="-22.399873" lon="-44.93444">
        <ele>1333.33</ele>
      </trkpt>
      <trkpt lat="-22.399868" lon="-44.934429">
        <ele>1333.6</ele>
      </trkpt>
      <trkpt lat="-22.399864" lon="-44.934419">
        <ele>1333.87</ele>
      </trkpt>
      <trkpt lat="-22.399859" lon="-44.934409">
        <ele>1334.13</ele>
      </trkpt>
      <trkpt lat="-22.399854" lon="-44.934398">
        <ele>1334.4</ele>
      </trkpt>
      <trkpt lat="-22.399849" lon="-44.934388">
        <ele>1334.67</ele>
      </trkpt>
      <trkpt lat="-22.399844" lon="-44.934377">
        <ele>1334.93</ele>
      </trkpt>
      <trkpt lat="-22.399839" lon="-44.934367">
        <ele>1335.2</ele>
      </trkpt>
      <trkpt lat="-22.399835" lon="-44.934356">
        <ele>1335.47</ele>
      </trkpt>
      <trkpt lat="-22.399832" lon="-44.934345">
        <ele>1335.73</ele>
      </trkpt>
      <trkpt lat="-22.399829" lon="-44.934334">
        <ele>1336</ele>
      </trkpt>
      <trkpt lat="-22.399826" lon="-44.934324">
        <ele>1336.26</ele>
      </trkpt>
      <trkpt lat="-22.399822" lon="-44.934313">
        <ele>1336.52</ele>
      </trkpt>
      <trkpt lat="-22.399818" lon="-44.934303">
        <ele>1336.78</ele>
      </trkpt>
      <trkpt lat="-22.399814" lon="-44.934294">
        <ele>1337.04</ele>
      </trkpt>
      <trkpt lat="-22.399809" lon="-44.934284">
        <ele>1337.3</ele>
      </trkpt>
      <trkpt lat="-22.399803" lon="-44.934275">
        <ele>1337.56</ele>
      </trkpt>
      <trkpt lat="-22.399798" lon="-44.934266">
        <ele>1337.83</ele>
      </trkpt>
      <trkpt lat="-22.399794" lon="-44.934257">
        <ele>1338.09</ele>
      </trkpt>
      <trkpt lat="-22.399789" lon="-44.934248">
        <ele>1338.35</ele>
      </trkpt>
      <trkpt lat="-22.399786" lon="-44.93424">
        <ele>1338.61</ele>
      </trkpt>
      <trkpt lat="-22.399783" lon="-44.934231">
        <ele>1338.87</ele>
      </trkpt>
      <trkpt lat="-22.39978" lon="-44.934223">
        <ele>1339.13</ele>
      </trkpt>
      <trkpt lat="-22.399777" lon="-44.934214">
        <ele>1339.39</ele>
      </trkpt>
      <trkpt lat="-22.399774" lon="-44.934205">
        <ele>1339.65</ele>
      </trkpt>
      <trkpt lat="-22.399771" lon="-44.934196">
        <ele>1339.91</ele>
      </trkpt>
      <trkpt lat="-22.399767" lon="-44.934186">
        <ele>1340.19</ele>
      </trkpt>
      <trkpt lat="-22.399763" lon="-44.934177">
        <ele>1340.46</ele>
      </trkpt>
      <trkpt lat="-22.399759" lon="-44.934168">
        <ele>1340.74</ele>
      </trkpt>
      <trkpt lat="-22.399755" lon="-44.934159">
        <ele>1341.02</ele>
      </trkpt>
      <trkpt lat="-22.399752" lon="-44.934149">
        <ele>1341.29</ele>
      </trkpt>
      <trkpt lat="-22.399748" lon="-44.93414">
        <ele>1341.57</ele>
      </trkpt>
      <trkpt lat="-22.399745" lon="-44.934131">
        <ele>1341.84</ele>
      </trkpt>
      <trkpt lat="-22.399742" lon="-44.934122">
        <ele>1342.12</ele>
      </trkpt>
      <trkpt lat="-22.399739" lon="-44.934113">
        <ele>1342.39</ele>
      </trkpt>
      <trkpt lat="-22.399735" lon="-44.934105">
        <ele>1342.67</ele>
      </trkpt>
      <trkpt lat="-22.399732" lon="-44.934095">
        <ele>1342.95</ele>
      </trkpt>
      <trkpt lat="-22.399729" lon="-44.934086">
        <ele>1343.22</ele>
      </trkpt>
      <trkpt lat="-22.399726" lon="-44.934076">
        <ele>1343.5</ele>
      </trkpt>
      <trkpt lat="-22.399723" lon="-44.934067">
        <ele>1343.77</ele>
      </trkpt>
      <trkpt lat="-22.39972" lon="-44.934057">
        <ele>1344.05</ele>
      </trkpt>
      <trkpt lat="-22.399717" lon="-44.934047">
        <ele>1344.32</ele>
      </trkpt>
      <trkpt lat="-22.399714" lon="-44.934038">
        <ele>1344.59</ele>
      </trkpt>
      <trkpt lat="-22.399711" lon="-44.934028">
        <ele>1344.86</ele>
      </trkpt>
      <trkpt lat="-22.399707" lon="-44.934019">
        <ele>1345.13</ele>
      </trkpt>
      <trkpt lat="-22.399703" lon="-44.93401">
        <ele>1345.4</ele>
      </trkpt>
      <trkpt lat="-22.399699" lon="-44.934001">
        <ele>1345.67</ele>
      </trkpt>
      <trkpt lat="-22.399695" lon="-44.933993">
        <ele>1345.94</ele>
      </trkpt>
      <trkpt lat="-22.399691" lon="-44.933984">
        <ele>1346.21</ele>
      </trkpt>
      <trkpt lat="-22.399687" lon="-44.933975">
        <ele>1346.47</ele>
      </trkpt>
      <trkpt lat="-22.399684" lon="-44.933965">
        <ele>1346.74</ele>
      </trkpt>
      <trkpt lat="-22.39968" lon="-44.933955">
        <ele>1347.01</ele>
      </trkpt>
      <trkpt lat="-22.399677" lon="-44.933945">
        <ele>1347.28</ele>
      </trkpt>
      <trkpt lat="-22.399674" lon="-44.933936">
        <ele>1347.55</ele>
      </trkpt>
      <trkpt lat="-22.399671" lon="-44.933926">
        <ele>1347.82</ele>
      </trkpt>
      <trkpt lat="-22.399668" lon="-44.933916">
        <ele>1348.09</ele>
      </trkpt>
      <trkpt lat="-22.399664" lon="-44.933907">
        <ele>1348.34</ele>
      </trkpt>
      <trkpt lat="-22.39966" lon="-44.933897">
        <ele>1348.6</ele>
      </trkpt>
      <trkpt lat="-22.399657" lon="-44.933887">
        <ele>1348.85</ele>
      </trkpt>
      <trkpt lat="-22.399654" lon="-44.933878">
        <ele>1349.1</ele>
      </trkpt>
      <trkpt lat="-22.39965" lon="-44.933869">
        <ele>1349.36</ele>
      </trkpt>
      <trkpt lat="-22.399647" lon="-44.933859">
        <ele>1349.61</ele>
      </trkpt>
      <trkpt lat="-22.399642" lon="-44.933851">
        <ele>1349.86</ele>
      </trkpt>
      <trkpt lat="-22.399638" lon="-44.933842">
        <ele>1350.12</ele>
      </trkpt>
      <trkpt lat="-22.399632" lon="-44.933834">
        <ele>1350.37</ele>
      </trkpt>
      <trkpt lat="-22.399627" lon="-44.933826">
        <ele>1350.62</ele>
      </trkpt>
      <trkpt lat="-22.399622" lon="-44.933817">
        <ele>1350.88</ele>
      </trkpt>
      <trkpt lat="-22.399618" lon="-44.933807">
        <ele>1351.13</ele>
      </trkpt>
      <trkpt lat="-22.399615" lon="-44.933797">
        <ele>1351.38</ele>
      </trkpt>
      <trkpt lat="-22.399611" lon="-44.933787">
        <ele>1351.64</ele>
      </trkpt>
      <trkpt lat="-22.399608" lon="-44.933777">
        <ele>1351.89</ele>
      </trkpt>
      <trkpt lat="-22.399604" lon="-44.933767">
        <ele>1352.08</ele>
      </trkpt>
      <trkpt lat="-22.3996" lon="-44.933757">
        <ele>1352.26</ele>
      </trkpt>
      <trkpt lat="-22.399597" lon="-44.933747">
        <ele>1352.45</ele>
      </trkpt>
      <trkpt lat="-22.399594" lon="-44.933736">
        <ele>1352.64</ele>
      </trkpt>
      <trkpt lat="-22.399591" lon="-44.933726">
        <ele>1352.83</ele>
      </trkpt>
      <trkpt lat="-22.399589" lon="-44.933714">
        <ele>1353.01</ele>
      </trkpt>
      <trkpt lat="-22.399587" lon="-44.933703">
        <ele>1353.2</ele>
      </trkpt>
      <trkpt lat="-22.399586" lon="-44.933691">
        <ele>1353.39</ele>
      </trkpt>
      <trkpt lat="-22.399585" lon="-44.93368">
        <ele>1353.58</ele>
      </trkpt>
      <trkpt lat="-22.399584" lon="-44.933669">
        <ele>1353.76</ele>
      </trkpt>
      <trkpt lat="-22.399584" lon="-44.933657">
        <ele>1353.95</ele>
      </trkpt>
      <trkpt lat="-22.399583" lon="-44.933647">
        <ele>1354.14</ele>
      </trkpt>
      <trkpt lat="-22.399583" lon="-44.933636">
        <ele>1354.33</ele>
      </trkpt>
      <trkpt lat="-22.399581" lon="-44.933626">
        <ele>1354.51</ele>
      </trkpt>
      <trkpt lat="-22.39958" lon="-44.933615">
        <ele>1354.73</ele>
      </trkpt>
      <trkpt lat="-22.399578" lon="-44.933604">
        <ele>1354.95</ele>
      </trkpt>
      <trkpt lat="-22.399577" lon="-44.933594">
        <ele>1355.17</ele>
      </trkpt>
      <trkpt lat="-22.399573" lon="-44.933583">
        <ele>1355.39</ele>
      </trkpt>
      <trkpt lat="-22.39957" lon="-44.933572">
        <ele>1355.6</ele>
      </trkpt>
      <trkpt lat="-22.399566" lon="-44.933562">
        <ele>1355.82</ele>
      </trkpt>
      <trkpt lat="-22.399561" lon="-44.933553">
        <ele>1356.04</ele>
      </trkpt>
      <trkpt lat="-22.399556" lon="-44.933543">
        <ele>1356.26</ele>
      </trkpt>
      <trkpt lat="-22.399552" lon="-44.933534">
        <ele>1356.48</ele>
      </trkpt>
      <trkpt lat="-22.399546" lon="-44.933525">
        <ele>1356.69</ele>
      </trkpt>
      <trkpt lat="-22.399541" lon="-44.933515">
        <ele>1356.91</ele>
      </trkpt>
      <trkpt lat="-22.399536" lon="-44.933504">
        <ele>1357.13</ele>
      </trkpt>
      <trkpt lat="-22.399531" lon="-44.933494">
        <ele>1357.35</ele>
      </trkpt>
      <trkpt lat="-22.399527" lon="-44.933483">
        <ele>1357.57</ele>
      </trkpt>
      <trkpt lat="-22.399522" lon="-44.933472">
        <ele>1357.83</ele>
      </trkpt>
      <trkpt lat="-22.399518" lon="-44.933461">
        <ele>1358.09</ele>
      </trkpt>
      <trkpt lat="-22.399513" lon="-44.93345">
        <ele>1358.36</ele>
      </trkpt>
      <trkpt lat="-22.399508" lon="-44.933439">
        <ele>1358.62</ele>
      </trkpt>
      <trkpt lat="-22.399503" lon="-44.933428">
        <ele>1358.89</ele>
      </trkpt>
      <trkpt lat="-22.399498" lon="-44.933417">
        <ele>1359.15</ele>
      </trkpt>
      <trkpt lat="-22.399493" lon="-44.933406">
        <ele>1359.41</ele>
      </trkpt>
      <trkpt lat="-22.399486" lon="-44.933396">
        <ele>1359.68</ele>
      </trkpt>
      <trkpt lat="-22.399479" lon="-44.933386">
        <ele>1359.94</ele>
      </trkpt>
      <trkpt lat="-22.39947" lon="-44.933382">
        <ele>1360.21</ele>
      </trkpt>
      <trkpt lat="-22.399461" lon="-44.933378">
        <ele>1360.47</ele>
      </trkpt>
      <trkpt lat="-22.399452" lon="-44.933379">
        <ele>1360.74</ele>
      </trkpt>
      <trkpt lat="-22.399442" lon="-44.93338">
        <ele>1361</ele>
      </trkpt>
      <trkpt lat="-22.399432" lon="-44.933385">
        <ele>1361.31</ele>
      </trkpt>
      <trkpt lat="-22.399421" lon="-44.933389">
        <ele>1361.63</ele>
      </trkpt>
      <trkpt lat="-22.399406" lon="-44.933396">
        <ele>1361.94</ele>
      </trkpt>
      <trkpt lat="-22.399391" lon="-44.933403">
        <ele>1362.26</ele>
      </trkpt>
      <trkpt lat="-22.39937" lon="-44.93341">
        <ele>1362.57</ele>
      </trkpt>
      <trkpt lat="-22.39935" lon="-44.933417">
        <ele>1362.89</ele>
      </trkpt>
      <trkpt lat="-22.399326" lon="-44.933423">
        <ele>1363.2</ele>
      </trkpt>
      <trkpt lat="-22.399302" lon="-44.933429">
        <ele>1363.52</ele>
      </trkpt>
      <trkpt lat="-22.399278" lon="-44.933434">
        <ele>1363.86</ele>
      </trkpt>
      <trkpt lat="-22.399253" lon="-44.933439">
        <ele>1364.2</ele>
      </trkpt>
      <trkpt lat="-22.399227" lon="-44.933444">
        <ele>1364.54</ele>
      </trkpt>
      <trkpt lat="-22.399203" lon="-44.93345">
        <ele>1364.88</ele>
      </trkpt>
      <trkpt lat="-22.399178" lon="-44.933456">
        <ele>1365.22</ele>
      </trkpt>
      <trkpt lat="-22.399154" lon="-44.933463">
        <ele>1365.56</ele>
      </trkpt>
      <trkpt lat="-22.399131" lon="-44.93347">
        <ele>1365.77</ele>
      </trkpt>
      <trkpt lat="-22.399108" lon="-44.933477">
        <ele>1365.97</ele>
      </trkpt>
      <trkpt lat="-22.399083" lon="-44.933482">
        <ele>1366.17</ele>
      </trkpt>
      <trkpt lat="-22.399059" lon="-44.933488">
        <ele>1366.37</ele>
      </trkpt>
      <trkpt lat="-22.399034" lon="-44.933492">
        <ele>1366.58</ele>
      </trkpt>
      <trkpt lat="-22.399009" lon="-44.933496">
        <ele>1366.78</ele>
      </trkpt>
      <trkpt lat="-22.398982" lon="-44.933498">
        <ele>1366.82</ele>
      </trkpt>
      <trkpt lat="-22.398956" lon="-44.9335">
        <ele>1366.87</ele>
      </trkpt>
      <trkpt lat="-22.39893" lon="-44.933503">
        <ele>1366.91</ele>
      </trkpt>
      <trkpt lat="-22.398903" lon="-44.933506">
        <ele>1366.95</ele>
      </trkpt>
      <trkpt lat="-22.398877" lon="-44.933511">
        <ele>1367</ele>
      </trkpt>
      <trkpt lat="-22.39885" lon="-44.933516">
        <ele>1367.04</ele>
      </trkpt>
      <trkpt lat="-22.398823" lon="-44.933525">
        <ele>1366.78</ele>
      </trkpt>
      <trkpt lat="-22.398796" lon="-44.933533">
        <ele>1366.52</ele>
      </trkpt>
      <trkpt lat="-22.398767" lon="-44.933541">
        <ele>1366.26</ele>
      </trkpt>
      <trkpt lat="-22.398738" lon="-44.933549">
        <ele>1365.99</ele>
      </trkpt>
      <trkpt lat="-22.398709" lon="-44.933557">
        <ele>1365.73</ele>
      </trkpt>
      <trkpt lat="-22.39868" lon="-44.933565">
        <ele>1365.39</ele>
      </trkpt>
      <trkpt lat="-22.398653" lon="-44.933572">
        <ele>1365.04</ele>
      </trkpt>
      <trkpt lat="-22.398626" lon="-44.93358">
        <ele>1364.69</ele>
      </trkpt>
      <trkpt lat="-22.398601" lon="-44.933586">
        <ele>1364.35</ele>
      </trkpt>
      <trkpt lat="-22.398577" lon="-44.933592">
        <ele>1364</ele>
      </trkpt>
      <trkpt lat="-22.398554" lon="-44.933594">
        <ele>1363.76</ele>
      </trkpt>
      <trkpt lat="-22.398531" lon="-44.933596">
        <ele>1363.53</ele>
      </trkpt>
      <trkpt lat="-22.398508" lon="-44.933595">
        <ele>1363.29</ele>
      </trkpt>
      <trkpt lat="-22.398486" lon="-44.933594">
        <ele>1363.05</ele>
      </trkpt>
      <trkpt lat="-22.398464" lon="-44.933596">
        <ele>1362.81</ele>
      </trkpt>
      <trkpt lat="-22.398443" lon="-44.933599">
        <ele>1362.57</ele>
      </trkpt>
      <trkpt lat="-22.398421" lon="-44.933606">
        <ele>1362.34</ele>
      </trkpt>
      <trkpt lat="-22.398399" lon="-44.933614">
        <ele>1361.89</ele>
      </trkpt>
      <trkpt lat="-22.398374" lon="-44.933623">
        <ele>1361.44</ele>
      </trkpt>
      <trkpt lat="-22.39835" lon="-44.933632">
        <ele>1360.99</ele>
      </trkpt>
      <trkpt lat="-22.398323" lon="-44.933639">
        <ele>1360.54</ele>
      </trkpt>
      <trkpt lat="-22.398297" lon="-44.933647">
        <ele>1360.09</ele>
      </trkpt>
      <trkpt lat="-22.398267" lon="-44.933657">
        <ele>1359.64</ele>
      </trkpt>
      <trkpt lat="-22.398238" lon="-44.933666">
        <ele>1358.93</ele>
      </trkpt>
      <trkpt lat="-22.398206" lon="-44.933678">
        <ele>1358.23</ele>
      </trkpt>
      <trkpt lat="-22.398174" lon="-44.933689">
        <ele>1357.53</ele>
      </trkpt>
      <trkpt lat="-22.398141" lon="-44.933701">
        <ele>1356.82</ele>
      </trkpt>
      <trkpt lat="-22.398108" lon="-44.933713">
        <ele>1356.12</ele>
      </trkpt>
      <trkpt lat="-22.398075" lon="-44.933722">
        <ele>1355.44</ele>
      </trkpt>
      <trkpt lat="-22.398042" lon="-44.933731">
        <ele>1354.76</ele>
      </trkpt>
      <trkpt lat="-22.398008" lon="-44.93374">
        <ele>1354.08</ele>
      </trkpt>
      <trkpt lat="-22.397974" lon="-44.933748">
        <ele>1353.4</ele>
      </trkpt>
      <trkpt lat="-22.39794" lon="-44.933755">
        <ele>1352.65</ele>
      </trkpt>
      <trkpt lat="-22.397905" lon="-44.933763">
        <ele>1351.89</ele>
      </trkpt>
      <trkpt lat="-22.397871" lon="-44.93377">
        <ele>1351.14</ele>
      </trkpt>
      <trkpt lat="-22.397837" lon="-44.933777">
        <ele>1350.38</ele>
      </trkpt>
      <trkpt lat="-22.397806" lon="-44.933784">
        <ele>1349.63</ele>
      </trkpt>
      <trkpt lat="-22.397775" lon="-44.933791">
        <ele>1348.87</ele>
      </trkpt>
      <trkpt lat="-22.397746" lon="-44.9338">
        <ele>1348.11</ele>
      </trkpt>
      <trkpt lat="-22.397716" lon="-44.93381">
        <ele>1347.35</ele>
      </trkpt>
      <trkpt lat="-22.397689" lon="-44.933821">
        <ele>1346.59</ele>
      </trkpt>
      <trkpt lat="-22.397661" lon="-44.933832">
        <ele>1345.91</ele>
      </trkpt>
      <trkpt lat="-22.397635" lon="-44.933838">
        <ele>1345.23</ele>
      </trkpt>
      <trkpt lat="-22.397609" lon="-44.933845">
        <ele>1344.55</ele>
      </trkpt>
      <trkpt lat="-22.397586" lon="-44.933848">
        <ele>1343.86</ele>
      </trkpt>
      <trkpt lat="-22.397562" lon="-44.933852">
        <ele>1343.18</ele>
      </trkpt>
      <trkpt lat="-22.39754" lon="-44.933853">
        <ele>1342.5</ele>
      </trkpt>
      <trkpt lat="-22.397518" lon="-44.933854">
        <ele>1342.09</ele>
      </trkpt>
      <trkpt lat="-22.3975" lon="-44.933854">
        <ele>1341.68</ele>
      </trkpt>
      <trkpt lat="-22.397483" lon="-44.933854">
        <ele>1341.26</ele>
      </trkpt>
      <trkpt lat="-22.397471" lon="-44.933855">
        <ele>1340.85</ele>
      </trkpt>
      <trkpt lat="-22.397459" lon="-44.933856">
        <ele>1340.44</ele>
      </trkpt>
      <trkpt lat="-22.39745" lon="-44.933858">
        <ele>1340.03</ele>
      </trkpt>
      <trkpt lat="-22.397441" lon="-44.93386">
        <ele>1339.62</ele>
      </trkpt>
      <trkpt lat="-22.397431" lon="-44.933867">
        <ele>1339.21</ele>
      </trkpt>
      <trkpt lat="-22.397422" lon="-44.933874">
        <ele>1338.79</ele>
      </trkpt>
      <trkpt lat="-22.397411" lon="-44.933885">
        <ele>1338.38</ele>
      </trkpt>
      <trkpt lat="-22.397401" lon="-44.933896">
        <ele>1337.57</ele>
      </trkpt>
      <trkpt lat="-22.397387" lon="-44.933909">
        <ele>1336.76</ele>
      </trkpt>
      <trkpt lat="-22.397372" lon="-44.933922">
        <ele>1335.95</ele>
      </trkpt>
      <trkpt lat="-22.397352" lon="-44.933935">
        <ele>1335.14</ele>
      </trkpt>
      <trkpt lat="-22.397332" lon="-44.933948">
        <ele>1334.33</ele>
      </trkpt>
      <trkpt lat="-22.397306" lon="-44.933957">
        <ele>1333.52</ele>
      </trkpt>
      <trkpt lat="-22.397281" lon="-44.933966">
        <ele>1332.71</ele>
      </trkpt>
      <trkpt lat="-22.397252" lon="-44.933972">
        <ele>1331.69</ele>
      </trkpt>
      <trkpt lat="-22.397224" lon="-44.933979">
        <ele>1330.67</ele>
      </trkpt>
      <trkpt lat="-22.397195" lon="-44.933984">
        <ele>1329.64</ele>
      </trkpt>
      <trkpt lat="-22.397167" lon="-44.933988">
        <ele>1328.62</ele>
      </trkpt>
      <trkpt lat="-22.397138" lon="-44.933994">
        <ele>1327.6</ele>
      </trkpt>
      <trkpt lat="-22.39711" lon="-44.934">
        <ele>1326.61</ele>
      </trkpt>
      <trkpt lat="-22.397085" lon="-44.93401">
        <ele>1325.63</ele>
      </trkpt>
      <trkpt lat="-22.39706" lon="-44.934019">
        <ele>1324.64</ele>
      </trkpt>
      <trkpt lat="-22.397038" lon="-44.934028">
        <ele>1323.66</ele>
      </trkpt>
      <trkpt lat="-22.397015" lon="-44.934038">
        <ele>1322.67</ele>
      </trkpt>
      <trkpt lat="-22.396993" lon="-44.934044">
        <ele>1321.68</ele>
      </trkpt>
      <trkpt lat="-22.396971" lon="-44.93405">
        <ele>1320.84</ele>
      </trkpt>
      <trkpt lat="-22.396949" lon="-44.934052">
        <ele>1320.01</ele>
      </trkpt>
      <trkpt lat="-22.396926" lon="-44.934053">
        <ele>1319.17</ele>
      </trkpt>
      <trkpt lat="-22.396904" lon="-44.934055">
        <ele>1318.33</ele>
      </trkpt>
      <trkpt lat="-22.396882" lon="-44.934057">
        <ele>1317.49</ele>
      </trkpt>
      <trkpt lat="-22.396858" lon="-44.934064">
        <ele>1316.65</ele>
      </trkpt>
      <trkpt lat="-22.396834" lon="-44.934071">
        <ele>1315.7</ele>
      </trkpt>
      <trkpt lat="-22.396808" lon="-44.934078">
        <ele>1314.75</ele>
      </trkpt>
      <trkpt lat="-22.396783" lon="-44.934085">
        <ele>1313.8</ele>
      </trkpt>
      <trkpt lat="-22.396759" lon="-44.934091">
        <ele>1312.85</ele>
      </trkpt>
      <trkpt lat="-22.396736" lon="-44.934096">
        <ele>1311.91</ele>
      </trkpt>
      <trkpt lat="-22.396717" lon="-44.934103">
        <ele>1310.96</ele>
      </trkpt>
      <trkpt lat="-22.396698" lon="-44.934109">
        <ele>1310.27</ele>
      </trkpt>
      <trkpt lat="-22.396685" lon="-44.934122">
        <ele>1309.58</ele>
      </trkpt>
      <trkpt lat="-22.396672" lon="-44.934134">
        <ele>1308.89</ele>
      </trkpt>
      <trkpt lat="-22.39666" lon="-44.934147">
        <ele>1308.2</ele>
      </trkpt>
      <trkpt lat="-22.396648" lon="-44.934161">
        <ele>1307.52</ele>
      </trkpt>
      <trkpt lat="-22.396633" lon="-44.934171">
        <ele>1306.83</ele>
      </trkpt>
      <trkpt lat="-22.396617" lon="-44.934182">
        <ele>1306.14</ele>
      </trkpt>
      <trkpt lat="-22.396597" lon="-44.934187">
        <ele>1305.45</ele>
      </trkpt>
      <trkpt lat="-22.396578" lon="-44.934192">
        <ele>1304.79</ele>
      </trkpt>
      <trkpt lat="-22.396558" lon="-44.934194">
        <ele>1304.12</ele>
      </trkpt>
      <trkpt lat="-22.396537" lon="-44.934196">
        <ele>1303.46</ele>
      </trkpt>
      <trkpt lat="-22.396519" lon="-44.934199">
        <ele>1302.79</ele>
      </trkpt>
      <trkpt lat="-22.3965" lon="-44.934202">
        <ele>1302.13</ele>
      </trkpt>
      <trkpt lat="-22.39648" lon="-44.934206">
        <ele>1301.46</ele>
      </trkpt>
      <trkpt lat="-22.396461" lon="-44.934211">
        <ele>1300.8</ele>
      </trkpt>
      <trkpt lat="-22.396437" lon="-44.934217">
        <ele>1299.97</ele>
      </trkpt>
      <trkpt lat="-22.396414" lon="-44.934223">
        <ele>1299.14</ele>
      </trkpt>
      <trkpt lat="-22.396386" lon="-44.93423">
        <ele>1298.31</ele>
      </trkpt>
      <trkpt lat="-22.396358" lon="-44.934238">
        <ele>1297.48</ele>
      </trkpt>
      <trkpt lat="-22.396327" lon="-44.934246">
        <ele>1296.65</ele>
      </trkpt>
      <trkpt lat="-22.396296" lon="-44.934255">
        <ele>1295.75</ele>
      </trkpt>
      <trkpt lat="-22.396264" lon="-44.934265">
        <ele>1294.84</ele>
      </trkpt>
      <trkpt lat="-22.396233" lon="-44.934275">
        <ele>1293.94</ele>
      </trkpt>
      <trkpt lat="-22.396202" lon="-44.934285">
        <ele>1293.03</ele>
      </trkpt>
      <trkpt lat="-22.396171" lon="-44.934296">
        <ele>1292.13</ele>
      </trkpt>
      <trkpt lat="-22.396141" lon="-44.934306">
        <ele>1291.22</ele>
      </trkpt>
      <trkpt lat="-22.39611" lon="-44.934315">
        <ele>1290.31</ele>
      </trkpt>
      <trkpt lat="-22.396082" lon="-44.934323">
        <ele>1289.41</ele>
      </trkpt>
      <trkpt lat="-22.396054" lon="-44.934332">
        <ele>1288.5</ele>
      </trkpt>
      <trkpt lat="-22.39603" lon="-44.934337">
        <ele>1287.59</ele>
      </trkpt>
      <trkpt lat="-22.396006" lon="-44.934343">
        <ele>1286.93</ele>
      </trkpt>
      <trkpt lat="-22.395982" lon="-44.934345">
        <ele>1286.28</ele>
      </trkpt>
      <trkpt lat="-22.395959" lon="-44.934347">
        <ele>1285.62</ele>
      </trkpt>
      <trkpt lat="-22.395939" lon="-44.934351">
        <ele>1284.96</ele>
      </trkpt>
      <trkpt lat="-22.395918" lon="-44.934356">
        <ele>1284.3</ele>
      </trkpt>
      <trkpt lat="-22.395903" lon="-44.934367">
        <ele>1283.65</ele>
      </trkpt>
      <trkpt lat="-22.395888" lon="-44.934378">
        <ele>1282.99</ele>
      </trkpt>
      <trkpt lat="-22.395875" lon="-44.934389">
        <ele>1282.63</ele>
      </trkpt>
      <trkpt lat="-22.395862" lon="-44.9344">
        <ele>1282.28</ele>
      </trkpt>
      <trkpt lat="-22.395847" lon="-44.934404">
        <ele>1281.92</ele>
      </trkpt>
      <trkpt lat="-22.395833" lon="-44.934408">
        <ele>1281.57</ele>
      </trkpt>
      <trkpt lat="-22.395817" lon="-44.934403">
        <ele>1281.21</ele>
      </trkpt>
      <trkpt lat="-22.395802" lon="-44.934397">
        <ele>1280.86</ele>
      </trkpt>
      <trkpt lat="-22.395789" lon="-44.93439">
        <ele>1280.51</ele>
      </trkpt>
      <trkpt lat="-22.395777" lon="-44.934383">
        <ele>1280.15</ele>
      </trkpt>
      <trkpt lat="-22.395766" lon="-44.934385">
        <ele>1279.8</ele>
      </trkpt>
      <trkpt lat="-22.395755" lon="-44.934387">
        <ele>1279.33</ele>
      </trkpt>
      <trkpt lat="-22.395742" lon="-44.9344">
        <ele>1278.87</ele>
      </trkpt>
      <trkpt lat="-22.395728" lon="-44.934412">
        <ele>1278.4</ele>
      </trkpt>
      <trkpt lat="-22.395711" lon="-44.934426">
        <ele>1277.93</ele>
      </trkpt>
      <trkpt lat="-22.395694" lon="-44.93444">
        <ele>1277.47</ele>
      </trkpt>
      <trkpt lat="-22.395671" lon="-44.934451">
        <ele>1277</ele>
      </trkpt>
      <trkpt lat="-22.395649" lon="-44.934462">
        <ele>1276.54</ele>
      </trkpt>
      <trkpt lat="-22.395624" lon="-44.934471">
        <ele>1275.94</ele>
      </trkpt>
      <trkpt lat="-22.395598" lon="-44.934479">
        <ele>1275.34</ele>
      </trkpt>
      <trkpt lat="-22.395573" lon="-44.934486">
        <ele>1274.74</ele>
      </trkpt>
      <trkpt lat="-22.395549" lon="-44.934493">
        <ele>1274.14</ele>
      </trkpt>
      <trkpt lat="-22.395525" lon="-44.9345">
        <ele>1273.53</ele>
      </trkpt>
      <trkpt lat="-22.395502" lon="-44.934508">
        <ele>1272.93</ele>
      </trkpt>
      <trkpt lat="-22.395481" lon="-44.934516">
        <ele>1272.39</ele>
      </trkpt>
      <trkpt lat="-22.395459" lon="-44.934525">
        <ele>1271.85</ele>
      </trkpt>
      <trkpt lat="-22.395438" lon="-44.93453">
        <ele>1271.3</ele>
      </trkpt>
      <trkpt lat="-22.395416" lon="-44.934536">
        <ele>1270.76</ele>
      </trkpt>
      <trkpt lat="-22.395394" lon="-44.93454">
        <ele>1270.21</ele>
      </trkpt>
      <trkpt lat="-22.395372" lon="-44.934544">
        <ele>1269.67</ele>
      </trkpt>
      <trkpt lat="-22.395348" lon="-44.934551">
        <ele>1269.12</ele>
      </trkpt>
      <trkpt lat="-22.395324" lon="-44.934558">
        <ele>1268.38</ele>
      </trkpt>
      <trkpt lat="-22.395298" lon="-44.934566">
        <ele>1267.63</ele>
      </trkpt>
      <trkpt lat="-22.395271" lon="-44.934575">
        <ele>1266.88</ele>
      </trkpt>
      <trkpt lat="-22.395242" lon="-44.934585">
        <ele>1266.13</ele>
      </trkpt>
      <trkpt lat="-22.395213" lon="-44.934595">
        <ele>1265.39</ele>
      </trkpt>
      <trkpt lat="-22.395183" lon="-44.934606">
        <ele>1264.58</ele>
      </trkpt>
      <trkpt lat="-22.395153" lon="-44.934617">
        <ele>1263.77</ele>
      </trkpt>
      <trkpt lat="-22.395122" lon="-44.934628">
        <ele>1262.96</ele>
      </trkpt>
      <trkpt lat="-22.395091" lon="-44.934638">
        <ele>1262.15</ele>
      </trkpt>
      <trkpt lat="-22.395059" lon="-44.934649">
        <ele>1261.34</ele>
      </trkpt>
      <trkpt lat="-22.395028" lon="-44.93466">
        <ele>1260.56</ele>
      </trkpt>
      <trkpt lat="-22.394996" lon="-44.934669">
        <ele>1259.78</ele>
      </trkpt>
      <trkpt lat="-22.394963" lon="-44.934679">
        <ele>1258.99</ele>
      </trkpt>
      <trkpt lat="-22.394931" lon="-44.934684">
        <ele>1258.21</ele>
      </trkpt>
      <trkpt lat="-22.3949" lon="-44.934689">
        <ele>1257.42</ele>
      </trkpt>
      <trkpt lat="-22.39487" lon="-44.934692">
        <ele>1256.66</ele>
      </trkpt>
      <trkpt lat="-22.394841" lon="-44.934694">
        <ele>1255.9</ele>
      </trkpt>
      <trkpt lat="-22.394814" lon="-44.934699">
        <ele>1255.14</ele>
      </trkpt>
      <trkpt lat="-22.394788" lon="-44.934705">
        <ele>1254.37</ele>
      </trkpt>
      <trkpt lat="-22.394763" lon="-44.934714">
        <ele>1253.61</ele>
      </trkpt>
      <trkpt lat="-22.394738" lon="-44.934723">
        <ele>1252.84</ele>
      </trkpt>
      <trkpt lat="-22.394712" lon="-44.934732">
        <ele>1252.06</ele>
      </trkpt>
      <trkpt lat="-22.394687" lon="-44.934741">
        <ele>1251.29</ele>
      </trkpt>
      <trkpt lat="-22.39466" lon="-44.93475">
        <ele>1250.52</ele>
      </trkpt>
      <trkpt lat="-22.394632" lon="-44.934759">
        <ele>1249.74</ele>
      </trkpt>
      <trkpt lat="-22.394602" lon="-44.934768">
        <ele>1248.73</ele>
      </trkpt>
      <trkpt lat="-22.394572" lon="-44.934778">
        <ele>1247.73</ele>
      </trkpt>
      <trkpt lat="-22.394541" lon="-44.934786">
        <ele>1246.72</ele>
      </trkpt>
      <trkpt lat="-22.394511" lon="-44.934795">
        <ele>1245.71</ele>
      </trkpt>
      <trkpt lat="-22.394481" lon="-44.934802">
        <ele>1244.7</ele>
      </trkpt>
      <trkpt lat="-22.394452" lon="-44.93481">
        <ele>1243.63</ele>
      </trkpt>
      <trkpt lat="-22.394423" lon="-44.934818">
        <ele>1242.56</ele>
      </trkpt>
      <trkpt lat="-22.394395" lon="-44.934825">
        <ele>1241.5</ele>
      </trkpt>
      <trkpt lat="-22.394364" lon="-44.934834">
        <ele>1240.43</ele>
      </trkpt>
      <trkpt lat="-22.394333" lon="-44.934843">
        <ele>1239.37</ele>
      </trkpt>
      <trkpt lat="-22.394301" lon="-44.934853">
        <ele>1238.3</ele>
      </trkpt>
      <trkpt lat="-22.394269" lon="-44.934863">
        <ele>1237.24</ele>
      </trkpt>
      <trkpt lat="-22.39424" lon="-44.934873">
        <ele>1236.17</ele>
      </trkpt>
      <trkpt lat="-22.394212" lon="-44.934883">
        <ele>1235.11</ele>
      </trkpt>
      <trkpt lat="-22.394189" lon="-44.934889">
        <ele>1234.05</ele>
      </trkpt>
      <trkpt lat="-22.394166" lon="-44.934896">
        <ele>1233.42</ele>
      </trkpt>
      <trkpt lat="-22.394149" lon="-44.934899">
        <ele>1232.8</ele>
      </trkpt>
      <trkpt lat="-22.394132" lon="-44.934902">
        <ele>1232.17</ele>
      </trkpt>
      <trkpt lat="-22.394118" lon="-44.934906">
        <ele>1231.55</ele>
      </trkpt>
      <trkpt lat="-22.394103" lon="-44.93491">
        <ele>1230.92</ele>
      </trkpt>
      <trkpt lat="-22.394089" lon="-44.934915">
        <ele>1230.3</ele>
      </trkpt>
      <trkpt lat="-22.394074" lon="-44.934919">
        <ele>1229.67</ele>
      </trkpt>
      <trkpt lat="-22.394057" lon="-44.934922">
        <ele>1229.05</ele>
      </trkpt>
      <trkpt lat="-22.39404" lon="-44.934926">
        <ele>1228.28</ele>
      </trkpt>
      <trkpt lat="-22.394018" lon="-44.93493">
        <ele>1227.5</ele>
      </trkpt>
      <trkpt lat="-22.393997" lon="-44.934934">
        <ele>1226.73</ele>
      </trkpt>
      <trkpt lat="-22.393972" lon="-44.934939">
        <ele>1225.95</ele>
      </trkpt>
      <trkpt lat="-22.393948" lon="-44.934944">
        <ele>1225.18</ele>
      </trkpt>
      <trkpt lat="-22.393927" lon="-44.934945">
        <ele>1224.41</ele>
      </trkpt>
      <trkpt lat="-22.393905" lon="-44.934947">
        <ele>1223.63</ele>
      </trkpt>
      <trkpt lat="-22.393889" lon="-44.934947">
        <ele>1223.36</ele>
      </trkpt>
      <trkpt lat="-22.393874" lon="-44.934948">
        <ele>1223.1</ele>
      </trkpt>
      <trkpt lat="-22.393863" lon="-44.934949">
        <ele>1222.83</ele>
      </trkpt>
      <trkpt lat="-22.393853" lon="-44.93495">
        <ele>1222.56</ele>
      </trkpt>
      <trkpt lat="-22.393846" lon="-44.934952">
        <ele>1222.3</ele>
      </trkpt>
      <trkpt lat="-22.39384" lon="-44.934953">
        <ele>1222.03</ele>
      </trkpt>
      <trkpt lat="-22.393834" lon="-44.934955">
        <ele>1221.76</ele>
      </trkpt>
      <trkpt lat="-22.393829" lon="-44.934956">
        <ele>1221.49</ele>
      </trkpt>
      <trkpt lat="-22.393826" lon="-44.934959">
        <ele>1221.23</ele>
      </trkpt>
      <trkpt lat="-22.393824" lon="-44.934962">
        <ele>1220.96</ele>
      </trkpt>
      <trkpt lat="-22.393818" lon="-44.934969">
        <ele>1220.69</ele>
      </trkpt>
      <trkpt lat="-22.393813" lon="-44.934975">
        <ele>1220.42</ele>
      </trkpt>
      <trkpt lat="-22.393801" lon="-44.934983">
        <ele>1220.16</ele>
      </trkpt>
      <trkpt lat="-22.393788" lon="-44.934992">
        <ele>1219.89</ele>
      </trkpt>
      <trkpt lat="-22.393773" lon="-44.935001">
        <ele>1219.62</ele>
      </trkpt>
      <trkpt lat="-22.393757" lon="-44.935009">
        <ele>1219.09</ele>
      </trkpt>
      <trkpt lat="-22.39374" lon="-44.935018">
        <ele>1218.56</ele>
      </trkpt>
      <trkpt lat="-22.393724" lon="-44.935027">
        <ele>1218.04</ele>
      </trkpt>
      <trkpt lat="-22.393708" lon="-44.935031">
        <ele>1217.51</ele>
      </trkpt>
      <trkpt lat="-22.393691" lon="-44.935036">
        <ele>1216.98</ele>
      </trkpt>
      <trkpt lat="-22.393672" lon="-44.935035">
        <ele>1216.45</ele>
      </trkpt>
      <trkpt lat="-22.393653" lon="-44.935033">
        <ele>1215.92</ele>
      </trkpt>
      <trkpt lat="-22.393631" lon="-44.935033">
        <ele>1215.39</ele>
      </trkpt>
      <trkpt lat="-22.393609" lon="-44.935032">
        <ele>1214.68</ele>
      </trkpt>
      <trkpt lat="-22.393585" lon="-44.935037">
        <ele>1213.96</ele>
      </trkpt>
      <trkpt lat="-22.393561" lon="-44.935042">
        <ele>1213.25</ele>
      </trkpt>
      <trkpt lat="-22.393535" lon="-44.935049">
        <ele>1212.53</ele>
      </trkpt>
      <trkpt lat="-22.393509" lon="-44.935056">
        <ele>1211.81</ele>
      </trkpt>
      <trkpt lat="-22.393481" lon="-44.935064">
        <ele>1211.1</ele>
      </trkpt>
      <trkpt lat="-22.393453" lon="-44.935072">
        <ele>1210.29</ele>
      </trkpt>
      <trkpt lat="-22.393423" lon="-44.935081">
        <ele>1209.49</ele>
      </trkpt>
      <trkpt lat="-22.393392" lon="-44.935091">
        <ele>1208.69</ele>
      </trkpt>
      <trkpt lat="-22.39336" lon="-44.935101">
        <ele>1207.88</ele>
      </trkpt>
      <trkpt lat="-22.393329" lon="-44.935112">
        <ele>1207.08</ele>
      </trkpt>
      <trkpt lat="-22.393299" lon="-44.935122">
        <ele>1206.23</ele>
      </trkpt>
      <trkpt lat="-22.393269" lon="-44.935131">
        <ele>1205.39</ele>
      </trkpt>
      <trkpt lat="-22.393241" lon="-44.935139">
        <ele>1204.55</ele>
      </trkpt>
      <trkpt lat="-22.393213" lon="-44.935147">
        <ele>1203.71</ele>
      </trkpt>
      <trkpt lat="-22.393188" lon="-44.935156">
        <ele>1202.87</ele>
      </trkpt>
      <trkpt lat="-22.393162" lon="-44.935164">
        <ele>1202</ele>
      </trkpt>
      <trkpt lat="-22.393136" lon="-44.935174">
        <ele>1201.13</ele>
      </trkpt>
      <trkpt lat="-22.39311" lon="-44.935185">
        <ele>1200.25</ele>
      </trkpt>
      <trkpt lat="-22.393078" lon="-44.935197">
        <ele>1199.38</ele>
      </trkpt>
      <trkpt lat="-22.393047" lon="-44.93521">
        <ele>1198.51</ele>
      </trkpt>
      <trkpt lat="-22.39301" lon="-44.935223">
        <ele>1197.35</ele>
      </trkpt>
      <trkpt lat="-22.392974" lon="-44.935236">
        <ele>1196.18</ele>
      </trkpt>
      <trkpt lat="-22.392938" lon="-44.935248">
        <ele>1195.02</ele>
      </trkpt>
      <trkpt lat="-22.392902" lon="-44.93526">
        <ele>1193.86</ele>
      </trkpt>
      <trkpt lat="-22.392869" lon="-44.935272">
        <ele>1192.87</ele>
      </trkpt>
      <trkpt lat="-22.392837" lon="-44.935283">
        <ele>1191.89</ele>
      </trkpt>
      <trkpt lat="-22.392807" lon="-44.935293">
        <ele>1190.9</ele>
      </trkpt>
      <trkpt lat="-22.392778" lon="-44.935302">
        <ele>1189.92</ele>
      </trkpt>
      <trkpt lat="-22.39275" lon="-44.935309">
        <ele>1188.93</ele>
      </trkpt>
      <trkpt lat="-22.392722" lon="-44.935316">
        <ele>1188.21</ele>
      </trkpt>
      <trkpt lat="-22.392695" lon="-44.935323">
        <ele>1187.48</ele>
      </trkpt>
      <trkpt lat="-22.392669" lon="-44.935331">
        <ele>1186.76</ele>
      </trkpt>
      <trkpt lat="-22.392645" lon="-44.935338">
        <ele>1186.03</ele>
      </trkpt>
      <trkpt lat="-22.392622" lon="-44.935346">
        <ele>1185.3</ele>
      </trkpt>
      <trkpt lat="-22.392599" lon="-44.935353">
        <ele>1184.58</ele>
      </trkpt>
      <trkpt lat="-22.392576" lon="-44.935361">
        <ele>1183.96</ele>
      </trkpt>
      <trkpt lat="-22.392553" lon="-44.935368">
        <ele>1183.33</ele>
      </trkpt>
      <trkpt lat="-22.39253" lon="-44.935376">
        <ele>1182.71</ele>
      </trkpt>
      <trkpt lat="-22.392507" lon="-44.935385">
        <ele>1182.09</ele>
      </trkpt>
      <trkpt lat="-22.392484" lon="-44.935394">
        <ele>1181.47</ele>
      </trkpt>
      <trkpt lat="-22.392461" lon="-44.935403">
        <ele>1180.85</ele>
      </trkpt>
      <trkpt lat="-22.392437" lon="-44.935412">
        <ele>1180.22</ele>
      </trkpt>
      <trkpt lat="-22.392412" lon="-44.935421">
        <ele>1179.6</ele>
      </trkpt>
      <trkpt lat="-22.392387" lon="-44.935429">
        <ele>1178.97</ele>
      </trkpt>
      <trkpt lat="-22.392361" lon="-44.935437">
        <ele>1178.34</ele>
      </trkpt>
      <trkpt lat="-22.392335" lon="-44.935446">
        <ele>1177.71</ele>
      </trkpt>
      <trkpt lat="-22.392308" lon="-44.935455">
        <ele>1177.09</ele>
      </trkpt>
      <trkpt lat="-22.392281" lon="-44.935464">
        <ele>1176.4</ele>
      </trkpt>
      <trkpt lat="-22.392254" lon="-44.935476">
        <ele>1175.71</ele>
      </trkpt>
      <trkpt lat="-22.392227" lon="-44.935488">
        <ele>1175.02</ele>
      </trkpt>
      <trkpt lat="-22.392199" lon="-44.935499">
        <ele>1174.32</ele>
      </trkpt>
      <trkpt lat="-22.392172" lon="-44.935509">
        <ele>1173.63</ele>
      </trkpt>
      <trkpt lat="-22.392144" lon="-44.935516">
        <ele>1172.87</ele>
      </trkpt>
      <trkpt lat="-22.392117" lon="-44.935524">
        <ele>1172.1</ele>
      </trkpt>
      <trkpt lat="-22.392089" lon="-44.935531">
        <ele>1171.33</ele>
      </trkpt>
      <trkpt lat="-22.392062" lon="-44.935539">
        <ele>1170.56</ele>
      </trkpt>
      <trkpt lat="-22.392034" lon="-44.935547">
        <ele>1169.8</ele>
      </trkpt>
      <trkpt lat="-22.392007" lon="-44.935555">
        <ele>1168.96</ele>
      </trkpt>
      <trkpt lat="-22.391978" lon="-44.935563">
        <ele>1168.12</ele>
      </trkpt>
      <trkpt lat="-22.391949" lon="-44.935571">
        <ele>1167.28</ele>
      </trkpt>
      <trkpt lat="-22.391917" lon="-44.935578">
        <ele>1166.45</ele>
      </trkpt>
      <trkpt lat="-22.391886" lon="-44.935585">
        <ele>1165.61</ele>
      </trkpt>
      <trkpt lat="-22.391853" lon="-44.93559">
        <ele>1164.6</ele>
      </trkpt>
      <trkpt lat="-22.39182" lon="-44.935596">
        <ele>1163.6</ele>
      </trkpt>
      <trkpt lat="-22.391786" lon="-44.935603">
        <ele>1162.59</ele>
      </trkpt>
      <trkpt lat="-22.391752" lon="-44.935609">
        <ele>1161.59</ele>
      </trkpt>
      <trkpt lat="-22.391718" lon="-44.935617">
        <ele>1160.77</ele>
      </trkpt>
      <trkpt lat="-22.391683" lon="-44.935626">
        <ele>1159.94</ele>
      </trkpt>
      <trkpt lat="-22.391649" lon="-44.935637">
        <ele>1159.12</ele>
      </trkpt>
      <trkpt lat="-22.391616" lon="-44.935648">
        <ele>1158.3</ele>
      </trkpt>
      <trkpt lat="-22.391583" lon="-44.935661">
        <ele>1157.69</ele>
      </trkpt>
      <trkpt lat="-22.39155" lon="-44.935674">
        <ele>1157.08</ele>
      </trkpt>
      <trkpt lat="-22.391518" lon="-44.935685">
        <ele>1156.47</ele>
      </trkpt>
      <trkpt lat="-22.391486" lon="-44.935697">
        <ele>1155.86</ele>
      </trkpt>
      <trkpt lat="-22.391456" lon="-44.935706">
        <ele>1155.19</ele>
      </trkpt>
      <trkpt lat="-22.391425" lon="-44.935715">
        <ele>1154.52</ele>
      </trkpt>
      <trkpt lat="-22.391395" lon="-44.935723">
        <ele>1153.86</ele>
      </trkpt>
      <trkpt lat="-22.391365" lon="-44.935732">
        <ele>1153.19</ele>
      </trkpt>
      <trkpt lat="-22.391334" lon="-44.93574">
        <ele>1152.52</ele>
      </trkpt>
      <trkpt lat="-22.391303" lon="-44.935749">
        <ele>1151.69</ele>
      </trkpt>
      <trkpt lat="-22.391271" lon="-44.935758">
        <ele>1150.87</ele>
      </trkpt>
      <trkpt lat="-22.391239" lon="-44.935766">
        <ele>1150.04</ele>
      </trkpt>
      <trkpt lat="-22.391206" lon="-44.935776">
        <ele>1149.21</ele>
      </trkpt>
      <trkpt lat="-22.391173" lon="-44.935786">
        <ele>1148.38</ele>
      </trkpt>
      <trkpt lat="-22.39114" lon="-44.935795">
        <ele>1147.52</ele>
      </trkpt>
      <trkpt lat="-22.391107" lon="-44.935805">
        <ele>1146.66</ele>
      </trkpt>
      <trkpt lat="-22.391073" lon="-44.935815">
        <ele>1145.8</ele>
      </trkpt>
      <trkpt lat="-22.39104" lon="-44.935825">
        <ele>1144.93</ele>
      </trkpt>
      <trkpt lat="-22.391005" lon="-44.935837">
        <ele>1143.97</ele>
      </trkpt>
      <trkpt lat="-22.39097" lon="-44.935848">
        <ele>1143.01</ele>
      </trkpt>
      <trkpt lat="-22.390933" lon="-44.93586">
        <ele>1142.05</ele>
      </trkpt>
      <trkpt lat="-22.390896" lon="-44.935872">
        <ele>1141.09</ele>
      </trkpt>
      <trkpt lat="-22.390858" lon="-44.935884">
        <ele>1140.38</ele>
      </trkpt>
      <trkpt lat="-22.390821" lon="-44.935895">
        <ele>1139.66</ele>
      </trkpt>
      <trkpt lat="-22.390785" lon="-44.935906">
        <ele>1138.95</ele>
      </trkpt>
      <trkpt lat="-22.390749" lon="-44.935918">
        <ele>1138.24</ele>
      </trkpt>
      <trkpt lat="-22.390714" lon="-44.935929">
        <ele>1137.65</ele>
      </trkpt>
      <trkpt lat="-22.390679" lon="-44.935941">
        <ele>1137.05</ele>
      </trkpt>
      <trkpt lat="-22.390645" lon="-44.935953">
        <ele>1136.45</ele>
      </trkpt>
      <trkpt lat="-22.390611" lon="-44.935965">
        <ele>1135.86</ele>
      </trkpt>
      <trkpt lat="-22.390578" lon="-44.935975">
        <ele>1135.51</ele>
      </trkpt>
      <trkpt lat="-22.390544" lon="-44.935985">
        <ele>1135.17</ele>
      </trkpt>
      <trkpt lat="-22.390513" lon="-44.935993">
        <ele>1134.82</ele>
      </trkpt>
      <trkpt lat="-22.390481" lon="-44.936002">
        <ele>1134.48</ele>
      </trkpt>
      <trkpt lat="-22.390453" lon="-44.936012">
        <ele>1134.13</ele>
      </trkpt>
      <trkpt lat="-22.390426" lon="-44.936022">
        <ele>1133.93</ele>
      </trkpt>
      <trkpt lat="-22.3904" lon="-44.936036">
        <ele>1133.72</ele>
      </trkpt>
      <trkpt lat="-22.390375" lon="-44.93605">
        <ele>1133.52</ele>
      </trkpt>
      <trkpt lat="-22.39035" lon="-44.936065">
        <ele>1133.31</ele>
      </trkpt>
      <trkpt lat="-22.390325" lon="-44.93608">
        <ele>1133.1</ele>
      </trkpt>
      <trkpt lat="-22.390299" lon="-44.936094">
        <ele>1132.69</ele>
      </trkpt>
      <trkpt lat="-22.390272" lon="-44.936109">
        <ele>1132.27</ele>
      </trkpt>
      <trkpt lat="-22.39024" lon="-44.936121">
        <ele>1131.85</ele>
      </trkpt>
      <trkpt lat="-22.390209" lon="-44.936134">
        <ele>1131.44</ele>
      </trkpt>
      <trkpt lat="-22.390178" lon="-44.936142">
        <ele>1131.02</ele>
      </trkpt>
      <trkpt lat="-22.390147" lon="-44.936151">
        <ele>1130.55</ele>
      </trkpt>
      <trkpt lat="-22.39012" lon="-44.936155">
        <ele>1130.08</ele>
      </trkpt>
      <trkpt lat="-22.390092" lon="-44.93616">
        <ele>1129.61</ele>
      </trkpt>
      <trkpt lat="-22.390067" lon="-44.936163">
        <ele>1129.14</ele>
      </trkpt>
      <trkpt lat="-22.390042" lon="-44.936166">
        <ele>1128.67</ele>
      </trkpt>
      <trkpt lat="-22.390018" lon="-44.93617">
        <ele>1128.36</ele>
      </trkpt>
      <trkpt lat="-22.389993" lon="-44.936175">
        <ele>1128.04</ele>
      </trkpt>
      <trkpt lat="-22.389968" lon="-44.936181">
        <ele>1127.73</ele>
      </trkpt>
      <trkpt lat="-22.389943" lon="-44.936188">
        <ele>1127.41</ele>
      </trkpt>
      <trkpt lat="-22.389918" lon="-44.936194">
        <ele>1127.1</ele>
      </trkpt>
      <trkpt lat="-22.389893" lon="-44.936201">
        <ele>1126.78</ele>
      </trkpt>
      <trkpt lat="-22.389869" lon="-44.936206">
        <ele>1126.52</ele>
      </trkpt>
      <trkpt lat="-22.389844" lon="-44.936211">
        <ele>1126.25</ele>
      </trkpt>
      <trkpt lat="-22.389819" lon="-44.936213">
        <ele>1125.99</ele>
      </trkpt>
      <trkpt lat="-22.389794" lon="-44.936216">
        <ele>1125.73</ele>
      </trkpt>
      <trkpt lat="-22.389766" lon="-44.936218">
        <ele>1125.46</ele>
      </trkpt>
      <trkpt lat="-22.389739" lon="-44.936221">
        <ele>1125.2</ele>
      </trkpt>
      <trkpt lat="-22.38971" lon="-44.936226">
        <ele>1125.05</ele>
      </trkpt>
      <trkpt lat="-22.389681" lon="-44.936231">
        <ele>1124.9</ele>
      </trkpt>
      <trkpt lat="-22.389651" lon="-44.936238">
        <ele>1124.75</ele>
      </trkpt>
      <trkpt lat="-22.389621" lon="-44.936245">
        <ele>1124.6</ele>
      </trkpt>
      <trkpt lat="-22.389593" lon="-44.936254">
        <ele>1124.45</ele>
      </trkpt>
      <trkpt lat="-22.389564" lon="-44.936263">
        <ele>1124.31</ele>
      </trkpt>
      <trkpt lat="-22.389537" lon="-44.936273">
        <ele>1124.17</ele>
      </trkpt>
      <trkpt lat="-22.38951" lon="-44.936284">
        <ele>1124.03</ele>
      </trkpt>
      <trkpt lat="-22.389483" lon="-44.936295">
        <ele>1123.89</ele>
      </trkpt>
      <trkpt lat="-22.389457" lon="-44.936306">
        <ele>1123.74</ele>
      </trkpt>
      <trkpt lat="-22.389431" lon="-44.936318">
        <ele>1123.57</ele>
      </trkpt>
      <trkpt lat="-22.389404" lon="-44.936329">
        <ele>1123.39</ele>
      </trkpt>
      <trkpt lat="-22.389379" lon="-44.936342">
        <ele>1123.21</ele>
      </trkpt>
      <trkpt lat="-22.389354" lon="-44.936355">
        <ele>1123.03</ele>
      </trkpt>
      <trkpt lat="-22.389329" lon="-44.936368">
        <ele>1122.86</ele>
      </trkpt>
      <trkpt lat="-22.389303" lon="-44.936381">
        <ele>1122.58</ele>
      </trkpt>
      <trkpt lat="-22.389278" lon="-44.936392">
        <ele>1122.3</ele>
      </trkpt>
      <trkpt lat="-22.389254" lon="-44.936402">
        <ele>1122.03</ele>
      </trkpt>
      <trkpt lat="-22.389228" lon="-44.936409">
        <ele>1121.75</ele>
      </trkpt>
      <trkpt lat="-22.389202" lon="-44.936416">
        <ele>1121.47</ele>
      </trkpt>
      <trkpt lat="-22.389175" lon="-44.936424">
        <ele>1121.08</ele>
      </trkpt>
      <trkpt lat="-22.389148" lon="-44.936431">
        <ele>1120.7</ele>
      </trkpt>
      <trkpt lat="-22.38912" lon="-44.93644">
        <ele>1120.31</ele>
      </trkpt>
      <trkpt lat="-22.389092" lon="-44.936448">
        <ele>1119.93</ele>
      </trkpt>
      <trkpt lat="-22.389064" lon="-44.936458">
        <ele>1119.54</ele>
      </trkpt>
      <trkpt lat="-22.389035" lon="-44.936468">
        <ele>1119.1</ele>
      </trkpt>
      <trkpt lat="-22.389007" lon="-44.936477">
        <ele>1118.67</ele>
      </trkpt>
      <trkpt lat="-22.388979" lon="-44.936485">
        <ele>1118.23</ele>
      </trkpt>
      <trkpt lat="-22.388952" lon="-44.936493">
        <ele>1117.79</ele>
      </trkpt>
      <trkpt lat="-22.388925" lon="-44.9365">
        <ele>1117.36</ele>
      </trkpt>
      <trkpt lat="-22.388899" lon="-44.936506">
        <ele>1116.92</ele>
      </trkpt>
      <trkpt lat="-22.388873" lon="-44.936511">
        <ele>1116.48</ele>
      </trkpt>
      <trkpt lat="-22.388847" lon="-44.936516">
        <ele>1116.04</ele>
      </trkpt>
      <trkpt lat="-22.388821" lon="-44.936521">
        <ele>1115.61</ele>
      </trkpt>
      <trkpt lat="-22.388794" lon="-44.936528">
        <ele>1115.17</ele>
      </trkpt>
      <trkpt lat="-22.388768" lon="-44.936536">
        <ele>1114.73</ele>
      </trkpt>
      <trkpt lat="-22.388741" lon="-44.936545">
        <ele>1114.25</ele>
      </trkpt>
      <trkpt lat="-22.388714" lon="-44.936555">
        <ele>1113.77</ele>
      </trkpt>
      <trkpt lat="-22.388686" lon="-44.936566">
        <ele>1113.3</ele>
      </trkpt>
      <trkpt lat="-22.388659" lon="-44.936576">
        <ele>1112.82</ele>
      </trkpt>
      <trkpt lat="-22.388631" lon="-44.936585">
        <ele>1112.34</ele>
      </trkpt>
      <trkpt lat="-22.388603" lon="-44.936595">
        <ele>1111.85</ele>
      </trkpt>
      <trkpt lat="-22.388575" lon="-44.936602">
        <ele>1111.36</ele>
      </trkpt>
      <trkpt lat="-22.388547" lon="-44.93661">
        <ele>1110.87</ele>
      </trkpt>
      <trkpt lat="-22.388519" lon="-44.936615">
        <ele>1110.37</ele>
      </trkpt>
      <trkpt lat="-22.388491" lon="-44.93662">
        <ele>1109.88</ele>
      </trkpt>
      <trkpt lat="-22.388463" lon="-44.936626">
        <ele>1109.36</ele>
      </trkpt>
      <trkpt lat="-22.388435" lon="-44.936631">
        <ele>1108.83</ele>
      </trkpt>
      <trkpt lat="-22.388407" lon="-44.936638">
        <ele>1108.3</ele>
      </trkpt>
      <trkpt lat="-22.38838" lon="-44.936644">
        <ele>1107.77</ele>
      </trkpt>
      <trkpt lat="-22.388352" lon="-44.936652">
        <ele>1107.24</ele>
      </trkpt>
      <trkpt lat="-22.388324" lon="-44.936661">
        <ele>1106.73</ele>
      </trkpt>
      <trkpt lat="-22.388294" lon="-44.936672">
        <ele>1106.22</ele>
      </trkpt>
      <trkpt lat="-22.388263" lon="-44.936683">
        <ele>1105.71</ele>
      </trkpt>
      <trkpt lat="-22.388232" lon="-44.936696">
        <ele>1105.19</ele>
      </trkpt>
      <trkpt lat="-22.388201" lon="-44.93671">
        <ele>1104.68</ele>
      </trkpt>
      <trkpt lat="-22.38817" lon="-44.936721">
        <ele>1104.1</ele>
      </trkpt>
      <trkpt lat="-22.38814" lon="-44.936733">
        <ele>1103.51</ele>
      </trkpt>
      <trkpt lat="-22.388109" lon="-44.93674">
        <ele>1102.93</ele>
      </trkpt>
      <trkpt lat="-22.388078" lon="-44.936747">
        <ele>1102.34</ele>
      </trkpt>
      <trkpt lat="-22.388046" lon="-44.936753">
        <ele>1101.76</ele>
      </trkpt>
      <trkpt lat="-22.388014" lon="-44.936758">
        <ele>1101.07</ele>
      </trkpt>
      <trkpt lat="-22.387982" lon="-44.936766">
        <ele>1100.38</ele>
      </trkpt>
      <trkpt lat="-22.38795" lon="-44.936774">
        <ele>1099.7</ele>
      </trkpt>
      <trkpt lat="-22.387916" lon="-44.936785">
        <ele>1099.01</ele>
      </trkpt>
      <trkpt lat="-22.387883" lon="-44.936796">
        <ele>1098.32</ele>
      </trkpt>
      <trkpt lat="-22.38785" lon="-44.936809">
        <ele>1097.6</ele>
      </trkpt>
      <trkpt lat="-22.387818" lon="-44.936821">
        <ele>1096.87</ele>
      </trkpt>
      <trkpt lat="-22.387786" lon="-44.936833">
        <ele>1096.15</ele>
      </trkpt>
      <trkpt lat="-22.387754" lon="-44.936845">
        <ele>1095.42</ele>
      </trkpt>
      <trkpt lat="-22.387725" lon="-44.936857">
        <ele>1094.82</ele>
      </trkpt>
      <trkpt lat="-22.387696" lon="-44.936868">
        <ele>1094.22</ele>
      </trkpt>
      <trkpt lat="-22.38767" lon="-44.936876">
        <ele>1093.62</ele>
      </trkpt>
      <trkpt lat="-22.387644" lon="-44.936884">
        <ele>1093.02</ele>
      </trkpt>
      <trkpt lat="-22.387625" lon="-44.936887">
        <ele>1092.41</ele>
      </trkpt>
      <trkpt lat="-22.387605" lon="-44.936891">
        <ele>1092.42</ele>
      </trkpt>
      <trkpt lat="-22.387605" lon="-44.936891">
        <ele>1092.42</ele>
      </trkpt>
      <trkpt lat="-22.387605" lon="-44.936891">
        <ele>1092.42</ele>
      </trkpt>
      <trkpt lat="-22.387605" lon="-44.936891">
        <ele>1092.42</ele>
      </trkpt>
      <trkpt lat="-22.387605" lon="-44.936891">
        <ele>1092.43</ele>
      </trkpt>
      <trkpt lat="-22.387605" lon="-44.936891">
        <ele>1092.43</ele>
      </trkpt>
      <trkpt lat="-22.387605" lon="-44.936891">
        <ele>1092.43</ele>
      </trkpt>
      <trkpt lat="-22.387605" lon="-44.936891">
        <ele>1092.43</ele>
      </trkpt>
      <trkpt lat="-22.387605" lon="-44.936891">
        <ele>1092.44</ele>
      </trkpt>
      <trkpt lat="-22.387605" lon="-44.936891">
        <ele>1092.44</ele>
      </trkpt>
      <trkpt lat="-22.387605" lon="-44.936891">
        <ele>1092.44</ele>
      </trkpt>
      <trkpt lat="-22.387605" lon="-44.936891">
        <ele>1092.44</ele>
      </trkpt>
      <trkpt lat="-22.387605" lon="-44.936891">
        <ele>1092.44</ele>
      </trkpt>
      <trkpt lat="-22.387605" lon="-44.936891">
        <ele>1092.45</ele>
      </trkpt>
      <trkpt lat="-22.387605" lon="-44.936891">
        <ele>1092.45</ele>
      </trkpt>
      <trkpt lat="-22.387605" lon="-44.936891">
        <ele>1092.45</ele>
      </trkpt>
      <trkpt lat="-22.387605" lon="-44.936891">
        <ele>1092.45</ele>
      </trkpt>
      <trkpt lat="-22.387605" lon="-44.936891">
        <ele>1092.46</ele>
      </trkpt>
      <trkpt lat="-22.387605" lon="-44.936891">
        <ele>1092.46</ele>
      </trkpt>
      <trkpt lat="-22.387605" lon="-44.936891">
        <ele>1092.46</ele>
      </trkpt>
      <trkpt lat="-22.387605" lon="-44.936891">
        <ele>1092.46</ele>
      </trkpt>
      <trkpt lat="-22.387605" lon="-44.936891">
        <ele>1092.47</ele>
      </trkpt>
      <trkpt lat="-22.387605" lon="-44.936891">
        <ele>1092.47</ele>
      </trkpt>
      <trkpt lat="-22.387605" lon="-44.936891">
        <ele>1092.47</ele>
      </trkpt>
      <trkpt lat="-22.387605" lon="-44.936891">
        <ele>1092.47</ele>
      </trkpt>
      <trkpt lat="-22.387605" lon="-44.936891">
        <ele>1092.48</ele>
      </trkpt>
      <trkpt lat="-22.387605" lon="-44.936891">
        <ele>1092.48</ele>
      </trkpt>
      <trkpt lat="-22.387605" lon="-44.936891">
        <ele>1092.48</ele>
      </trkpt>
      <trkpt lat="-22.387605" lon="-44.936891">
        <ele>1092.48</ele>
      </trkpt>
      <trkpt lat="-22.387605" lon="-44.936891">
        <ele>1092.49</ele>
      </trkpt>
      <trkpt lat="-22.387605" lon="-44.936891">
        <ele>1092.49</ele>
      </trkpt>
      <trkpt lat="-22.387605" lon="-44.936891">
        <ele>1092.49</ele>
      </trkpt>
      <trkpt lat="-22.387605" lon="-44.936891">
        <ele>1092.49</ele>
      </trkpt>
      <trkpt lat="-22.387605" lon="-44.936891">
        <ele>1092.5</ele>
      </trkpt>
      <trkpt lat="-22.387605" lon="-44.936891">
        <ele>1092.5</ele>
      </trkpt>
      <trkpt lat="-22.387605" lon="-44.936891">
        <ele>1092.5</ele>
      </trkpt>
      <trkpt lat="-22.387605" lon="-44.936891">
        <ele>1092.5</ele>
      </trkpt>
      <trkpt lat="-22.387605" lon="-44.936891">
        <ele>1092.51</ele>
      </trkpt>
      <trkpt lat="-22.387605" lon="-44.936891">
        <ele>1092.51</ele>
      </trkpt>
      <trkpt lat="-22.387605" lon="-44.936891">
        <ele>1092.51</ele>
      </trkpt>
      <trkpt lat="-22.387605" lon="-44.936891">
        <ele>1092.51</ele>
      </trkpt>
      <trkpt lat="-22.387605" lon="-44.936891">
        <ele>1092.51</ele>
      </trkpt>
      <trkpt lat="-22.387605" lon="-44.936891">
        <ele>1092.52</ele>
      </trkpt>
      <trkpt lat="-22.387605" lon="-44.936891">
        <ele>1092.52</ele>
      </trkpt>
      <trkpt lat="-22.387605" lon="-44.936891">
        <ele>1092.52</ele>
      </trkpt>
      <trkpt lat="-22.387605" lon="-44.936891">
        <ele>1092.52</ele>
      </trkpt>
      <trkpt lat="-22.387605" lon="-44.936891">
        <ele>1092.53</ele>
      </trkpt>
      <trkpt lat="-22.387605" lon="-44.936891">
        <ele>1092.53</ele>
      </trkpt>
      <trkpt lat="-22.387605" lon="-44.936891">
        <ele>1092.53</ele>
      </trkpt>
      <trkpt lat="-22.387605" lon="-44.936891">
        <ele>1092.53</ele>
      </trkpt>
      <trkpt lat="-22.387605" lon="-44.936891">
        <ele>1092.54</ele>
      </trkpt>
      <trkpt lat="-22.387605" lon="-44.936891">
        <ele>1092.54</ele>
      </trkpt>
      <trkpt lat="-22.387605" lon="-44.936891">
        <ele>1092.54</ele>
      </trkpt>
      <trkpt lat="-22.387605" lon="-44.936891">
        <ele>1092.54</ele>
      </trkpt>
      <trkpt lat="-22.387605" lon="-44.936891">
        <ele>1092.55</ele>
      </trkpt>
      <trkpt lat="-22.387605" lon="-44.936891">
        <ele>1092.55</ele>
      </trkpt>
      <trkpt lat="-22.387605" lon="-44.936891">
        <ele>1092.55</ele>
      </trkpt>
      <trkpt lat="-22.387605" lon="-44.936891">
        <ele>1092.55</ele>
      </trkpt>
      <trkpt lat="-22.387605" lon="-44.936891">
        <ele>1092.56</ele>
      </trkpt>
      <trkpt lat="-22.387605" lon="-44.936891">
        <ele>1092.56</ele>
      </trkpt>
      <trkpt lat="-22.387605" lon="-44.936891">
        <ele>1092.56</ele>
      </trkpt>
      <trkpt lat="-22.387605" lon="-44.936891">
        <ele>1092.56</ele>
      </trkpt>
      <trkpt lat="-22.387605" lon="-44.936891">
        <ele>1092.57</ele>
      </trkpt>
      <trkpt lat="-22.387605" lon="-44.936891">
        <ele>1092.57</ele>
      </trkpt>
      <trkpt lat="-22.387605" lon="-44.936891">
        <ele>1092.57</ele>
      </trkpt>
      <trkpt lat="-22.387605" lon="-44.936891">
        <ele>1092.57</ele>
      </trkpt>
      <trkpt lat="-22.387605" lon="-44.936891">
        <ele>1092.58</ele>
      </trkpt>
      <trkpt lat="-22.387605" lon="-44.936891">
        <ele>1092.58</ele>
      </trkpt>
      <trkpt lat="-22.387605" lon="-44.936891">
        <ele>1092.58</ele>
      </trkpt>
      <trkpt lat="-22.387605" lon="-44.936891">
        <ele>1092.58</ele>
      </trkpt>
      <trkpt lat="-22.387605" lon="-44.936891">
        <ele>1092.58</ele>
      </trkpt>
      <trkpt lat="-22.387605" lon="-44.936891">
        <ele>1092.59</ele>
      </trkpt>
      <trkpt lat="-22.387605" lon="-44.936891">
        <ele>1092.59</ele>
      </trkpt>
      <trkpt lat="-22.387605" lon="-44.936891">
        <ele>1092.59</ele>
      </trkpt>
      <trkpt lat="-22.387605" lon="-44.936891">
        <ele>1092.59</ele>
      </trkpt>
      <trkpt lat="-22.387605" lon="-44.936891">
        <ele>1092.6</ele>
      </trkpt>
      <trkpt lat="-22.387605" lon="-44.936891">
        <ele>1092.6</ele>
      </trkpt>
      <trkpt lat="-22.387605" lon="-44.936891">
        <ele>1092.6</ele>
      </trkpt>
      <trkpt lat="-22.387605" lon="-44.936891">
        <ele>1092.6</ele>
      </trkpt>
      <trkpt lat="-22.387605" lon="-44.936891">
        <ele>1092.61</ele>
      </trkpt>
      <trkpt lat="-22.387605" lon="-44.936891">
        <ele>1092.61</ele>
      </trkpt>
      <trkpt lat="-22.387605" lon="-44.936891">
        <ele>1092.61</ele>
      </trkpt>
      <trkpt lat="-22.387605" lon="-44.936891">
        <ele>1092.61</ele>
      </trkpt>
      <trkpt lat="-22.387605" lon="-44.936891">
        <ele>1092.62</ele>
      </trkpt>
      <trkpt lat="-22.387605" lon="-44.936891">
        <ele>1092.62</ele>
      </trkpt>
      <trkpt lat="-22.387605" lon="-44.936891">
        <ele>1092.62</ele>
      </trkpt>
      <trkpt lat="-22.387605" lon="-44.936891">
        <ele>1092.62</ele>
      </trkpt>
      <trkpt lat="-22.387605" lon="-44.936891">
        <ele>1092.63</ele>
      </trkpt>
      <trkpt lat="-22.387605" lon="-44.936891">
        <ele>1092.63</ele>
      </trkpt>
      <trkpt lat="-22.387605" lon="-44.936891">
        <ele>1092.63</ele>
      </trkpt>
      <trkpt lat="-22.387605" lon="-44.936891">
        <ele>1092.63</ele>
      </trkpt>
      <trkpt lat="-22.387605" lon="-44.936891">
        <ele>1092.64</ele>
      </trkpt>
      <trkpt lat="-22.387605" lon="-44.936891">
        <ele>1092.64</ele>
      </trkpt>
      <trkpt lat="-22.387605" lon="-44.936891">
        <ele>1092.64</ele>
      </trkpt>
      <trkpt lat="-22.387605" lon="-44.936891">
        <ele>1092.64</ele>
      </trkpt>
      <trkpt lat="-22.387605" lon="-44.936891">
        <ele>1092.65</ele>
      </trkpt>
      <trkpt lat="-22.387605" lon="-44.936891">
        <ele>1092.65</ele>
      </trkpt>
      <trkpt lat="-22.387605" lon="-44.936891">
        <ele>1092.65</ele>
      </trkpt>
      <trkpt lat="-22.387605" lon="-44.936891">
        <ele>1092.65</ele>
      </trkpt>
      <trkpt lat="-22.387605" lon="-44.936891">
        <ele>1092.66</ele>
      </trkpt>
      <trkpt lat="-22.387605" lon="-44.936891">
        <ele>1092.66</ele>
      </trkpt>
      <trkpt lat="-22.387605" lon="-44.936891">
        <ele>1092.66</ele>
      </trkpt>
      <trkpt lat="-22.387605" lon="-44.936891">
        <ele>1092.66</ele>
      </trkpt>
      <trkpt lat="-22.387605" lon="-44.936891">
        <ele>1092.66</ele>
      </trkpt>
      <trkpt lat="-22.387605" lon="-44.936891">
        <ele>1092.67</ele>
      </trkpt>
      <trkpt lat="-22.387605" lon="-44.936891">
        <ele>1092.67</ele>
      </trkpt>
      <trkpt lat="-22.387605" lon="-44.936891">
        <ele>1092.67</ele>
      </trkpt>
      <trkpt lat="-22.387605" lon="-44.936891">
        <ele>1092.67</ele>
      </trkpt>
      <trkpt lat="-22.387605" lon="-44.936891">
        <ele>1092.68</ele>
      </trkpt>
      <trkpt lat="-22.387605" lon="-44.936891">
        <ele>1092.68</ele>
      </trkpt>
      <trkpt lat="-22.387605" lon="-44.936891">
        <ele>1092.68</ele>
      </trkpt>
      <trkpt lat="-22.387605" lon="-44.936891">
        <ele>1092.68</ele>
      </trkpt>
      <trkpt lat="-22.387605" lon="-44.936891">
        <ele>1092.69</ele>
      </trkpt>
      <trkpt lat="-22.387605" lon="-44.936891">
        <ele>1092.69</ele>
      </trkpt>
      <trkpt lat="-22.387605" lon="-44.936891">
        <ele>1092.69</ele>
      </trkpt>
      <trkpt lat="-22.387605" lon="-44.936891">
        <ele>1092.69</ele>
      </trkpt>
      <trkpt lat="-22.387605" lon="-44.936891">
        <ele>1092.7</ele>
      </trkpt>
      <trkpt lat="-22.387605" lon="-44.936891">
        <ele>1092.7</ele>
      </trkpt>
      <trkpt lat="-22.387605" lon="-44.936891">
        <ele>1092.7</ele>
      </trkpt>
      <trkpt lat="-22.387605" lon="-44.936891">
        <ele>1092.7</ele>
      </trkpt>
      <trkpt lat="-22.387605" lon="-44.936891">
        <ele>1092.71</ele>
      </trkpt>
      <trkpt lat="-22.387605" lon="-44.936891">
        <ele>1092.71</ele>
      </trkpt>
      <trkpt lat="-22.387605" lon="-44.936891">
        <ele>1092.71</ele>
      </trkpt>
      <trkpt lat="-22.387605" lon="-44.936891">
        <ele>1092.71</ele>
      </trkpt>
      <trkpt lat="-22.387605" lon="-44.936891">
        <ele>1092.72</ele>
      </trkpt>
      <trkpt lat="-22.387605" lon="-44.936891">
        <ele>1092.72</ele>
      </trkpt>
      <trkpt lat="-22.387605" lon="-44.936891">
        <ele>1092.72</ele>
      </trkpt>
      <trkpt lat="-22.387605" lon="-44.936891">
        <ele>1092.72</ele>
      </trkpt>
      <trkpt lat="-22.387605" lon="-44.936891">
        <ele>1092.73</ele>
      </trkpt>
      <trkpt lat="-22.387605" lon="-44.936891">
        <ele>1092.73</ele>
      </trkpt>
      <trkpt lat="-22.387605" lon="-44.936891">
        <ele>1092.73</ele>
      </trkpt>
      <trkpt lat="-22.387605" lon="-44.936891">
        <ele>1092.73</ele>
      </trkpt>
      <trkpt lat="-22.387605" lon="-44.936891">
        <ele>1092.73</ele>
      </trkpt>
      <trkpt lat="-22.387605" lon="-44.936891">
        <ele>1092.74</ele>
      </trkpt>
      <trkpt lat="-22.387605" lon="-44.936891">
        <ele>1092.74</ele>
      </trkpt>
      <trkpt lat="-22.387605" lon="-44.936891">
        <ele>1092.74</ele>
      </trkpt>
      <trkpt lat="-22.387605" lon="-44.936891">
        <ele>1092.74</ele>
      </trkpt>
      <trkpt lat="-22.387605" lon="-44.936891">
        <ele>1092.75</ele>
      </trkpt>
      <trkpt lat="-22.387605" lon="-44.936891">
        <ele>1092.75</ele>
      </trkpt>
      <trkpt lat="-22.387605" lon="-44.936891">
        <ele>1092.75</ele>
      </trkpt>
      <trkpt lat="-22.387605" lon="-44.936891">
        <ele>1092.75</ele>
      </trkpt>
      <trkpt lat="-22.387605" lon="-44.936891">
        <ele>1092.76</ele>
      </trkpt>
      <trkpt lat="-22.387605" lon="-44.936891">
        <ele>1092.76</ele>
      </trkpt>
      <trkpt lat="-22.387605" lon="-44.936891">
        <ele>1092.76</ele>
      </trkpt>
      <trkpt lat="-22.387605" lon="-44.936891">
        <ele>1092.76</ele>
      </trkpt>
      <trkpt lat="-22.387605" lon="-44.936891">
        <ele>1092.77</ele>
      </trkpt>
      <trkpt lat="-22.387605" lon="-44.936891">
        <ele>1092.77</ele>
      </trkpt>
      <trkpt lat="-22.387605" lon="-44.936891">
        <ele>1092.77</ele>
      </trkpt>
      <trkpt lat="-22.387605" lon="-44.936891">
        <ele>1092.77</ele>
      </trkpt>
      <trkpt lat="-22.387605" lon="-44.936891">
        <ele>1092.78</ele>
      </trkpt>
      <trkpt lat="-22.387605" lon="-44.936891">
        <ele>1092.78</ele>
      </trkpt>
      <trkpt lat="-22.387605" lon="-44.936891">
        <ele>1092.78</ele>
      </trkpt>
      <trkpt lat="-22.387605" lon="-44.936891">
        <ele>1092.78</ele>
      </trkpt>
      <trkpt lat="-22.387605" lon="-44.936891">
        <ele>1092.79</ele>
      </trkpt>
      <trkpt lat="-22.387605" lon="-44.936891">
        <ele>1092.79</ele>
      </trkpt>
      <trkpt lat="-22.387605" lon="-44.936891">
        <ele>1092.79</ele>
      </trkpt>
      <trkpt lat="-22.387605" lon="-44.936891">
        <ele>1092.79</ele>
      </trkpt>
      <trkpt lat="-22.387605" lon="-44.936891">
        <ele>1092.8</ele>
      </trkpt>
      <trkpt lat="-22.387605" lon="-44.936891">
        <ele>1092.8</ele>
      </trkpt>
      <trkpt lat="-22.387605" lon="-44.936891">
        <ele>1092.8</ele>
      </trkpt>
      <trkpt lat="-22.387605" lon="-44.936891">
        <ele>1092.8</ele>
      </trkpt>
      <trkpt lat="-22.387605" lon="-44.936891">
        <ele>1092.8</ele>
      </trkpt>
      <trkpt lat="-22.387605" lon="-44.936891">
        <ele>1092.81</ele>
      </trkpt>
      <trkpt lat="-22.387605" lon="-44.936891">
        <ele>1092.81</ele>
      </trkpt>
      <trkpt lat="-22.387605" lon="-44.936891">
        <ele>1092.81</ele>
      </trkpt>
      <trkpt lat="-22.387605" lon="-44.936891">
        <ele>1092.81</ele>
      </trkpt>
      <trkpt lat="-22.387605" lon="-44.936891">
        <ele>1092.82</ele>
      </trkpt>
      <trkpt lat="-22.387605" lon="-44.936891">
        <ele>1092.82</ele>
      </trkpt>
      <trkpt lat="-22.387605" lon="-44.936891">
        <ele>1092.82</ele>
      </trkpt>
      <trkpt lat="-22.387605" lon="-44.936891">
        <ele>1092.82</ele>
      </trkpt>
      <trkpt lat="-22.387605" lon="-44.936891">
        <ele>1092.83</ele>
      </trkpt>
      <trkpt lat="-22.387605" lon="-44.936891">
        <ele>1092.83</ele>
      </trkpt>
      <trkpt lat="-22.387605" lon="-44.936891">
        <ele>1092.83</ele>
      </trkpt>
      <trkpt lat="-22.387605" lon="-44.936891">
        <ele>1092.83</ele>
      </trkpt>
      <trkpt lat="-22.387605" lon="-44.936891">
        <ele>1092.84</ele>
      </trkpt>
      <trkpt lat="-22.387605" lon="-44.936891">
        <ele>1092.84</ele>
      </trkpt>
      <trkpt lat="-22.387605" lon="-44.936891">
        <ele>1092.84</ele>
      </trkpt>
      <trkpt lat="-22.387605" lon="-44.936891">
        <ele>1092.84</ele>
      </trkpt>
      <trkpt lat="-22.387605" lon="-44.936891">
        <ele>1092.85</ele>
      </trkpt>
      <trkpt lat="-22.387605" lon="-44.936891">
        <ele>1092.85</ele>
      </trkpt>
      <trkpt lat="-22.387605" lon="-44.936891">
        <ele>1092.85</ele>
      </trkpt>
      <trkpt lat="-22.387605" lon="-44.936891">
        <ele>1092.85</ele>
      </trkpt>
      <trkpt lat="-22.387605" lon="-44.936891">
        <ele>1092.86</ele>
      </trkpt>
      <trkpt lat="-22.387605" lon="-44.936891">
        <ele>1092.86</ele>
      </trkpt>
      <trkpt lat="-22.387605" lon="-44.936891">
        <ele>1092.86</ele>
      </trkpt>
      <trkpt lat="-22.387605" lon="-44.936891">
        <ele>1092.86</ele>
      </trkpt>
      <trkpt lat="-22.387605" lon="-44.936891">
        <ele>1092.87</ele>
      </trkpt>
      <trkpt lat="-22.387605" lon="-44.936891">
        <ele>1092.87</ele>
      </trkpt>
      <trkpt lat="-22.387605" lon="-44.936891">
        <ele>1092.87</ele>
      </trkpt>
      <trkpt lat="-22.387605" lon="-44.936891">
        <ele>1092.87</ele>
      </trkpt>
      <trkpt lat="-22.387605" lon="-44.936891">
        <ele>1092.87</ele>
      </trkpt>
      <trkpt lat="-22.387605" lon="-44.936891">
        <ele>1092.88</ele>
      </trkpt>
      <trkpt lat="-22.387605" lon="-44.936891">
        <ele>1092.88</ele>
      </trkpt>
      <trkpt lat="-22.387605" lon="-44.936891">
        <ele>1092.88</ele>
      </trkpt>
      <trkpt lat="-22.387605" lon="-44.936891">
        <ele>1092.88</ele>
      </trkpt>
      <trkpt lat="-22.387605" lon="-44.936891">
        <ele>1092.89</ele>
      </trkpt>
      <trkpt lat="-22.387605" lon="-44.936891">
        <ele>1092.89</ele>
      </trkpt>
      <trkpt lat="-22.387605" lon="-44.936891">
        <ele>1092.89</ele>
      </trkpt>
      <trkpt lat="-22.387605" lon="-44.936891">
        <ele>1092.89</ele>
      </trkpt>
      <trkpt lat="-22.387605" lon="-44.936891">
        <ele>1092.9</ele>
      </trkpt>
      <trkpt lat="-22.387605" lon="-44.936891">
        <ele>1092.9</ele>
      </trkpt>
      <trkpt lat="-22.387605" lon="-44.936891">
        <ele>1092.9</ele>
      </trkpt>
      <trkpt lat="-22.387605" lon="-44.936891">
        <ele>1092.9</ele>
      </trkpt>
      <trkpt lat="-22.387605" lon="-44.936891">
        <ele>1092.91</ele>
      </trkpt>
      <trkpt lat="-22.387605" lon="-44.936891">
        <ele>1092.91</ele>
      </trkpt>
      <trkpt lat="-22.387605" lon="-44.936891">
        <ele>1092.91</ele>
      </trkpt>
      <trkpt lat="-22.387605" lon="-44.936891">
        <ele>1092.91</ele>
      </trkpt>
      <trkpt lat="-22.387605" lon="-44.936891">
        <ele>1092.92</ele>
      </trkpt>
      <trkpt lat="-22.387605" lon="-44.936891">
        <ele>1092.92</ele>
      </trkpt>
      <trkpt lat="-22.387605" lon="-44.936891">
        <ele>1092.92</ele>
      </trkpt>
      <trkpt lat="-22.387605" lon="-44.936891">
        <ele>1092.92</ele>
      </trkpt>
      <trkpt lat="-22.387605" lon="-44.936891">
        <ele>1092.93</ele>
      </trkpt>
      <trkpt lat="-22.387605" lon="-44.936891">
        <ele>1092.93</ele>
      </trkpt>
      <trkpt lat="-22.387605" lon="-44.936891">
        <ele>1092.93</ele>
      </trkpt>
      <trkpt lat="-22.387605" lon="-44.936891">
        <ele>1092.93</ele>
      </trkpt>
      <trkpt lat="-22.387605" lon="-44.936891">
        <ele>1092.94</ele>
      </trkpt>
      <trkpt lat="-22.387605" lon="-44.936891">
        <ele>1092.94</ele>
      </trkpt>
      <trkpt lat="-22.387605" lon="-44.936891">
        <ele>1092.94</ele>
      </trkpt>
      <trkpt lat="-22.387605" lon="-44.936891">
        <ele>1092.94</ele>
      </trkpt>
      <trkpt lat="-22.387605" lon="-44.936891">
        <ele>1092.95</ele>
      </trkpt>
      <trkpt lat="-22.387605" lon="-44.936891">
        <ele>1092.95</ele>
      </trkpt>
      <trkpt lat="-22.387605" lon="-44.936891">
        <ele>1092.95</ele>
      </trkpt>
      <trkpt lat="-22.387605" lon="-44.936891">
        <ele>1092.95</ele>
      </trkpt>
      <trkpt lat="-22.387605" lon="-44.936891">
        <ele>1092.95</ele>
      </trkpt>
      <trkpt lat="-22.387605" lon="-44.936891">
        <ele>1092.96</ele>
      </trkpt>
      <trkpt lat="-22.387605" lon="-44.936891">
        <ele>1092.96</ele>
      </trkpt>
      <trkpt lat="-22.387605" lon="-44.936891">
        <ele>1092.96</ele>
      </trkpt>
      <trkpt lat="-22.387605" lon="-44.936891">
        <ele>1092.96</ele>
      </trkpt>
      <trkpt lat="-22.387605" lon="-44.936891">
        <ele>1092.97</ele>
      </trkpt>
      <trkpt lat="-22.387605" lon="-44.936891">
        <ele>1092.97</ele>
      </trkpt>
      <trkpt lat="-22.387605" lon="-44.936891">
        <ele>1092.97</ele>
      </trkpt>
      <trkpt lat="-22.387605" lon="-44.936891">
        <ele>1092.97</ele>
      </trkpt>
      <trkpt lat="-22.387605" lon="-44.936891">
        <ele>1092.98</ele>
      </trkpt>
      <trkpt lat="-22.387605" lon="-44.936891">
        <ele>1092.98</ele>
      </trkpt>
      <trkpt lat="-22.387605" lon="-44.936891">
        <ele>1092.98</ele>
      </trkpt>
      <trkpt lat="-22.387605" lon="-44.936891">
        <ele>1092.98</ele>
      </trkpt>
      <trkpt lat="-22.387605" lon="-44.936891">
        <ele>1092.99</ele>
      </trkpt>
      <trkpt lat="-22.387605" lon="-44.936891">
        <ele>1092.99</ele>
      </trkpt>
      <trkpt lat="-22.387605" lon="-44.936891">
        <ele>1092.99</ele>
      </trkpt>
      <trkpt lat="-22.387605" lon="-44.936891">
        <ele>1092.99</ele>
      </trkpt>
      <trkpt lat="-22.387605" lon="-44.936891">
        <ele>1093</ele>
      </trkpt>
      <trkpt lat="-22.387605" lon="-44.936891">
        <ele>1093</ele>
      </trkpt>
      <trkpt lat="-22.387605" lon="-44.936891">
        <ele>1093</ele>
      </trkpt>
      <trkpt lat="-22.387605" lon="-44.936891">
        <ele>1093</ele>
      </trkpt>
      <trkpt lat="-22.387605" lon="-44.936891">
        <ele>1093.01</ele>
      </trkpt>
      <trkpt lat="-22.387605" lon="-44.936891">
        <ele>1093.01</ele>
      </trkpt>
      <trkpt lat="-22.387605" lon="-44.936891">
        <ele>1093.01</ele>
      </trkpt>
      <trkpt lat="-22.387605" lon="-44.936891">
        <ele>1093.01</ele>
      </trkpt>
      <trkpt lat="-22.387605" lon="-44.936891">
        <ele>1093.02</ele>
      </trkpt>
      <trkpt lat="-22.387605" lon="-44.936891">
        <ele>1093.02</ele>
      </trkpt>
      <trkpt lat="-22.387605" lon="-44.936891">
        <ele>1093.02</ele>
      </trkpt>
      <trkpt lat="-22.387605" lon="-44.936891">
        <ele>1093.02</ele>
      </trkpt>
      <trkpt lat="-22.387605" lon="-44.936891">
        <ele>1093.02</ele>
      </trkpt>
      <trkpt lat="-22.387605" lon="-44.936891">
        <ele>1093.03</ele>
      </trkpt>
      <trkpt lat="-22.387605" lon="-44.936891">
        <ele>1093.03</ele>
      </trkpt>
      <trkpt lat="-22.387605" lon="-44.936891">
        <ele>1093.03</ele>
      </trkpt>
      <trkpt lat="-22.387605" lon="-44.936891">
        <ele>1093.03</ele>
      </trkpt>
      <trkpt lat="-22.387605" lon="-44.936891">
        <ele>1093.04</ele>
      </trkpt>
      <trkpt lat="-22.387605" lon="-44.936891">
        <ele>1093.04</ele>
      </trkpt>
      <trkpt lat="-22.387595" lon="-44.936902">
        <ele>1093.04</ele>
      </trkpt>
      <trkpt lat="-22.387591" lon="-44.93691">
        <ele>1093.04</ele>
      </trkpt>
      <trkpt lat="-22.387586" lon="-44.936917">
        <ele>1093.05</ele>
      </trkpt>
      <trkpt lat="-22.387585" lon="-44.936924">
        <ele>1093.05</ele>
      </trkpt>
      <trkpt lat="-22.387584" lon="-44.936931">
        <ele>1093.05</ele>
      </trkpt>
      <trkpt lat="-22.387584" lon="-44.936939">
        <ele>1093.05</ele>
      </trkpt>
      <trkpt lat="-22.387583" lon="-44.936947">
        <ele>1093.06</ele>
      </trkpt>
      <trkpt lat="-22.387584" lon="-44.936957">
        <ele>1093.06</ele>
      </trkpt>
      <trkpt lat="-22.387584" lon="-44.936967">
        <ele>1093.06</ele>
      </trkpt>
      <trkpt lat="-22.387585" lon="-44.936977">
        <ele>1093.06</ele>
      </trkpt>
      <trkpt lat="-22.387585" lon="-44.936986">
        <ele>1093.07</ele>
      </trkpt>
      <trkpt lat="-22.387586" lon="-44.936995">
        <ele>1093.07</ele>
      </trkpt>
      <trkpt lat="-22.387588" lon="-44.937004">
        <ele>1093.07</ele>
      </trkpt>
      <trkpt lat="-22.387589" lon="-44.937013">
        <ele>1093.07</ele>
      </trkpt>
      <trkpt lat="-22.387591" lon="-44.937021">
        <ele>1093.25</ele>
      </trkpt>
      <trkpt lat="-22.387593" lon="-44.937031">
        <ele>1093.42</ele>
      </trkpt>
      <trkpt lat="-22.387596" lon="-44.93704">
        <ele>1093.59</ele>
      </trkpt>
      <trkpt lat="-22.387599" lon="-44.937051">
        <ele>1093.77</ele>
      </trkpt>
      <trkpt lat="-22.387603" lon="-44.937061">
        <ele>1093.94</ele>
      </trkpt>
      <trkpt lat="-22.387607" lon="-44.937073">
        <ele>1094.12</ele>
      </trkpt>
      <trkpt lat="-22.387611" lon="-44.937085">
        <ele>1094.29</ele>
      </trkpt>
      <trkpt lat="-22.387615" lon="-44.937098">
        <ele>1094.46</ele>
      </trkpt>
      <trkpt lat="-22.387618" lon="-44.937111">
        <ele>1094.64</ele>
      </trkpt>
      <trkpt lat="-22.387622" lon="-44.937125">
        <ele>1094.81</ele>
      </trkpt>
      <trkpt lat="-22.387626" lon="-44.937139">
        <ele>1094.99</ele>
      </trkpt>
      <trkpt lat="-22.38763" lon="-44.937153">
        <ele>1095.16</ele>
      </trkpt>
      <trkpt lat="-22.387635" lon="-44.937167">
        <ele>1095.21</ele>
      </trkpt>
      <trkpt lat="-22.38764" lon="-44.937181">
        <ele>1095.26</ele>
      </trkpt>
      <trkpt lat="-22.387645" lon="-44.937196">
        <ele>1095.32</ele>
      </trkpt>
      <trkpt lat="-22.387648" lon="-44.937211">
        <ele>1095.37</ele>
      </trkpt>
      <trkpt lat="-22.387652" lon="-44.937226">
        <ele>1095.42</ele>
      </trkpt>
      <trkpt lat="-22.387656" lon="-44.937241">
        <ele>1095.48</ele>
      </trkpt>
      <trkpt lat="-22.38766" lon="-44.937256">
        <ele>1095.53</ele>
      </trkpt>
      <trkpt lat="-22.387663" lon="-44.937269">
        <ele>1095.58</ele>
      </trkpt>
      <trkpt lat="-22.387667" lon="-44.937282">
        <ele>1095.63</ele>
      </trkpt>
      <trkpt lat="-22.387671" lon="-44.937294">
        <ele>1095.69</ele>
      </trkpt>
      <trkpt lat="-22.387675" lon="-44.937306">
        <ele>1095.74</ele>
      </trkpt>
      <trkpt lat="-22.387679" lon="-44.93732">
        <ele>1095.79</ele>
      </trkpt>
      <trkpt lat="-22.387683" lon="-44.937333">
        <ele>1095.84</ele>
      </trkpt>
      <trkpt lat="-22.387688" lon="-44.937347">
        <ele>1095.88</ele>
      </trkpt>
      <trkpt lat="-22.387692" lon="-44.937362">
        <ele>1095.93</ele>
      </trkpt>
      <trkpt lat="-22.387698" lon="-44.937377">
        <ele>1095.98</ele>
      </trkpt>
      <trkpt lat="-22.387703" lon="-44.937391">
        <ele>1096.03</ele>
      </trkpt>
      <trkpt lat="-22.38771" lon="-44.937406">
        <ele>1096.08</ele>
      </trkpt>
      <trkpt lat="-22.387717" lon="-44.937421">
        <ele>1096.13</ele>
      </trkpt>
      <trkpt lat="-22.387721" lon="-44.937435">
        <ele>1096.18</ele>
      </trkpt>
      <trkpt lat="-22.387726" lon="-44.93745">
        <ele>1096.13</ele>
      </trkpt>
      <trkpt lat="-22.387728" lon="-44.937464">
        <ele>1096.08</ele>
      </trkpt>
      <trkpt lat="-22.387731" lon="-44.937479">
        <ele>1096.03</ele>
      </trkpt>
      <trkpt lat="-22.387732" lon="-44.937494">
        <ele>1095.98</ele>
      </trkpt>
      <trkpt lat="-22.387733" lon="-44.937509">
        <ele>1095.93</ele>
      </trkpt>
      <trkpt lat="-22.387734" lon="-44.937525">
        <ele>1095.88</ele>
      </trkpt>
      <trkpt lat="-22.387735" lon="-44.937541">
        <ele>1095.83</ele>
      </trkpt>
      <trkpt lat="-22.387739" lon="-44.937562">
        <ele>1095.78</ele>
      </trkpt>
      <trkpt lat="-22.387743" lon="-44.937583">
        <ele>1095.73</ele>
      </trkpt>
      <trkpt lat="-22.387748" lon="-44.937609">
        <ele>1095.84</ele>
      </trkpt>
      <trkpt lat="-22.387754" lon="-44.937636">
        <ele>1095.95</ele>
      </trkpt>
      <trkpt lat="-22.387762" lon="-44.937664">
        <ele>1096.06</ele>
      </trkpt>
      <trkpt lat="-22.38777" lon="-44.937693">
        <ele>1096.18</ele>
      </trkpt>
      <trkpt lat="-22.38778" lon="-44.937722">
        <ele>1096.29</ele>
      </trkpt>
      <trkpt lat="-22.387791" lon="-44.937751">
        <ele>1096.4</ele>
      </trkpt>
      <trkpt lat="-22.3878" lon="-44.93778">
        <ele>1096.65</ele>
      </trkpt>
      <trkpt lat="-22.38781" lon="-44.937809">
        <ele>1096.9</ele>
      </trkpt>
      <trkpt lat="-22.387818" lon="-44.937839">
        <ele>1097.16</ele>
      </trkpt>
      <trkpt lat="-22.387826" lon="-44.937869">
        <ele>1097.41</ele>
      </trkpt>
      <trkpt lat="-22.387835" lon="-44.9379">
        <ele>1097.66</ele>
      </trkpt>
      <trkpt lat="-22.387844" lon="-44.937932">
        <ele>1097.81</ele>
      </trkpt>
      <trkpt lat="-22.387853" lon="-44.937965">
        <ele>1097.96</ele>
      </trkpt>
      <trkpt lat="-22.387862" lon="-44.937998">
        <ele>1098.11</ele>
      </trkpt>
      <trkpt lat="-22.387871" lon="-44.938031">
        <ele>1098.26</ele>
      </trkpt>
      <trkpt lat="-22.387879" lon="-44.938064">
        <ele>1098.41</ele>
      </trkpt>
      <trkpt lat="-22.387888" lon="-44.938096">
        <ele>1098.4</ele>
      </trkpt>
      <trkpt lat="-22.387896" lon="-44.938128">
        <ele>1098.39</ele>
      </trkpt>
      <trkpt lat="-22.387903" lon="-44.938161">
        <ele>1098.38</ele>
      </trkpt>
      <trkpt lat="-22.387911" lon="-44.938193">
        <ele>1098.37</ele>
      </trkpt>
      <trkpt lat="-22.387919" lon="-44.938224">
        <ele>1098.36</ele>
      </trkpt>
      <trkpt lat="-22.387927" lon="-44.938255">
        <ele>1098.29</ele>
      </trkpt>
      <trkpt lat="-22.387936" lon="-44.938284">
        <ele>1098.22</ele>
      </trkpt>
      <trkpt lat="-22.387946" lon="-44.938313">
        <ele>1098.15</ele>
      </trkpt>
      <trkpt lat="-22.387955" lon="-44.938341">
        <ele>1098.08</ele>
      </trkpt>
      <trkpt lat="-22.387964" lon="-44.938368">
        <ele>1098</ele>
      </trkpt>
      <trkpt lat="-22.387973" lon="-44.938395">
        <ele>1097.89</ele>
      </trkpt>
      <trkpt lat="-22.387981" lon="-44.938422">
        <ele>1097.78</ele>
      </trkpt>
      <trkpt lat="-22.38799" lon="-44.938449">
        <ele>1097.67</ele>
      </trkpt>
      <trkpt lat="-22.387998" lon="-44.938477">
        <ele>1097.56</ele>
      </trkpt>
      <trkpt lat="-22.388004" lon="-44.938505">
        <ele>1097.45</ele>
      </trkpt>
      <trkpt lat="-22.38801" lon="-44.938534">
        <ele>1097.34</ele>
      </trkpt>
      <trkpt lat="-22.388016" lon="-44.938562">
        <ele>1097.46</ele>
      </trkpt>
      <trkpt lat="-22.388021" lon="-44.93859">
        <ele>1097.58</ele>
      </trkpt>
      <trkpt lat="-22.38803" lon="-44.938617">
        <ele>1097.71</ele>
      </trkpt>
      <trkpt lat="-22.388039" lon="-44.938644">
        <ele>1097.83</ele>
      </trkpt>
      <trkpt lat="-22.38805" lon="-44.938669">
        <ele>1097.96</ele>
      </trkpt>
      <trkpt lat="-22.38806" lon="-44.938693">
        <ele>1098.08</ele>
      </trkpt>
      <trkpt lat="-22.388072" lon="-44.938713">
        <ele>1098.27</ele>
      </trkpt>
      <trkpt lat="-22.388085" lon="-44.938733">
        <ele>1098.45</ele>
      </trkpt>
      <trkpt lat="-22.388103" lon="-44.938748">
        <ele>1098.64</ele>
      </trkpt>
      <trkpt lat="-22.388121" lon="-44.938763">
        <ele>1098.83</ele>
      </trkpt>
      <trkpt lat="-22.388141" lon="-44.938773">
        <ele>1099.01</ele>
      </trkpt>
      <trkpt lat="-22.388161" lon="-44.938784">
        <ele>1099.2</ele>
      </trkpt>
      <trkpt lat="-22.388181" lon="-44.938792">
        <ele>1099.39</ele>
      </trkpt>
      <trkpt lat="-22.3882" lon="-44.938799">
        <ele>1099.61</ele>
      </trkpt>
      <trkpt lat="-22.388219" lon="-44.938806">
        <ele>1099.84</ele>
      </trkpt>
      <trkpt lat="-22.388237" lon="-44.938813">
        <ele>1100.07</ele>
      </trkpt>
      <trkpt lat="-22.388256" lon="-44.938819">
        <ele>1100.3</ele>
      </trkpt>
      <trkpt lat="-22.388274" lon="-44.938825">
        <ele>1100.52</ele>
      </trkpt>
      <trkpt lat="-22.388292" lon="-44.938832">
        <ele>1100.75</ele>
      </trkpt>
      <trkpt lat="-22.38831" lon="-44.938839">
        <ele>1100.98</ele>
      </trkpt>
      <trkpt lat="-22.388329" lon="-44.938844">
        <ele>1101.24</ele>
      </trkpt>
      <trkpt lat="-22.388347" lon="-44.938849">
        <ele>1101.5</ele>
      </trkpt>
      <trkpt lat="-22.388365" lon="-44.93885">
        <ele>1101.75</ele>
      </trkpt>
      <trkpt lat="-22.388383" lon="-44.938852">
        <ele>1102.01</ele>
      </trkpt>
      <trkpt lat="-22.388401" lon="-44.93885">
        <ele>1102.27</ele>
      </trkpt>
      <trkpt lat="-22.388418" lon="-44.938849">
        <ele>1102.53</ele>
      </trkpt>
      <trkpt lat="-22.388435" lon="-44.938845">
        <ele>1102.79</ele>
      </trkpt>
      <trkpt lat="-22.388452" lon="-44.938841">
        <ele>1103.05</ele>
      </trkpt>
      <trkpt lat="-22.388467" lon="-44.938836">
        <ele>1103.34</ele>
      </trkpt>
      <trkpt lat="-22.388483" lon="-44.938832">
        <ele>1103.63</ele>
      </trkpt>
      <trkpt lat="-22.388499" lon="-44.938827">
        <ele>1103.92</ele>
      </trkpt>
      <trkpt lat="-22.388515" lon="-44.938823">
        <ele>1104.21</ele>
      </trkpt>
      <trkpt lat="-22.388534" lon="-44.938819">
        <ele>1104.5</ele>
      </trkpt>
      <trkpt lat="-22.388552" lon="-44.938816">
        <ele>1104.79</ele>
      </trkpt>
      <trkpt lat="-22.388574" lon="-44.938813">
        <ele>1105.08</ele>
      </trkpt>
      <trkpt lat="-22.388596" lon="-44.93881">
        <ele>1105.37</ele>
      </trkpt>
      <trkpt lat="-22.388618" lon="-44.938808">
        <ele>1105.75</ele>
      </trkpt>
      <trkpt lat="-22.38864" lon="-44.938806">
        <ele>1106.13</ele>
      </trkpt>
      <trkpt lat="-22.388661" lon="-44.938805">
        <ele>1106.51</ele>
      </trkpt>
      <trkpt lat="-22.388683" lon="-44.938803">
        <ele>1106.88</ele>
      </trkpt>
      <trkpt lat="-22.388704" lon="-44.938803">
        <ele>1107.26</ele>
      </trkpt>
      <trkpt lat="-22.388725" lon="-44.938803">
        <ele>1107.64</ele>
      </trkpt>
      <trkpt lat="-22.388746" lon="-44.938802">
        <ele>1108.02</ele>
      </trkpt>
      <trkpt lat="-22.388767" lon="-44.938802">
        <ele>1108.23</ele>
      </trkpt>
      <trkpt lat="-22.388787" lon="-44.9388">
        <ele>1108.44</ele>
      </trkpt>
      <trkpt lat="-22.388807" lon="-44.938798">
        <ele>1108.65</ele>
      </trkpt>
      <trkpt lat="-22.388826" lon="-44.938795">
        <ele>1108.86</ele>
      </trkpt>
      <trkpt lat="-22.388845" lon="-44.938791">
        <ele>1109.07</ele>
      </trkpt>
      <trkpt lat="-22.388863" lon="-44.938787">
        <ele>1109.29</ele>
      </trkpt>
      <trkpt lat="-22.388881" lon="-44.938782">
        <ele>1109.5</ele>
      </trkpt>
      <trkpt lat="-22.388898" lon="-44.938776">
        <ele>1109.65</ele>
      </trkpt>
      <trkpt lat="-22.388915" lon="-44.93877">
        <ele>1109.79</ele>
      </trkpt>
      <trkpt lat="-22.388931" lon="-44.938761">
        <ele>1109.94</ele>
      </trkpt>
      <trkpt lat="-22.388949" lon="-44.938753">
        <ele>1110.09</ele>
      </trkpt>
      <trkpt lat="-22.388965" lon="-44.938745">
        <ele>1110.24</ele>
      </trkpt>
      <trkpt lat="-22.388981" lon="-44.938737">
        <ele>1110.39</ele>
      </trkpt>
      <trkpt lat="-22.388996" lon="-44.938733">
        <ele>1110.53</ele>
      </trkpt>
      <trkpt lat="-22.389011" lon="-44.938729">
        <ele>1110.68</ele>
      </trkpt>
      <trkpt lat="-22.389024" lon="-44.938726">
        <ele>1110.76</ele>
      </trkpt>
      <trkpt lat="-22.389037" lon="-44.938724">
        <ele>1110.84</ele>
      </trkpt>
      <trkpt lat="-22.389049" lon="-44.938723">
        <ele>1110.92</ele>
      </trkpt>
      <trkpt lat="-22.389061" lon="-44.938721">
        <ele>1111</ele>
      </trkpt>
      <trkpt lat="-22.389073" lon="-44.93872">
        <ele>1111.08</ele>
      </trkpt>
      <trkpt lat="-22.389085" lon="-44.938719">
        <ele>1111.16</ele>
      </trkpt>
      <trkpt lat="-22.389096" lon="-44.938718">
        <ele>1111.24</ele>
      </trkpt>
      <trkpt lat="-22.389107" lon="-44.938717">
        <ele>1111.32</ele>
      </trkpt>
      <trkpt lat="-22.389117" lon="-44.938716">
        <ele>1111.4</ele>
      </trkpt>
      <trkpt lat="-22.389128" lon="-44.938715">
        <ele>1111.48</ele>
      </trkpt>
      <trkpt lat="-22.389139" lon="-44.938714">
        <ele>1111.56</ele>
      </trkpt>
      <trkpt lat="-22.38915" lon="-44.938713">
        <ele>1111.64</ele>
      </trkpt>
      <trkpt lat="-22.389161" lon="-44.938713">
        <ele>1111.73</ele>
      </trkpt>
      <trkpt lat="-22.389171" lon="-44.938713">
        <ele>1111.81</ele>
      </trkpt>
      <trkpt lat="-22.389185" lon="-44.938712">
        <ele>1111.9</ele>
      </trkpt>
      <trkpt lat="-22.389198" lon="-44.938711">
        <ele>1111.98</ele>
      </trkpt>
      <trkpt lat="-22.389211" lon="-44.93871">
        <ele>1112.07</ele>
      </trkpt>
      <trkpt lat="-22.389225" lon="-44.938708">
        <ele>1112.16</ele>
      </trkpt>
      <trkpt lat="-22.38924" lon="-44.938705">
        <ele>1112.24</ele>
      </trkpt>
      <trkpt lat="-22.389255" lon="-44.938702">
        <ele>1112.33</ele>
      </trkpt>
      <trkpt lat="-22.38927" lon="-44.938698">
        <ele>1112.42</ele>
      </trkpt>
      <trkpt lat="-22.389286" lon="-44.938694">
        <ele>1112.5</ele>
      </trkpt>
      <trkpt lat="-22.389301" lon="-44.938689">
        <ele>1112.57</ele>
      </trkpt>
      <trkpt lat="-22.389315" lon="-44.938685">
        <ele>1112.65</ele>
      </trkpt>
      <trkpt lat="-22.38933" lon="-44.93868">
        <ele>1112.72</ele>
      </trkpt>
      <trkpt lat="-22.389344" lon="-44.938674">
        <ele>1112.79</ele>
      </trkpt>
      <trkpt lat="-22.389358" lon="-44.938669">
        <ele>1112.86</ele>
      </trkpt>
      <trkpt lat="-22.389372" lon="-44.938664">
        <ele>1112.93</ele>
      </trkpt>
      <trkpt lat="-22.389386" lon="-44.938659">
        <ele>1113</ele>
      </trkpt>
      <trkpt lat="-22.3894" lon="-44.938655">
        <ele>1113.08</ele>
      </trkpt>
      <trkpt lat="-22.389414" lon="-44.938649">
        <ele>1113.15</ele>
      </trkpt>
      <trkpt lat="-22.389428" lon="-44.938644">
        <ele>1113.22</ele>
      </trkpt>
      <trkpt lat="-22.389441" lon="-44.938639">
        <ele>1113.29</ele>
      </trkpt>
      <trkpt lat="-22.389455" lon="-44.938634">
        <ele>1113.35</ele>
      </trkpt>
      <trkpt lat="-22.389467" lon="-44.938628">
        <ele>1113.42</ele>
      </trkpt>
      <trkpt lat="-22.38948" lon="-44.938622">
        <ele>1113.49</ele>
      </trkpt>
      <trkpt lat="-22.389493" lon="-44.938616">
        <ele>1113.56</ele>
      </trkpt>
      <trkpt lat="-22.389507" lon="-44.93861">
        <ele>1113.62</ele>
      </trkpt>
      <trkpt lat="-22.389521" lon="-44.938606">
        <ele>1113.69</ele>
      </trkpt>
      <trkpt lat="-22.389535" lon="-44.938602">
        <ele>1113.76</ele>
      </trkpt>
      <trkpt lat="-22.38955" lon="-44.938599">
        <ele>1113.83</ele>
      </trkpt>
      <trkpt lat="-22.389566" lon="-44.938596">
        <ele>1113.9</ele>
      </trkpt>
      <trkpt lat="-22.389582" lon="-44.938595">
        <ele>1113.99</ele>
      </trkpt>
      <trkpt lat="-22.389598" lon="-44.938595">
        <ele>1114.08</ele>
      </trkpt>
      <trkpt lat="-22.389614" lon="-44.938595">
        <ele>1114.17</ele>
      </trkpt>
      <trkpt lat="-22.38963" lon="-44.938596">
        <ele>1114.26</ele>
      </trkpt>
      <trkpt lat="-22.389647" lon="-44.938598">
        <ele>1114.35</ele>
      </trkpt>
      <trkpt lat="-22.389663" lon="-44.938601">
        <ele>1114.45</ele>
      </trkpt>
      <trkpt lat="-22.389679" lon="-44.938604">
        <ele>1114.54</ele>
      </trkpt>
      <trkpt lat="-22.389694" lon="-44.938608">
        <ele>1114.63</ele>
      </trkpt>
      <trkpt lat="-22.38971" lon="-44.938614">
        <ele>1114.72</ele>
      </trkpt>
      <trkpt lat="-22.389725" lon="-44.938619">
        <ele>1114.81</ele>
      </trkpt>
      <trkpt lat="-22.389744" lon="-44.938627">
        <ele>1114.89</ele>
      </trkpt>
      <trkpt lat="-22.389763" lon="-44.938635">
        <ele>1114.98</ele>
      </trkpt>
      <trkpt lat="-22.389787" lon="-44.938643">
        <ele>1115.06</ele>
      </trkpt>
      <trkpt lat="-22.389811" lon="-44.938652">
        <ele>1115.15</ele>
      </trkpt>
      <trkpt lat="-22.389837" lon="-44.938659">
        <ele>1115.23</ele>
      </trkpt>
      <trkpt lat="-22.389862" lon="-44.938666">
        <ele>1115.32</ele>
      </trkpt>
      <trkpt lat="-22.389888" lon="-44.938674">
        <ele>1115.39</ele>
      </trkpt>
      <trkpt lat="-22.389914" lon="-44.938681">
        <ele>1115.46</ele>
      </trkpt>
      <trkpt lat="-22.38994" lon="-44.938692">
        <ele>1115.52</ele>
      </trkpt>
      <trkpt lat="-22.389966" lon="-44.938702">
        <ele>1115.59</ele>
      </trkpt>
      <trkpt lat="-22.389992" lon="-44.938717">
        <ele>1115.66</ele>
      </trkpt>
      <trkpt lat="-22.390018" lon="-44.938733">
        <ele>1115.56</ele>
      </trkpt>
      <trkpt lat="-22.390043" lon="-44.938753">
        <ele>1115.47</ele>
      </trkpt>
      <trkpt lat="-22.390068" lon="-44.938773">
        <ele>1115.37</ele>
      </trkpt>
      <trkpt lat="-22.390091" lon="-44.938797">
        <ele>1115.27</ele>
      </trkpt>
      <trkpt lat="-22.390114" lon="-44.938821">
        <ele>1115.18</ele>
      </trkpt>
      <trkpt lat="-22.390136" lon="-44.938848">
        <ele>1114.86</ele>
      </trkpt>
      <trkpt lat="-22.390158" lon="-44.938875">
        <ele>1114.54</ele>
      </trkpt>
      <trkpt lat="-22.39018" lon="-44.938904">
        <ele>1114.22</ele>
      </trkpt>
      <trkpt lat="-22.390203" lon="-44.938934">
        <ele>1113.9</ele>
      </trkpt>
      <trkpt lat="-22.390228" lon="-44.938961">
        <ele>1113.58</ele>
      </trkpt>
      <trkpt lat="-22.390253" lon="-44.938989">
        <ele>1113.26</ele>
      </trkpt>
      <trkpt lat="-22.390279" lon="-44.93901">
        <ele>1112.94</ele>
      </trkpt>
      <trkpt lat="-22.390305" lon="-44.939031">
        <ele>1112.62</ele>
      </trkpt>
      <trkpt lat="-22.390332" lon="-44.939045">
        <ele>1112.62</ele>
      </trkpt>
      <trkpt lat="-22.390358" lon="-44.939059">
        <ele>1112.61</ele>
      </trkpt>
      <trkpt lat="-22.390383" lon="-44.93907">
        <ele>1112.61</ele>
      </trkpt>
      <trkpt lat="-22.390408" lon="-44.93908">
        <ele>1112.61</ele>
      </trkpt>
      <trkpt lat="-22.390431" lon="-44.939089">
        <ele>1112.61</ele>
      </trkpt>
      <trkpt lat="-22.390454" lon="-44.939099">
        <ele>1112.48</ele>
      </trkpt>
      <trkpt lat="-22.390475" lon="-44.939112">
        <ele>1112.35</ele>
      </trkpt>
      <trkpt lat="-22.390496" lon="-44.939126">
        <ele>1112.22</ele>
      </trkpt>
      <trkpt lat="-22.390514" lon="-44.939145">
        <ele>1112.09</ele>
      </trkpt>
      <trkpt lat="-22.390532" lon="-44.939164">
        <ele>1111.96</ele>
      </trkpt>
      <trkpt lat="-22.39055" lon="-44.939188">
        <ele>1111.83</ele>
      </trkpt>
      <trkpt lat="-22.390567" lon="-44.939212">
        <ele>1111.34</ele>
      </trkpt>
      <trkpt lat="-22.390583" lon="-44.939238">
        <ele>1110.84</ele>
      </trkpt>
      <trkpt lat="-22.3906" lon="-44.939263">
        <ele>1110.35</ele>
      </trkpt>
      <trkpt lat="-22.390615" lon="-44.939289">
        <ele>1109.86</ele>
      </trkpt>
      <trkpt lat="-22.390631" lon="-44.939314">
        <ele>1109.37</ele>
      </trkpt>
      <trkpt lat="-22.390648" lon="-44.939337">
        <ele>1109.05</ele>
      </trkpt>
      <trkpt lat="-22.390665" lon="-44.939361">
        <ele>1108.73</ele>
      </trkpt>
      <trkpt lat="-22.390687" lon="-44.939379">
        <ele>1108.4</ele>
      </trkpt>
      <trkpt lat="-22.390708" lon="-44.939397">
        <ele>1108.08</ele>
      </trkpt>
      <trkpt lat="-22.390735" lon="-44.939409">
        <ele>1107.76</ele>
      </trkpt>
      <trkpt lat="-22.390761" lon="-44.939422">
        <ele>1107.89</ele>
      </trkpt>
      <trkpt lat="-22.390794" lon="-44.939427">
        <ele>1108.01</ele>
      </trkpt>
      <trkpt lat="-22.390827" lon="-44.939433">
        <ele>1108.13</ele>
      </trkpt>
      <trkpt lat="-22.390863" lon="-44.939435">
        <ele>1108.26</ele>
      </trkpt>
      <trkpt lat="-22.390898" lon="-44.939437">
        <ele>1108.38</ele>
      </trkpt>
      <trkpt lat="-22.390932" lon="-44.939439">
        <ele>1108.49</ele>
      </trkpt>
      <trkpt lat="-22.390966" lon="-44.939441">
        <ele>1108.6</ele>
      </trkpt>
      <trkpt lat="-22.390996" lon="-44.939446">
        <ele>1108.71</ele>
      </trkpt>
      <trkpt lat="-22.391026" lon="-44.93945">
        <ele>1108.83</ele>
      </trkpt>
      <trkpt lat="-22.391054" lon="-44.939456">
        <ele>1108.94</ele>
      </trkpt>
      <trkpt lat="-22.391082" lon="-44.939462">
        <ele>1108.95</ele>
      </trkpt>
      <trkpt lat="-22.39111" lon="-44.939469">
        <ele>1108.97</ele>
      </trkpt>
      <trkpt lat="-22.391137" lon="-44.939477">
        <ele>1108.99</ele>
      </trkpt>
      <trkpt lat="-22.391164" lon="-44.939486">
        <ele>1109</ele>
      </trkpt>
      <trkpt lat="-22.391192" lon="-44.939494">
        <ele>1109.02</ele>
      </trkpt>
      <trkpt lat="-22.391217" lon="-44.939503">
        <ele>1109.17</ele>
      </trkpt>
      <trkpt lat="-22.391243" lon="-44.939511">
        <ele>1109.32</ele>
      </trkpt>
      <trkpt lat="-22.391267" lon="-44.939518">
        <ele>1109.47</ele>
      </trkpt>
      <trkpt lat="-22.391291" lon="-44.939525">
        <ele>1109.62</ele>
      </trkpt>
      <trkpt lat="-22.391312" lon="-44.939528">
        <ele>1109.77</ele>
      </trkpt>
      <trkpt lat="-22.391333" lon="-44.939531">
        <ele>1109.92</ele>
      </trkpt>
      <trkpt lat="-22.391346" lon="-44.939535">
        <ele>1109.93</ele>
      </trkpt>
      <trkpt lat="-22.391358" lon="-44.93954">
        <ele>1109.94</ele>
      </trkpt>
      <trkpt lat="-22.391358" lon="-44.93954">
        <ele>1109.96</ele>
      </trkpt>
      <trkpt lat="-22.391358" lon="-44.93954">
        <ele>1109.97</ele>
      </trkpt>
      <trkpt lat="-22.391358" lon="-44.93954">
        <ele>1109.99</ele>
      </trkpt>
      <trkpt lat="-22.391358" lon="-44.93954">
        <ele>1110</ele>
      </trkpt>
      <trkpt lat="-22.391358" lon="-44.93954">
        <ele>1110.01</ele>
      </trkpt>
      <trkpt lat="-22.391358" lon="-44.93954">
        <ele>1110.03</ele>
      </trkpt>
      <trkpt lat="-22.391358" lon="-44.93954">
        <ele>1110.04</ele>
      </trkpt>
      <trkpt lat="-22.391358" lon="-44.93954">
        <ele>1110.06</ele>
      </trkpt>
      <trkpt lat="-22.391358" lon="-44.93954">
        <ele>1110.07</ele>
      </trkpt>
      <trkpt lat="-22.391358" lon="-44.93954">
        <ele>1110.08</ele>
      </trkpt>
      <trkpt lat="-22.391358" lon="-44.93954">
        <ele>1110.1</ele>
      </trkpt>
      <trkpt lat="-22.391358" lon="-44.93954">
        <ele>1110.11</ele>
      </trkpt>
      <trkpt lat="-22.391358" lon="-44.93954">
        <ele>1110.13</ele>
      </trkpt>
      <trkpt lat="-22.391358" lon="-44.93954">
        <ele>1110.14</ele>
      </trkpt>
      <trkpt lat="-22.391365" lon="-44.939542">
        <ele>1110.15</ele>
      </trkpt>
      <trkpt lat="-22.391371" lon="-44.939544">
        <ele>1110.17</ele>
      </trkpt>
      <trkpt lat="-22.391371" lon="-44.939544">
        <ele>1110.18</ele>
      </trkpt>
      <trkpt lat="-22.391371" lon="-44.939544">
        <ele>1110.2</ele>
      </trkpt>
      <trkpt lat="-22.391371" lon="-44.939544">
        <ele>1110.21</ele>
      </trkpt>
      <trkpt lat="-22.391371" lon="-44.939544">
        <ele>1110.22</ele>
      </trkpt>
      <trkpt lat="-22.391371" lon="-44.939544">
        <ele>1110.24</ele>
      </trkpt>
      <trkpt lat="-22.391371" lon="-44.939544">
        <ele>1110.25</ele>
      </trkpt>
      <trkpt lat="-22.391371" lon="-44.939544">
        <ele>1110.27</ele>
      </trkpt>
      <trkpt lat="-22.391371" lon="-44.939544">
        <ele>1110.28</ele>
      </trkpt>
      <trkpt lat="-22.391383" lon="-44.939552">
        <ele>1110.29</ele>
      </trkpt>
      <trkpt lat="-22.391394" lon="-44.939559">
        <ele>1110.31</ele>
      </trkpt>
      <trkpt lat="-22.391397" lon="-44.939563">
        <ele>1110.32</ele>
      </trkpt>
      <trkpt lat="-22.3914" lon="-44.939567">
        <ele>1110.34</ele>
      </trkpt>
      <trkpt lat="-22.391403" lon="-44.939571">
        <ele>1110.35</ele>
      </trkpt>
      <trkpt lat="-22.391406" lon="-44.939574">
        <ele>1110.36</ele>
      </trkpt>
      <trkpt lat="-22.391409" lon="-44.939581">
        <ele>1110.38</ele>
      </trkpt>
      <trkpt lat="-22.391412" lon="-44.939588">
        <ele>1110.39</ele>
      </trkpt>
      <trkpt lat="-22.391414" lon="-44.939597">
        <ele>1110.4</ele>
      </trkpt>
      <trkpt lat="-22.391417" lon="-44.939606">
        <ele>1110.42</ele>
      </trkpt>
      <trkpt lat="-22.391419" lon="-44.939617">
        <ele>1110.43</ele>
      </trkpt>
      <trkpt lat="-22.391422" lon="-44.939628">
        <ele>1110.45</ele>
      </trkpt>
      <trkpt lat="-22.391425" lon="-44.93964">
        <ele>1110.37</ele>
      </trkpt>
      <trkpt lat="-22.391428" lon="-44.939652">
        <ele>1110.3</ele>
      </trkpt>
      <trkpt lat="-22.391431" lon="-44.939663">
        <ele>1110.23</ele>
      </trkpt>
      <trkpt lat="-22.391434" lon="-44.939673">
        <ele>1110.16</ele>
      </trkpt>
      <trkpt lat="-22.391437" lon="-44.939681">
        <ele>1110.09</ele>
      </trkpt>
      <trkpt lat="-22.391439" lon="-44.939689">
        <ele>1110.01</ele>
      </trkpt>
      <trkpt lat="-22.391441" lon="-44.939695">
        <ele>1109.94</ele>
      </trkpt>
      <trkpt lat="-22.391442" lon="-44.939701">
        <ele>1109.87</ele>
      </trkpt>
      <trkpt lat="-22.391443" lon="-44.939707">
        <ele>1109.8</ele>
      </trkpt>
      <trkpt lat="-22.391443" lon="-44.939713">
        <ele>1109.72</ele>
      </trkpt>
      <trkpt lat="-22.391441" lon="-44.939721">
        <ele>1109.65</ele>
      </trkpt>
      <trkpt lat="-22.391439" lon="-44.939729">
        <ele>1109.58</ele>
      </trkpt>
      <trkpt lat="-22.391435" lon="-44.939737">
        <ele>1109.51</ele>
      </trkpt>
      <trkpt lat="-22.391432" lon="-44.939745">
        <ele>1109.44</ele>
      </trkpt>
      <trkpt lat="-22.39143" lon="-44.939754">
        <ele>1109.36</ele>
      </trkpt>
      <trkpt lat="-22.391428" lon="-44.939762">
        <ele>1109.29</ele>
      </trkpt>
      <trkpt lat="-22.391426" lon="-44.939772">
        <ele>1109.22</ele>
      </trkpt>
      <trkpt lat="-22.391425" lon="-44.939782">
        <ele>1109.29</ele>
      </trkpt>
      <trkpt lat="-22.391427" lon="-44.939794">
        <ele>1109.35</ele>
      </trkpt>
      <trkpt lat="-22.391428" lon="-44.939806">
        <ele>1109.42</ele>
      </trkpt>
      <trkpt lat="-22.391433" lon="-44.939818">
        <ele>1109.49</ele>
      </trkpt>
      <trkpt lat="-22.391438" lon="-44.93983">
        <ele>1109.55</ele>
      </trkpt>
      <trkpt lat="-22.391444" lon="-44.93984">
        <ele>1109.62</ele>
      </trkpt>
      <trkpt lat="-22.391451" lon="-44.939851">
        <ele>1109.69</ele>
      </trkpt>
      <trkpt lat="-22.391459" lon="-44.93986">
        <ele>1109.75</ele>
      </trkpt>
      <trkpt lat="-22.391467" lon="-44.939869">
        <ele>1109.82</ele>
      </trkpt>
      <trkpt lat="-22.391475" lon="-44.939877">
        <ele>1109.89</ele>
      </trkpt>
      <trkpt lat="-22.391483" lon="-44.939886">
        <ele>1109.95</ele>
      </trkpt>
      <trkpt lat="-22.391492" lon="-44.939893">
        <ele>1110.02</ele>
      </trkpt>
      <trkpt lat="-22.391501" lon="-44.939901">
        <ele>1110.33</ele>
      </trkpt>
      <trkpt lat="-22.391511" lon="-44.939908">
        <ele>1110.63</ele>
      </trkpt>
      <trkpt lat="-22.391521" lon="-44.939915">
        <ele>1110.93</ele>
      </trkpt>
      <trkpt lat="-22.391533" lon="-44.939921">
        <ele>1111.24</ele>
      </trkpt>
      <trkpt lat="-22.391544" lon="-44.939928">
        <ele>1111.54</ele>
      </trkpt>
      <trkpt lat="-22.391557" lon="-44.939932">
        <ele>1111.85</ele>
      </trkpt>
      <trkpt lat="-22.391569" lon="-44.939937">
        <ele>1112.15</ele>
      </trkpt>
      <trkpt lat="-22.391581" lon="-44.939941">
        <ele>1112.46</ele>
      </trkpt>
      <trkpt lat="-22.391594" lon="-44.939945">
        <ele>1112.76</ele>
      </trkpt>
      <trkpt lat="-22.391605" lon="-44.939949">
        <ele>1113.06</ele>
      </trkpt>
      <trkpt lat="-22.391616" lon="-44.939954">
        <ele>1113.37</ele>
      </trkpt>
      <trkpt lat="-22.391628" lon="-44.939957">
        <ele>1113.58</ele>
      </trkpt>
      <trkpt lat="-22.391639" lon="-44.93996">
        <ele>1113.8</ele>
      </trkpt>
      <trkpt lat="-22.391651" lon="-44.939964">
        <ele>1114.02</ele>
      </trkpt>
      <trkpt lat="-22.391663" lon="-44.939967">
        <ele>1114.23</ele>
      </trkpt>
      <trkpt lat="-22.391676" lon="-44.939971">
        <ele>1114.45</ele>
      </trkpt>
      <trkpt lat="-22.391689" lon="-44.939975">
        <ele>1114.67</ele>
      </trkpt>
      <trkpt lat="-22.391702" lon="-44.93998">
        <ele>1114.89</ele>
      </trkpt>
      <trkpt lat="-22.391715" lon="-44.939985">
        <ele>1115.1</ele>
      </trkpt>
      <trkpt lat="-22.391729" lon="-44.93999">
        <ele>1115.32</ele>
      </trkpt>
      <trkpt lat="-22.391743" lon="-44.939995">
        <ele>1115.54</ele>
      </trkpt>
      <trkpt lat="-22.391756" lon="-44.939998">
        <ele>1115.75</ele>
      </trkpt>
      <trkpt lat="-22.391769" lon="-44.940001">
        <ele>1115.94</ele>
      </trkpt>
      <trkpt lat="-22.391783" lon="-44.940004">
        <ele>1116.12</ele>
      </trkpt>
      <trkpt lat="-22.391797" lon="-44.940007">
        <ele>1116.3</ele>
      </trkpt>
      <trkpt lat="-22.391811" lon="-44.940012">
        <ele>1116.49</ele>
      </trkpt>
      <trkpt lat="-22.391825" lon="-44.940016">
        <ele>1116.67</ele>
      </trkpt>
      <trkpt lat="-22.391838" lon="-44.940023">
        <ele>1116.85</ele>
      </trkpt>
      <trkpt lat="-22.391851" lon="-44.94003">
        <ele>1117.04</ele>
      </trkpt>
      <trkpt lat="-22.391863" lon="-44.940037">
        <ele>1117.22</ele>
      </trkpt>
      <trkpt lat="-22.391875" lon="-44.940045">
        <ele>1117.41</ele>
      </trkpt>
      <trkpt lat="-22.391888" lon="-44.940051">
        <ele>1117.59</ele>
      </trkpt>
      <trkpt lat="-22.391901" lon="-44.940058">
        <ele>1117.78</ele>
      </trkpt>
      <trkpt lat="-22.391915" lon="-44.940063">
        <ele>1117.97</ele>
      </trkpt>
      <trkpt lat="-22.391929" lon="-44.940069">
        <ele>1118.17</ele>
      </trkpt>
      <trkpt lat="-22.391944" lon="-44.940073">
        <ele>1118.36</ele>
      </trkpt>
      <trkpt lat="-22.391958" lon="-44.940077">
        <ele>1118.55</ele>
      </trkpt>
      <trkpt lat="-22.391974" lon="-44.940082">
        <ele>1118.74</ele>
      </trkpt>
      <trkpt lat="-22.391989" lon="-44.940086">
        <ele>1118.93</ele>
      </trkpt>
      <trkpt lat="-22.392005" lon="-44.940092">
        <ele>1119.13</ele>
      </trkpt>
      <trkpt lat="-22.392021" lon="-44.940098">
        <ele>1119.32</ele>
      </trkpt>
      <trkpt lat="-22.392036" lon="-44.940104">
        <ele>1119.49</ele>
      </trkpt>
      <trkpt lat="-22.392051" lon="-44.940109">
        <ele>1119.66</ele>
      </trkpt>
      <trkpt lat="-22.392066" lon="-44.940116">
        <ele>1119.83</ele>
      </trkpt>
      <trkpt lat="-22.392081" lon="-44.940122">
        <ele>1120</ele>
      </trkpt>
      <trkpt lat="-22.392095" lon="-44.94013">
        <ele>1120.17</ele>
      </trkpt>
      <trkpt lat="-22.392109" lon="-44.940138">
        <ele>1120.34</ele>
      </trkpt>
      <trkpt lat="-22.392122" lon="-44.940145">
        <ele>1120.51</ele>
      </trkpt>
      <trkpt lat="-22.392135" lon="-44.940152">
        <ele>1120.67</ele>
      </trkpt>
      <trkpt lat="-22.392146" lon="-44.940158">
        <ele>1120.84</ele>
      </trkpt>
      <trkpt lat="-22.392158" lon="-44.940164">
        <ele>1120.95</ele>
      </trkpt>
      <trkpt lat="-22.392169" lon="-44.940169">
        <ele>1121.05</ele>
      </trkpt>
      <trkpt lat="-22.39218" lon="-44.940174">
        <ele>1121.15</ele>
      </trkpt>
      <trkpt lat="-22.392192" lon="-44.940179">
        <ele>1121.26</ele>
      </trkpt>
      <trkpt lat="-22.392203" lon="-44.940184">
        <ele>1121.36</ele>
      </trkpt>
      <trkpt lat="-22.392215" lon="-44.940191">
        <ele>1121.46</ele>
      </trkpt>
      <trkpt lat="-22.392226" lon="-44.940198">
        <ele>1121.57</ele>
      </trkpt>
      <trkpt lat="-22.392236" lon="-44.940207">
        <ele>1121.67</ele>
      </trkpt>
      <trkpt lat="-22.392246" lon="-44.940217">
        <ele>1121.77</ele>
      </trkpt>
      <trkpt lat="-22.392255" lon="-44.940228">
        <ele>1121.87</ele>
      </trkpt>
      <trkpt lat="-22.392263" lon="-44.940239">
        <ele>1121.98</ele>
      </trkpt>
      <trkpt lat="-22.392271" lon="-44.940251">
        <ele>1122.06</ele>
      </trkpt>
      <trkpt lat="-22.392279" lon="-44.940263">
        <ele>1122.15</ele>
      </trkpt>
      <trkpt lat="-22.392288" lon="-44.940276">
        <ele>1122.24</ele>
      </trkpt>
      <trkpt lat="-22.392296" lon="-44.940289">
        <ele>1122.32</ele>
      </trkpt>
      <trkpt lat="-22.392304" lon="-44.940302">
        <ele>1122.41</ele>
      </trkpt>
      <trkpt lat="-22.392311" lon="-44.940316">
        <ele>1122.49</ele>
      </trkpt>
      <trkpt lat="-22.392319" lon="-44.940332">
        <ele>1122.58</ele>
      </trkpt>
      <trkpt lat="-22.392326" lon="-44.940347">
        <ele>1122.67</ele>
      </trkpt>
      <trkpt lat="-22.392334" lon="-44.940364">
        <ele>1122.75</ele>
      </trkpt>
      <trkpt lat="-22.392342" lon="-44.940381">
        <ele>1122.82</ele>
      </trkpt>
      <trkpt lat="-22.392348" lon="-44.940399">
        <ele>1122.89</ele>
      </trkpt>
      <trkpt lat="-22.392354" lon="-44.940416">
        <ele>1122.95</ele>
      </trkpt>
      <trkpt lat="-22.39236" lon="-44.940432">
        <ele>1123.02</ele>
      </trkpt>
      <trkpt lat="-22.392365" lon="-44.940449">
        <ele>1123.09</ele>
      </trkpt>
      <trkpt lat="-22.39237" lon="-44.940464">
        <ele>1123.16</ele>
      </trkpt>
      <trkpt lat="-22.392374" lon="-44.940479">
        <ele>1123.22</ele>
      </trkpt>
      <trkpt lat="-22.392379" lon="-44.940493">
        <ele>1123.29</ele>
      </trkpt>
      <trkpt lat="-22.392383" lon="-44.940507">
        <ele>1123.36</ele>
      </trkpt>
      <trkpt lat="-22.392388" lon="-44.940521">
        <ele>1123.44</ele>
      </trkpt>
      <trkpt lat="-22.392392" lon="-44.940535">
        <ele>1123.52</ele>
      </trkpt>
      <trkpt lat="-22.392397" lon="-44.940549">
        <ele>1123.6</ele>
      </trkpt>
      <trkpt lat="-22.392402" lon="-44.940564">
        <ele>1123.68</ele>
      </trkpt>
      <trkpt lat="-22.392406" lon="-44.940581">
        <ele>1123.76</ele>
      </trkpt>
      <trkpt lat="-22.39241" lon="-44.940598">
        <ele>1123.84</ele>
      </trkpt>
      <trkpt lat="-22.392413" lon="-44.940616">
        <ele>1123.93</ele>
      </trkpt>
      <trkpt lat="-22.392417" lon="-44.940635">
        <ele>1124.01</ele>
      </trkpt>
      <trkpt lat="-22.392422" lon="-44.94065">
        <ele>1124.09</ele>
      </trkpt>
      <trkpt lat="-22.392426" lon="-44.940665">
        <ele>1124.14</ele>
      </trkpt>
      <trkpt lat="-22.392433" lon="-44.940673">
        <ele>1124.19</ele>
      </trkpt>
      <trkpt lat="-22.39244" lon="-44.940682">
        <ele>1124.24</ele>
      </trkpt>
      <trkpt lat="-22.392448" lon="-44.940684">
        <ele>1124.29</ele>
      </trkpt>
      <trkpt lat="-22.392456" lon="-44.940686">
        <ele>1124.34</ele>
      </trkpt>
      <trkpt lat="-22.392464" lon="-44.940683">
        <ele>1124.39</ele>
      </trkpt>
      <trkpt lat="-22.392472" lon="-44.940681">
        <ele>1124.44</ele>
      </trkpt>
      <trkpt lat="-22.392481" lon="-44.940675">
        <ele>1124.49</ele>
      </trkpt>
      <trkpt lat="-22.39249" lon="-44.940668">
        <ele>1124.54</ele>
      </trkpt>
      <trkpt lat="-22.392498" lon="-44.940659">
        <ele>1124.59</ele>
      </trkpt>
      <trkpt lat="-22.392507" lon="-44.94065">
        <ele>1124.64</ele>
      </trkpt>
      <trkpt lat="-22.392516" lon="-44.940641">
        <ele>1124.69</ele>
      </trkpt>
      <trkpt lat="-22.392525" lon="-44.940632">
        <ele>1124.74</ele>
      </trkpt>
      <trkpt lat="-22.392534" lon="-44.940625">
        <ele>1124.79</ele>
      </trkpt>
      <trkpt lat="-22.392543" lon="-44.940619">
        <ele>1124.85</ele>
      </trkpt>
      <trkpt lat="-22.392551" lon="-44.940614">
        <ele>1124.9</ele>
      </trkpt>
      <trkpt lat="-22.392559" lon="-44.94061">
        <ele>1124.95</ele>
      </trkpt>
      <trkpt lat="-22.392568" lon="-44.940605">
        <ele>1125.01</ele>
      </trkpt>
      <trkpt lat="-22.392576" lon="-44.9406">
        <ele>1125.06</ele>
      </trkpt>
      <trkpt lat="-22.392585" lon="-44.940595">
        <ele>1125.12</ele>
      </trkpt>
      <trkpt lat="-22.392594" lon="-44.94059">
        <ele>1125.17</ele>
      </trkpt>
      <trkpt lat="-22.392604" lon="-44.940586">
        <ele>1125.22</ele>
      </trkpt>
      <trkpt lat="-22.392613" lon="-44.940582">
        <ele>1125.28</ele>
      </trkpt>
      <trkpt lat="-22.392622" lon="-44.940578">
        <ele>1125.33</ele>
      </trkpt>
      <trkpt lat="-22.39263" lon="-44.940574">
        <ele>1125.39</ele>
      </trkpt>
      <trkpt lat="-22.392637" lon="-44.94057">
        <ele>1125.44</ele>
      </trkpt>
      <trkpt lat="-22.392645" lon="-44.940566">
        <ele>1125.49</ele>
      </trkpt>
      <trkpt lat="-22.392652" lon="-44.940562">
        <ele>1125.61</ele>
      </trkpt>
      <trkpt lat="-22.392658" lon="-44.940558">
        <ele>1125.73</ele>
      </trkpt>
      <trkpt lat="-22.392666" lon="-44.940555">
        <ele>1125.85</ele>
      </trkpt>
      <trkpt lat="-22.392674" lon="-44.940552">
        <ele>1125.97</ele>
      </trkpt>
      <trkpt lat="-22.392682" lon="-44.94055">
        <ele>1126.09</ele>
      </trkpt>
      <trkpt lat="-22.39269" lon="-44.940548">
        <ele>1126.21</ele>
      </trkpt>
      <trkpt lat="-22.392698" lon="-44.940545">
        <ele>1126.32</ele>
      </trkpt>
      <trkpt lat="-22.392706" lon="-44.940542">
        <ele>1126.44</ele>
      </trkpt>
      <trkpt lat="-22.392714" lon="-44.940537">
        <ele>1126.56</ele>
      </trkpt>
      <trkpt lat="-22.392722" lon="-44.940532">
        <ele>1126.68</ele>
      </trkpt>
      <trkpt lat="-22.392732" lon="-44.940528">
        <ele>1126.8</ele>
      </trkpt>
      <trkpt lat="-22.392741" lon="-44.940524">
        <ele>1126.92</ele>
      </trkpt>
      <trkpt lat="-22.392752" lon="-44.94052">
        <ele>1127.04</ele>
      </trkpt>
      <trkpt lat="-22.392764" lon="-44.940517">
        <ele>1127.16</ele>
      </trkpt>
      <trkpt lat="-22.392775" lon="-44.940515">
        <ele>1127.27</ele>
      </trkpt>
      <trkpt lat="-22.392785" lon="-44.940513">
        <ele>1127.49</ele>
      </trkpt>
      <trkpt lat="-22.392796" lon="-44.94051">
        <ele>1127.7</ele>
      </trkpt>
      <trkpt lat="-22.392807" lon="-44.940508">
        <ele>1127.91</ele>
      </trkpt>
      <trkpt lat="-22.392818" lon="-44.940506">
        <ele>1128.12</ele>
      </trkpt>
      <trkpt lat="-22.392829" lon="-44.940505">
        <ele>1128.33</ele>
      </trkpt>
      <trkpt lat="-22.39284" lon="-44.940505">
        <ele>1128.54</ele>
      </trkpt>
      <trkpt lat="-22.39285" lon="-44.940505">
        <ele>1128.75</ele>
      </trkpt>
      <trkpt lat="-22.392859" lon="-44.940505">
        <ele>1128.97</ele>
      </trkpt>
      <trkpt lat="-22.392868" lon="-44.940506">
        <ele>1129.18</ele>
      </trkpt>
      <trkpt lat="-22.392875" lon="-44.940505">
        <ele>1129.39</ele>
      </trkpt>
      <trkpt lat="-22.392882" lon="-44.940503">
        <ele>1129.6</ele>
      </trkpt>
      <trkpt lat="-22.392886" lon="-44.9405">
        <ele>1129.81</ele>
      </trkpt>
      <trkpt lat="-22.392891" lon="-44.940497">
        <ele>1130.02</ele>
      </trkpt>
      <trkpt lat="-22.392896" lon="-44.940495">
        <ele>1130.23</ele>
      </trkpt>
      <trkpt lat="-22.392901" lon="-44.940493">
        <ele>1130.44</ele>
      </trkpt>
      <trkpt lat="-22.392907" lon="-44.940495">
        <ele>1130.66</ele>
      </trkpt>
      <trkpt lat="-22.392914" lon="-44.940496">
        <ele>1130.77</ele>
      </trkpt>
      <trkpt lat="-22.392921" lon="-44.940498">
        <ele>1130.88</ele>
      </trkpt>
      <trkpt lat="-22.392928" lon="-44.9405">
        <ele>1130.99</ele>
      </trkpt>
      <trkpt lat="-22.392928" lon="-44.9405">
        <ele>1131.1</ele>
      </trkpt>
      <trkpt lat="-22.392928" lon="-44.9405">
        <ele>1131.21</ele>
      </trkpt>
      <trkpt lat="-22.392928" lon="-44.9405">
        <ele>1131.32</ele>
      </trkpt>
      <trkpt lat="-22.392928" lon="-44.9405">
        <ele>1131.43</ele>
      </trkpt>
      <trkpt lat="-22.392928" lon="-44.9405">
        <ele>1131.54</ele>
      </trkpt>
      <trkpt lat="-22.392928" lon="-44.9405">
        <ele>1131.66</ele>
      </trkpt>
      <trkpt lat="-22.392928" lon="-44.9405">
        <ele>1131.77</ele>
      </trkpt>
      <trkpt lat="-22.392928" lon="-44.9405">
        <ele>1131.88</ele>
      </trkpt>
      <trkpt lat="-22.392928" lon="-44.9405">
        <ele>1131.99</ele>
      </trkpt>
      <trkpt lat="-22.392928" lon="-44.9405">
        <ele>1132.1</ele>
      </trkpt>
      <trkpt lat="-22.392928" lon="-44.9405">
        <ele>1132.21</ele>
      </trkpt>
      <trkpt lat="-22.392928" lon="-44.9405">
        <ele>1132.32</ele>
      </trkpt>
      <trkpt lat="-22.392928" lon="-44.9405">
        <ele>1132.43</ele>
      </trkpt>
      <trkpt lat="-22.392928" lon="-44.9405">
        <ele>1132.55</ele>
      </trkpt>
      <trkpt lat="-22.392928" lon="-44.9405">
        <ele>1132.66</ele>
      </trkpt>
      <trkpt lat="-22.392928" lon="-44.9405">
        <ele>1132.77</ele>
      </trkpt>
      <trkpt lat="-22.392928" lon="-44.9405">
        <ele>1132.88</ele>
      </trkpt>
      <trkpt lat="-22.392928" lon="-44.9405">
        <ele>1132.99</ele>
      </trkpt>
      <trkpt lat="-22.392928" lon="-44.9405">
        <ele>1133.1</ele>
      </trkpt>
      <trkpt lat="-22.392928" lon="-44.9405">
        <ele>1133.21</ele>
      </trkpt>
      <trkpt lat="-22.392948" lon="-44.94051">
        <ele>1133.32</ele>
      </trkpt>
      <trkpt lat="-22.392957" lon="-44.940516">
        <ele>1133.43</ele>
      </trkpt>
      <trkpt lat="-22.392966" lon="-44.940521">
        <ele>1133.55</ele>
      </trkpt>
      <trkpt lat="-22.392974" lon="-44.940527">
        <ele>1133.66</ele>
      </trkpt>
      <trkpt lat="-22.392983" lon="-44.940532">
        <ele>1133.77</ele>
      </trkpt>
      <trkpt lat="-22.392999" lon="-44.940541">
        <ele>1133.88</ele>
      </trkpt>
      <trkpt lat="-22.393015" lon="-44.94055">
        <ele>1133.99</ele>
      </trkpt>
      <trkpt lat="-22.393035" lon="-44.940563">
        <ele>1134.1</ele>
      </trkpt>
      <trkpt lat="-22.393055" lon="-44.940575">
        <ele>1134.56</ele>
      </trkpt>
      <trkpt lat="-22.393074" lon="-44.940587">
        <ele>1135.03</ele>
      </trkpt>
      <trkpt lat="-22.393094" lon="-44.940598">
        <ele>1135.49</ele>
      </trkpt>
      <trkpt lat="-22.393108" lon="-44.940607">
        <ele>1135.95</ele>
      </trkpt>
      <trkpt lat="-22.393123" lon="-44.940617">
        <ele>1136.41</ele>
      </trkpt>
      <trkpt lat="-22.393134" lon="-44.940623">
        <ele>1136.88</ele>
      </trkpt>
      <trkpt lat="-22.393145" lon="-44.94063">
        <ele>1137.34</ele>
      </trkpt>
      <trkpt lat="-22.393152" lon="-44.940635">
        <ele>1137.8</ele>
      </trkpt>
      <trkpt lat="-22.39316" lon="-44.940639">
        <ele>1138.26</ele>
      </trkpt>
      <trkpt lat="-22.393167" lon="-44.940642">
        <ele>1138.49</ele>
      </trkpt>
      <trkpt lat="-22.393174" lon="-44.940645">
        <ele>1138.72</ele>
      </trkpt>
      <trkpt lat="-22.393182" lon="-44.940648">
        <ele>1138.95</ele>
      </trkpt>
      <trkpt lat="-22.39319" lon="-44.94065">
        <ele>1139.17</ele>
      </trkpt>
      <trkpt lat="-22.393197" lon="-44.940652">
        <ele>1139.4</ele>
      </trkpt>
      <trkpt lat="-22.393204" lon="-44.940654">
        <ele>1139.63</ele>
      </trkpt>
      <trkpt lat="-22.393211" lon="-44.940656">
        <ele>1139.86</ele>
      </trkpt>
      <trkpt lat="-22.393217" lon="-44.940659">
        <ele>1140.09</ele>
      </trkpt>
      <trkpt lat="-22.393223" lon="-44.940662">
        <ele>1140.31</ele>
      </trkpt>
      <trkpt lat="-22.393229" lon="-44.940666">
        <ele>1140.54</ele>
      </trkpt>
      <trkpt lat="-22.393234" lon="-44.94067">
        <ele>1140.77</ele>
      </trkpt>
      <trkpt lat="-22.39324" lon="-44.940674">
        <ele>1141</ele>
      </trkpt>
      <trkpt lat="-22.393246" lon="-44.940678">
        <ele>1141.23</ele>
      </trkpt>
      <trkpt lat="-22.393252" lon="-44.940682">
        <ele>1141.45</ele>
      </trkpt>
      <trkpt lat="-22.393258" lon="-44.940685">
        <ele>1141.68</ele>
      </trkpt>
      <trkpt lat="-22.393265" lon="-44.940689">
        <ele>1141.91</ele>
      </trkpt>
      <trkpt lat="-22.393273" lon="-44.940692">
        <ele>1142.14</ele>
      </trkpt>
      <trkpt lat="-22.393282" lon="-44.940696">
        <ele>1142.37</ele>
      </trkpt>
      <trkpt lat="-22.393291" lon="-44.940699">
        <ele>1142.59</ele>
      </trkpt>
      <trkpt lat="-22.393301" lon="-44.940703">
        <ele>1142.86</ele>
      </trkpt>
      <trkpt lat="-22.393311" lon="-44.940706">
        <ele>1143.14</ele>
      </trkpt>
      <trkpt lat="-22.393322" lon="-44.94071">
        <ele>1143.41</ele>
      </trkpt>
      <trkpt lat="-22.393331" lon="-44.940714">
        <ele>1143.68</ele>
      </trkpt>
      <trkpt lat="-22.393341" lon="-44.940718">
        <ele>1143.95</ele>
      </trkpt>
      <trkpt lat="-22.39335" lon="-44.940723">
        <ele>1144.22</ele>
      </trkpt>
      <trkpt lat="-22.393359" lon="-44.940729">
        <ele>1144.5</ele>
      </trkpt>
      <trkpt lat="-22.393367" lon="-44.940735">
        <ele>1144.77</ele>
      </trkpt>
      <trkpt lat="-22.393374" lon="-44.940742">
        <ele>1145.04</ele>
      </trkpt>
      <trkpt lat="-22.393381" lon="-44.940748">
        <ele>1145.31</ele>
      </trkpt>
      <trkpt lat="-22.393388" lon="-44.940754">
        <ele>1145.58</ele>
      </trkpt>
      <trkpt lat="-22.393395" lon="-44.94076">
        <ele>1145.85</ele>
      </trkpt>
      <trkpt lat="-22.393402" lon="-44.940766">
        <ele>1146.13</ele>
      </trkpt>
      <trkpt lat="-22.39341" lon="-44.940772">
        <ele>1146.4</ele>
      </trkpt>
      <trkpt lat="-22.393418" lon="-44.940778">
        <ele>1146.67</ele>
      </trkpt>
      <trkpt lat="-22.393429" lon="-44.940784">
        <ele>1146.95</ele>
      </trkpt>
      <trkpt lat="-22.393439" lon="-44.94079">
        <ele>1147.22</ele>
      </trkpt>
      <trkpt lat="-22.393449" lon="-44.940794">
        <ele>1147.5</ele>
      </trkpt>
      <trkpt lat="-22.393459" lon="-44.940798">
        <ele>1147.77</ele>
      </trkpt>
      <trkpt lat="-22.393468" lon="-44.940802">
        <ele>1148.05</ele>
      </trkpt>
      <trkpt lat="-22.393478" lon="-44.940805">
        <ele>1148.32</ele>
      </trkpt>
      <trkpt lat="-22.393488" lon="-44.940808">
        <ele>1148.6</ele>
      </trkpt>
      <trkpt lat="-22.393497" lon="-44.940812">
        <ele>1148.87</ele>
      </trkpt>
      <trkpt lat="-22.393506" lon="-44.940817">
        <ele>1149.15</ele>
      </trkpt>
      <trkpt lat="-22.393516" lon="-44.940823">
        <ele>1149.42</ele>
      </trkpt>
      <trkpt lat="-22.393525" lon="-44.94083">
        <ele>1149.69</ele>
      </trkpt>
      <trkpt lat="-22.393534" lon="-44.940837">
        <ele>1149.97</ele>
      </trkpt>
      <trkpt lat="-22.393542" lon="-44.940843">
        <ele>1150.14</ele>
      </trkpt>
      <trkpt lat="-22.393551" lon="-44.940849">
        <ele>1150.32</ele>
      </trkpt>
      <trkpt lat="-22.393558" lon="-44.940852">
        <ele>1150.5</ele>
      </trkpt>
      <trkpt lat="-22.393567" lon="-44.940856">
        <ele>1150.67</ele>
      </trkpt>
      <trkpt lat="-22.393575" lon="-44.940858">
        <ele>1150.85</ele>
      </trkpt>
      <trkpt lat="-22.393584" lon="-44.94086">
        <ele>1151.02</ele>
      </trkpt>
      <trkpt lat="-22.393593" lon="-44.940861">
        <ele>1151.2</ele>
      </trkpt>
      <trkpt lat="-22.393601" lon="-44.940863">
        <ele>1151.37</ele>
      </trkpt>
      <trkpt lat="-22.393609" lon="-44.940866">
        <ele>1151.55</ele>
      </trkpt>
      <trkpt lat="-22.393617" lon="-44.940868">
        <ele>1151.73</ele>
      </trkpt>
      <trkpt lat="-22.393627" lon="-44.94087">
        <ele>1151.9</ele>
      </trkpt>
      <trkpt lat="-22.393636" lon="-44.940873">
        <ele>1152.08</ele>
      </trkpt>
      <trkpt lat="-22.393647" lon="-44.940876">
        <ele>1152.25</ele>
      </trkpt>
      <trkpt lat="-22.393657" lon="-44.940879">
        <ele>1152.43</ele>
      </trkpt>
      <trkpt lat="-22.393666" lon="-44.940882">
        <ele>1152.6</ele>
      </trkpt>
      <trkpt lat="-22.393675" lon="-44.940886">
        <ele>1152.74</ele>
      </trkpt>
      <trkpt lat="-22.393684" lon="-44.940891">
        <ele>1152.87</ele>
      </trkpt>
      <trkpt lat="-22.393692" lon="-44.940895">
        <ele>1153.01</ele>
      </trkpt>
      <trkpt lat="-22.393699" lon="-44.940899">
        <ele>1153.15</ele>
      </trkpt>
      <trkpt lat="-22.393707" lon="-44.940904">
        <ele>1153.28</ele>
      </trkpt>
      <trkpt lat="-22.393714" lon="-44.940907">
        <ele>1153.42</ele>
      </trkpt>
      <trkpt lat="-22.393721" lon="-44.94091">
        <ele>1153.55</ele>
      </trkpt>
      <trkpt lat="-22.393729" lon="-44.940912">
        <ele>1153.69</ele>
      </trkpt>
      <trkpt lat="-22.393737" lon="-44.940914">
        <ele>1153.83</ele>
      </trkpt>
      <trkpt lat="-22.393746" lon="-44.940915">
        <ele>1153.96</ele>
      </trkpt>
      <trkpt lat="-22.393756" lon="-44.940916">
        <ele>1154.1</ele>
      </trkpt>
      <trkpt lat="-22.393765" lon="-44.940917">
        <ele>1154.23</ele>
      </trkpt>
      <trkpt lat="-22.393774" lon="-44.940918">
        <ele>1154.37</ele>
      </trkpt>
      <trkpt lat="-22.393783" lon="-44.940919">
        <ele>1154.51</ele>
      </trkpt>
      <trkpt lat="-22.393792" lon="-44.940919">
        <ele>1154.64</ele>
      </trkpt>
      <trkpt lat="-22.3938" lon="-44.940921">
        <ele>1154.78</ele>
      </trkpt>
      <trkpt lat="-22.393808" lon="-44.940923">
        <ele>1154.89</ele>
      </trkpt>
      <trkpt lat="-22.393816" lon="-44.940925">
        <ele>1155.01</ele>
      </trkpt>
      <trkpt lat="-22.393824" lon="-44.940927">
        <ele>1155.13</ele>
      </trkpt>
      <trkpt lat="-22.393833" lon="-44.940929">
        <ele>1155.24</ele>
      </trkpt>
      <trkpt lat="-22.393841" lon="-44.940932">
        <ele>1155.36</ele>
      </trkpt>
      <trkpt lat="-22.393849" lon="-44.940935">
        <ele>1155.48</ele>
      </trkpt>
      <trkpt lat="-22.393857" lon="-44.940938">
        <ele>1155.59</ele>
      </trkpt>
      <trkpt lat="-22.393865" lon="-44.940943">
        <ele>1155.71</ele>
      </trkpt>
      <trkpt lat="-22.393873" lon="-44.940947">
        <ele>1155.83</ele>
      </trkpt>
      <trkpt lat="-22.393882" lon="-44.940952">
        <ele>1155.94</ele>
      </trkpt>
      <trkpt lat="-22.39389" lon="-44.940957">
        <ele>1156.06</ele>
      </trkpt>
      <trkpt lat="-22.393899" lon="-44.940961">
        <ele>1156.18</ele>
      </trkpt>
      <trkpt lat="-22.393908" lon="-44.940966">
        <ele>1156.29</ele>
      </trkpt>
      <trkpt lat="-22.393918" lon="-44.94097">
        <ele>1156.41</ele>
      </trkpt>
      <trkpt lat="-22.393929" lon="-44.940975">
        <ele>1156.53</ele>
      </trkpt>
      <trkpt lat="-22.393939" lon="-44.940978">
        <ele>1156.66</ele>
      </trkpt>
      <trkpt lat="-22.393949" lon="-44.940981">
        <ele>1156.79</ele>
      </trkpt>
      <trkpt lat="-22.393959" lon="-44.940984">
        <ele>1156.92</ele>
      </trkpt>
      <trkpt lat="-22.393969" lon="-44.940986">
        <ele>1157.05</ele>
      </trkpt>
      <trkpt lat="-22.393979" lon="-44.940989">
        <ele>1157.18</ele>
      </trkpt>
      <trkpt lat="-22.393989" lon="-44.940991">
        <ele>1157.31</ele>
      </trkpt>
      <trkpt lat="-22.393999" lon="-44.940993">
        <ele>1157.44</ele>
      </trkpt>
      <trkpt lat="-22.394008" lon="-44.940994">
        <ele>1157.57</ele>
      </trkpt>
      <trkpt lat="-22.394017" lon="-44.940997">
        <ele>1157.7</ele>
      </trkpt>
      <trkpt lat="-22.394026" lon="-44.941">
        <ele>1157.83</ele>
      </trkpt>
      <trkpt lat="-22.394036" lon="-44.941002">
        <ele>1157.96</ele>
      </trkpt>
      <trkpt lat="-22.394045" lon="-44.941005">
        <ele>1158.09</ele>
      </trkpt>
      <trkpt lat="-22.394055" lon="-44.941006">
        <ele>1158.22</ele>
      </trkpt>
      <trkpt lat="-22.394065" lon="-44.941007">
        <ele>1158.35</ele>
      </trkpt>
      <trkpt lat="-22.394076" lon="-44.941007">
        <ele>1158.49</ele>
      </trkpt>
      <trkpt lat="-22.394086" lon="-44.941008">
        <ele>1158.64</ele>
      </trkpt>
      <trkpt lat="-22.394097" lon="-44.941009">
        <ele>1158.78</ele>
      </trkpt>
      <trkpt lat="-22.394108" lon="-44.941011">
        <ele>1158.93</ele>
      </trkpt>
      <trkpt lat="-22.394119" lon="-44.941013">
        <ele>1159.07</ele>
      </trkpt>
      <trkpt lat="-22.394129" lon="-44.941015">
        <ele>1159.21</ele>
      </trkpt>
      <trkpt lat="-22.394139" lon="-44.941019">
        <ele>1159.36</ele>
      </trkpt>
      <trkpt lat="-22.394149" lon="-44.941023">
        <ele>1159.5</ele>
      </trkpt>
      <trkpt lat="-22.394158" lon="-44.941028">
        <ele>1159.65</ele>
      </trkpt>
      <trkpt lat="-22.394168" lon="-44.941033">
        <ele>1159.79</ele>
      </trkpt>
      <trkpt lat="-22.394175" lon="-44.94104">
        <ele>1159.93</ele>
      </trkpt>
      <trkpt lat="-22.394183" lon="-44.941047">
        <ele>1160.08</ele>
      </trkpt>
      <trkpt lat="-22.394186" lon="-44.941053">
        <ele>1160.22</ele>
      </trkpt>
      <trkpt lat="-22.394189" lon="-44.941058">
        <ele>1160.37</ele>
      </trkpt>
      <trkpt lat="-22.394186" lon="-44.941062">
        <ele>1160.23</ele>
      </trkpt>
      <trkpt lat="-22.394184" lon="-44.941065">
        <ele>1160.09</ele>
      </trkpt>
      <trkpt lat="-22.394183" lon="-44.941067">
        <ele>1159.95</ele>
      </trkpt>
      <trkpt lat="-22.394181" lon="-44.941068">
        <ele>1159.82</ele>
      </trkpt>
      <trkpt lat="-22.39418" lon="-44.94107">
        <ele>1159.68</ele>
      </trkpt>
      <trkpt lat="-22.394177" lon="-44.941074">
        <ele>1159.54</ele>
      </trkpt>
      <trkpt lat="-22.394174" lon="-44.941078">
        <ele>1159.41</ele>
      </trkpt>
      <trkpt lat="-22.39417" lon="-44.941082">
        <ele>1159.27</ele>
      </trkpt>
      <trkpt lat="-22.394167" lon="-44.941087">
        <ele>1159.13</ele>
      </trkpt>
      <trkpt lat="-22.394161" lon="-44.941092">
        <ele>1159</ele>
      </trkpt>
      <trkpt lat="-22.394156" lon="-44.941097">
        <ele>1158.86</ele>
      </trkpt>
      <trkpt lat="-22.394147" lon="-44.941104">
        <ele>1158.72</ele>
      </trkpt>
      <trkpt lat="-22.394139" lon="-44.941111">
        <ele>1158.59</ele>
      </trkpt>
      <trkpt lat="-22.394128" lon="-44.941119">
        <ele>1158.45</ele>
      </trkpt>
      <trkpt lat="-22.394117" lon="-44.941128">
        <ele>1158.31</ele>
      </trkpt>
      <trkpt lat="-22.394103" lon="-44.941138">
        <ele>1158.17</ele>
      </trkpt>
      <trkpt lat="-22.39409" lon="-44.941149">
        <ele>1158.04</ele>
      </trkpt>
      <trkpt lat="-22.394073" lon="-44.941162">
        <ele>1157.9</ele>
      </trkpt>
      <trkpt lat="-22.394056" lon="-44.941175">
        <ele>1157.54</ele>
      </trkpt>
      <trkpt lat="-22.394038" lon="-44.941191">
        <ele>1157.18</ele>
      </trkpt>
      <trkpt lat="-22.394019" lon="-44.941206">
        <ele>1156.81</ele>
      </trkpt>
      <trkpt lat="-22.394" lon="-44.941223">
        <ele>1156.45</ele>
      </trkpt>
      <trkpt lat="-22.393981" lon="-44.94124">
        <ele>1156.09</ele>
      </trkpt>
      <trkpt lat="-22.393962" lon="-44.941257">
        <ele>1155.73</ele>
      </trkpt>
      <trkpt lat="-22.393942" lon="-44.941274">
        <ele>1155.37</ele>
      </trkpt>
      <trkpt lat="-22.39392" lon="-44.941289">
        <ele>1155.01</ele>
      </trkpt>
      <trkpt lat="-22.393898" lon="-44.941304">
        <ele>1154.66</ele>
      </trkpt>
      <trkpt lat="-22.393873" lon="-44.941316">
        <ele>1154.3</ele>
      </trkpt>
      <trkpt lat="-22.393848" lon="-44.941328">
        <ele>1153.95</ele>
      </trkpt>
      <trkpt lat="-22.39382" lon="-44.941337">
        <ele>1153.59</ele>
      </trkpt>
      <trkpt lat="-22.393793" lon="-44.941347">
        <ele>1153.44</ele>
      </trkpt>
      <trkpt lat="-22.393765" lon="-44.941354">
        <ele>1153.28</ele>
      </trkpt>
      <trkpt lat="-22.393736" lon="-44.941361">
        <ele>1153.13</ele>
      </trkpt>
      <trkpt lat="-22.393708" lon="-44.941368">
        <ele>1152.97</ele>
      </trkpt>
      <trkpt lat="-22.393679" lon="-44.941375">
        <ele>1152.82</ele>
      </trkpt>
      <trkpt lat="-22.39365" lon="-44.941382">
        <ele>1152.75</ele>
      </trkpt>
      <trkpt lat="-22.393621" lon="-44.941389">
        <ele>1152.69</ele>
      </trkpt>
      <trkpt lat="-22.393593" lon="-44.941395">
        <ele>1152.63</ele>
      </trkpt>
      <trkpt lat="-22.393565" lon="-44.9414">
        <ele>1152.57</ele>
      </trkpt>
      <trkpt lat="-22.393538" lon="-44.941405">
        <ele>1152.5</ele>
      </trkpt>
      <trkpt lat="-22.393512" lon="-44.94141">
        <ele>1152.52</ele>
      </trkpt>
      <trkpt lat="-22.393485" lon="-44.941416">
        <ele>1152.53</ele>
      </trkpt>
      <trkpt lat="-22.393459" lon="-44.941421">
        <ele>1152.55</ele>
      </trkpt>
      <trkpt lat="-22.393432" lon="-44.941428">
        <ele>1152.56</ele>
      </trkpt>
      <trkpt lat="-22.393404" lon="-44.941434">
        <ele>1152.57</ele>
      </trkpt>
      <trkpt lat="-22.393379" lon="-44.941442">
        <ele>1152.6</ele>
      </trkpt>
      <trkpt lat="-22.393354" lon="-44.941449">
        <ele>1152.64</ele>
      </trkpt>
      <trkpt lat="-22.393333" lon="-44.94146">
        <ele>1152.67</ele>
      </trkpt>
      <trkpt lat="-22.393312" lon="-44.941471">
        <ele>1152.7</ele>
      </trkpt>
      <trkpt lat="-22.393297" lon="-44.941484">
        <ele>1152.73</ele>
      </trkpt>
      <trkpt lat="-22.393281" lon="-44.941498">
        <ele>1152.76</ele>
      </trkpt>
      <trkpt lat="-22.393267" lon="-44.941513">
        <ele>1152.67</ele>
      </trkpt>
      <trkpt lat="-22.393254" lon="-44.941528">
        <ele>1152.59</ele>
      </trkpt>
      <trkpt lat="-22.393237" lon="-44.941541">
        <ele>1152.51</ele>
      </trkpt>
      <trkpt lat="-22.39322" lon="-44.941555">
        <ele>1152.42</ele>
      </trkpt>
      <trkpt lat="-22.3932" lon="-44.941563">
        <ele>1152.34</ele>
      </trkpt>
      <trkpt lat="-22.39318" lon="-44.941571">
        <ele>1152.25</ele>
      </trkpt>
      <trkpt lat="-22.393157" lon="-44.941573">
        <ele>1152.17</ele>
      </trkpt>
      <trkpt lat="-22.393134" lon="-44.941575">
        <ele>1152.02</ele>
      </trkpt>
      <trkpt lat="-22.393108" lon="-44.941577">
        <ele>1151.87</ele>
      </trkpt>
      <trkpt lat="-22.393082" lon="-44.941579">
        <ele>1151.72</ele>
      </trkpt>
      <trkpt lat="-22.393054" lon="-44.941582">
        <ele>1151.57</ele>
      </trkpt>
      <trkpt lat="-22.393025" lon="-44.941586">
        <ele>1151.42</ele>
      </trkpt>
      <trkpt lat="-22.392996" lon="-44.941589">
        <ele>1151.27</ele>
      </trkpt>
      <trkpt lat="-22.392967" lon="-44.941593">
        <ele>1150.75</ele>
      </trkpt>
      <trkpt lat="-22.392938" lon="-44.941595">
        <ele>1150.23</ele>
      </trkpt>
      <trkpt lat="-22.39291" lon="-44.941597">
        <ele>1149.71</ele>
      </trkpt>
      <trkpt lat="-22.392882" lon="-44.941596">
        <ele>1149.19</ele>
      </trkpt>
      <trkpt lat="-22.392854" lon="-44.941595">
        <ele>1148.67</ele>
      </trkpt>
      <trkpt lat="-22.392825" lon="-44.941589">
        <ele>1148</ele>
      </trkpt>
      <trkpt lat="-22.392797" lon="-44.941583">
        <ele>1147.33</ele>
      </trkpt>
      <trkpt lat="-22.392767" lon="-44.941575">
        <ele>1146.67</ele>
      </trkpt>
      <trkpt lat="-22.392738" lon="-44.941567">
        <ele>1146</ele>
      </trkpt>
      <trkpt lat="-22.392708" lon="-44.941564">
        <ele>1145.34</ele>
      </trkpt>
      <trkpt lat="-22.392679" lon="-44.941561">
        <ele>1144.74</ele>
      </trkpt>
      <trkpt lat="-22.392649" lon="-44.941565">
        <ele>1144.15</ele>
      </trkpt>
      <trkpt lat="-22.392619" lon="-44.941568">
        <ele>1143.55</ele>
      </trkpt>
      <trkpt lat="-22.39259" lon="-44.941577">
        <ele>1142.95</ele>
      </trkpt>
      <trkpt lat="-22.392561" lon="-44.941585">
        <ele>1142.36</ele>
      </trkpt>
      <trkpt lat="-22.392532" lon="-44.941594">
        <ele>1141.67</ele>
      </trkpt>
      <trkpt lat="-22.392503" lon="-44.941603">
        <ele>1140.97</ele>
      </trkpt>
      <trkpt lat="-22.392472" lon="-44.941612">
        <ele>1140.28</ele>
      </trkpt>
      <trkpt lat="-22.392442" lon="-44.941621">
        <ele>1139.59</ele>
      </trkpt>
      <trkpt lat="-22.392411" lon="-44.941627">
        <ele>1138.9</ele>
      </trkpt>
      <trkpt lat="-22.39238" lon="-44.941633">
        <ele>1137.81</ele>
      </trkpt>
      <trkpt lat="-22.392345" lon="-44.941636">
        <ele>1136.73</ele>
      </trkpt>
      <trkpt lat="-22.392311" lon="-44.941639">
        <ele>1135.64</ele>
      </trkpt>
      <trkpt lat="-22.392273" lon="-44.941639">
        <ele>1134.56</ele>
      </trkpt>
      <trkpt lat="-22.392235" lon="-44.941639">
        <ele>1133.16</ele>
      </trkpt>
      <trkpt lat="-22.392193" lon="-44.941638">
        <ele>1131.75</ele>
      </trkpt>
      <trkpt lat="-22.392151" lon="-44.941637">
        <ele>1130.35</ele>
      </trkpt>
      <trkpt lat="-22.392105" lon="-44.941637">
        <ele>1128.95</ele>
      </trkpt>
      <trkpt lat="-22.392059" lon="-44.941637">
        <ele>1127.31</ele>
      </trkpt>
      <trkpt lat="-22.392013" lon="-44.941636">
        <ele>1125.67</ele>
      </trkpt>
      <trkpt lat="-22.391966" lon="-44.941634">
        <ele>1124.03</ele>
      </trkpt>
      <trkpt lat="-22.391922" lon="-44.941631">
        <ele>1122.89</ele>
      </trkpt>
      <trkpt lat="-22.391878" lon="-44.941628">
        <ele>1121.76</ele>
      </trkpt>
      <trkpt lat="-22.391838" lon="-44.941623">
        <ele>1120.62</ele>
      </trkpt>
      <trkpt lat="-22.391798" lon="-44.941619">
        <ele>1119.48</ele>
      </trkpt>
      <trkpt lat="-22.391759" lon="-44.941615">
        <ele>1118.59</ele>
      </trkpt>
      <trkpt lat="-22.39172" lon="-44.941611">
        <ele>1117.69</ele>
      </trkpt>
      <trkpt lat="-22.391684" lon="-44.94161">
        <ele>1116.8</ele>
      </trkpt>
      <trkpt lat="-22.391647" lon="-44.941609">
        <ele>1115.9</ele>
      </trkpt>
      <trkpt lat="-22.391612" lon="-44.941611">
        <ele>1115.29</ele>
      </trkpt>
      <trkpt lat="-22.391577" lon="-44.941612">
        <ele>1114.68</ele>
      </trkpt>
      <trkpt lat="-22.391542" lon="-44.941613">
        <ele>1114.07</ele>
      </trkpt>
      <trkpt lat="-22.391507" lon="-44.941614">
        <ele>1113.46</ele>
      </trkpt>
      <trkpt lat="-22.391471" lon="-44.941614">
        <ele>1112.85</ele>
      </trkpt>
      <trkpt lat="-22.391436" lon="-44.941615">
        <ele>1112.23</ele>
      </trkpt>
      <trkpt lat="-22.3914" lon="-44.941617">
        <ele>1111.61</ele>
      </trkpt>
      <trkpt lat="-22.391364" lon="-44.941619">
        <ele>1111</ele>
      </trkpt>
      <trkpt lat="-22.391329" lon="-44.941623">
        <ele>1110.36</ele>
      </trkpt>
      <trkpt lat="-22.391294" lon="-44.941627">
        <ele>1109.73</ele>
      </trkpt>
      <trkpt lat="-22.391258" lon="-44.941635">
        <ele>1109.1</ele>
      </trkpt>
      <trkpt lat="-22.391222" lon="-44.941642">
        <ele>1108.47</ele>
      </trkpt>
      <trkpt lat="-22.391187" lon="-44.941649">
        <ele>1107.69</ele>
      </trkpt>
      <trkpt lat="-22.391152" lon="-44.941657">
        <ele>1106.92</ele>
      </trkpt>
      <trkpt lat="-22.391117" lon="-44.941663">
        <ele>1106.15</ele>
      </trkpt>
      <trkpt lat="-22.391082" lon="-44.94167">
        <ele>1105.38</ele>
      </trkpt>
      <trkpt lat="-22.391045" lon="-44.941677">
        <ele>1104.43</ele>
      </trkpt>
      <trkpt lat="-22.391009" lon="-44.941683">
        <ele>1103.49</ele>
      </trkpt>
      <trkpt lat="-22.390972" lon="-44.941688">
        <ele>1102.55</ele>
      </trkpt>
      <trkpt lat="-22.390934" lon="-44.941693">
        <ele>1101.6</ele>
      </trkpt>
      <trkpt lat="-22.390897" lon="-44.941698">
        <ele>1100.4</ele>
      </trkpt>
      <trkpt lat="-22.390859" lon="-44.941704">
        <ele>1099.2</ele>
      </trkpt>
      <trkpt lat="-22.390822" lon="-44.94171">
        <ele>1098</ele>
      </trkpt>
      <trkpt lat="-22.390786" lon="-44.941717">
        <ele>1096.8</ele>
      </trkpt>
      <trkpt lat="-22.390751" lon="-44.941722">
        <ele>1095.44</ele>
      </trkpt>
      <trkpt lat="-22.390716" lon="-44.941727">
        <ele>1094.07</ele>
      </trkpt>
      <trkpt lat="-22.390681" lon="-44.94173">
        <ele>1092.71</ele>
      </trkpt>
      <trkpt lat="-22.390645" lon="-44.941732">
        <ele>1091.35</ele>
      </trkpt>
      <trkpt lat="-22.390607" lon="-44.941735">
        <ele>1090.17</ele>
      </trkpt>
      <trkpt lat="-22.390569" lon="-44.941738">
        <ele>1089</ele>
      </trkpt>
      <trkpt lat="-22.390531" lon="-44.941744">
        <ele>1087.83</ele>
      </trkpt>
      <trkpt lat="-22.390492" lon="-44.94175">
        <ele>1086.65</ele>
      </trkpt>
      <trkpt lat="-22.390453" lon="-44.941763">
        <ele>1085.46</ele>
      </trkpt>
      <trkpt lat="-22.390414" lon="-44.941776">
        <ele>1084.28</ele>
      </trkpt>
      <trkpt lat="-22.390376" lon="-44.941793">
        <ele>1083.09</ele>
      </trkpt>
      <trkpt lat="-22.390339" lon="-44.94181">
        <ele>1081.9</ele>
      </trkpt>
      <trkpt lat="-22.390307" lon="-44.941827">
        <ele>1081.19</ele>
      </trkpt>
      <trkpt lat="-22.390275" lon="-44.941844">
        <ele>1080.47</ele>
      </trkpt>
      <trkpt lat="-22.390248" lon="-44.941861">
        <ele>1079.76</ele>
      </trkpt>
      <trkpt lat="-22.390221" lon="-44.941877">
        <ele>1079.04</ele>
      </trkpt>
      <trkpt lat="-22.390195" lon="-44.941894">
        <ele>1078.33</ele>
      </trkpt>
      <trkpt lat="-22.39017" lon="-44.94191">
        <ele>1077.78</ele>
      </trkpt>
      <trkpt lat="-22.390146" lon="-44.941928">
        <ele>1077.22</ele>
      </trkpt>
      <trkpt lat="-22.390122" lon="-44.941946">
        <ele>1076.67</ele>
      </trkpt>
      <trkpt lat="-22.390097" lon="-44.941966">
        <ele>1076.11</ele>
      </trkpt>
      <trkpt lat="-22.390072" lon="-44.941985">
        <ele>1075.56</ele>
      </trkpt>
      <trkpt lat="-22.390045" lon="-44.942004">
        <ele>1074.74</ele>
      </trkpt>
      <trkpt lat="-22.390018" lon="-44.942023">
        <ele>1073.92</ele>
      </trkpt>
      <trkpt lat="-22.389991" lon="-44.942042">
        <ele>1073.11</ele>
      </trkpt>
      <trkpt lat="-22.389964" lon="-44.94206">
        <ele>1072.29</ele>
      </trkpt>
      <trkpt lat="-22.389938" lon="-44.942079">
        <ele>1071.47</ele>
      </trkpt>
      <trkpt lat="-22.389912" lon="-44.942097">
        <ele>1070.77</ele>
      </trkpt>
      <trkpt lat="-22.389885" lon="-44.942114">
        <ele>1070.08</ele>
      </trkpt>
      <trkpt lat="-22.389858" lon="-44.94213">
        <ele>1069.39</ele>
      </trkpt>
      <trkpt lat="-22.389831" lon="-44.942144">
        <ele>1068.69</ele>
      </trkpt>
      <trkpt lat="-22.389804" lon="-44.942158">
        <ele>1068</ele>
      </trkpt>
      <trkpt lat="-22.389778" lon="-44.942171">
        <ele>1067.39</ele>
      </trkpt>
      <trkpt lat="-22.389753" lon="-44.942185">
        <ele>1066.78</ele>
      </trkpt>
      <trkpt lat="-22.389726" lon="-44.942201">
        <ele>1066.17</ele>
      </trkpt>
      <trkpt lat="-22.389699" lon="-44.942218">
        <ele>1065.56</ele>
      </trkpt>
      <trkpt lat="-22.389671" lon="-44.942236">
        <ele>1064.94</ele>
      </trkpt>
      <trkpt lat="-22.389643" lon="-44.942255">
        <ele>1064.4</ele>
      </trkpt>
      <trkpt lat="-22.389616" lon="-44.942273">
        <ele>1063.85</ele>
      </trkpt>
      <trkpt lat="-22.389588" lon="-44.942292">
        <ele>1063.3</ele>
      </trkpt>
      <trkpt lat="-22.38956" lon="-44.94231">
        <ele>1062.76</ele>
      </trkpt>
      <trkpt lat="-22.389533" lon="-44.942329">
        <ele>1062.21</ele>
      </trkpt>
      <trkpt lat="-22.389507" lon="-44.942347">
        <ele>1061.77</ele>
      </trkpt>
      <trkpt lat="-22.38948" lon="-44.942366">
        <ele>1061.32</ele>
      </trkpt>
      <trkpt lat="-22.389452" lon="-44.942385">
        <ele>1060.88</ele>
      </trkpt>
      <trkpt lat="-22.389425" lon="-44.942405">
        <ele>1060.43</ele>
      </trkpt>
      <trkpt lat="-22.389395" lon="-44.942427">
        <ele>1059.99</ele>
      </trkpt>
      <trkpt lat="-22.389366" lon="-44.942449">
        <ele>1059.65</ele>
      </trkpt>
      <trkpt lat="-22.389336" lon="-44.942475">
        <ele>1059.31</ele>
      </trkpt>
      <trkpt lat="-22.389306" lon="-44.942501">
        <ele>1058.97</ele>
      </trkpt>
      <trkpt lat="-22.389277" lon="-44.942527">
        <ele>1058.63</ele>
      </trkpt>
      <trkpt lat="-22.389248" lon="-44.942553">
        <ele>1057.95</ele>
      </trkpt>
      <trkpt lat="-22.38922" lon="-44.942581">
        <ele>1057.26</ele>
      </trkpt>
      <trkpt lat="-22.389193" lon="-44.942609">
        <ele>1056.58</ele>
      </trkpt>
      <trkpt lat="-22.389168" lon="-44.942641">
        <ele>1055.9</ele>
      </trkpt>
      <trkpt lat="-22.389143" lon="-44.942673">
        <ele>1055.33</ele>
      </trkpt>
      <trkpt lat="-22.389122" lon="-44.942706">
        <ele>1054.76</ele>
      </trkpt>
      <trkpt lat="-22.389101" lon="-44.94274">
        <ele>1054.19</ele>
      </trkpt>
      <trkpt lat="-22.389085" lon="-44.942772">
        <ele>1053.62</ele>
      </trkpt>
      <trkpt lat="-22.389069" lon="-44.942805">
        <ele>1053.02</ele>
      </trkpt>
      <trkpt lat="-22.389056" lon="-44.942836">
        <ele>1052.42</ele>
      </trkpt>
      <trkpt lat="-22.389042" lon="-44.942867">
        <ele>1051.82</ele>
      </trkpt>
      <trkpt lat="-22.389029" lon="-44.942895">
        <ele>1051.22</ele>
      </trkpt>
      <trkpt lat="-22.389015" lon="-44.942923">
        <ele>1050.62</ele>
      </trkpt>
      <trkpt lat="-22.388998" lon="-44.942949">
        <ele>1050</ele>
      </trkpt>
      <trkpt lat="-22.388981" lon="-44.942974">
        <ele>1049.38</ele>
      </trkpt>
      <trkpt lat="-22.388961" lon="-44.942998">
        <ele>1048.76</ele>
      </trkpt>
      <trkpt lat="-22.38894" lon="-44.943023">
        <ele>1048.14</ele>
      </trkpt>
      <trkpt lat="-22.38892" lon="-44.943048">
        <ele>1047.52</ele>
      </trkpt>
      <trkpt lat="-22.3889" lon="-44.943072">
        <ele>1046.9</ele>
      </trkpt>
      <trkpt lat="-22.388884" lon="-44.943098">
        <ele>1046.28</ele>
      </trkpt>
      <trkpt lat="-22.388867" lon="-44.943124">
        <ele>1045.67</ele>
      </trkpt>
      <trkpt lat="-22.388853" lon="-44.943152">
        <ele>1045.05</ele>
      </trkpt>
      <trkpt lat="-22.388838" lon="-44.94318">
        <ele>1044.43</ele>
      </trkpt>
      <trkpt lat="-22.388825" lon="-44.943207">
        <ele>1043.73</ele>
      </trkpt>
      <trkpt lat="-22.388812" lon="-44.943235">
        <ele>1043.04</ele>
      </trkpt>
      <trkpt lat="-22.388795" lon="-44.943263">
        <ele>1042.34</ele>
      </trkpt>
      <trkpt lat="-22.388778" lon="-44.943291">
        <ele>1041.64</ele>
      </trkpt>
      <trkpt lat="-22.388758" lon="-44.943318">
        <ele>1040.95</ele>
      </trkpt>
      <trkpt lat="-22.388738" lon="-44.943344">
        <ele>1040.09</ele>
      </trkpt>
      <trkpt lat="-22.388718" lon="-44.943369">
        <ele>1039.24</ele>
      </trkpt>
      <trkpt lat="-22.388699" lon="-44.943394">
        <ele>1038.38</ele>
      </trkpt>
      <trkpt lat="-22.388682" lon="-44.943417">
        <ele>1037.52</ele>
      </trkpt>
      <trkpt lat="-22.388666" lon="-44.943441">
        <ele>1036.67</ele>
      </trkpt>
      <trkpt lat="-22.388647" lon="-44.943465">
        <ele>1035.65</ele>
      </trkpt>
      <trkpt lat="-22.388629" lon="-44.94349">
        <ele>1034.64</ele>
      </trkpt>
      <trkpt lat="-22.388607" lon="-44.943512">
        <ele>1033.63</ele>
      </trkpt>
      <trkpt lat="-22.388585" lon="-44.943534">
        <ele>1032.61</ele>
      </trkpt>
      <trkpt lat="-22.388561" lon="-44.943552">
        <ele>1031.6</ele>
      </trkpt>
      <trkpt lat="-22.388536" lon="-44.94357">
        <ele>1030.77</ele>
      </trkpt>
      <trkpt lat="-22.38851" lon="-44.943585">
        <ele>1029.95</ele>
      </trkpt>
      <trkpt lat="-22.388483" lon="-44.943599">
        <ele>1029.12</ele>
      </trkpt>
      <trkpt lat="-22.388456" lon="-44.94361">
        <ele>1028.29</ele>
      </trkpt>
      <trkpt lat="-22.388429" lon="-44.943621">
        <ele>1027.46</ele>
      </trkpt>
      <trkpt lat="-22.3884" lon="-44.943628">
        <ele>1026.85</ele>
      </trkpt>
      <trkpt lat="-22.388372" lon="-44.943636">
        <ele>1026.24</ele>
      </trkpt>
      <trkpt lat="-22.388342" lon="-44.943641">
        <ele>1025.63</ele>
      </trkpt>
      <trkpt lat="-22.388312" lon="-44.943647">
        <ele>1025.01</ele>
      </trkpt>
      <trkpt lat="-22.388282" lon="-44.943651">
        <ele>1024.4</ele>
      </trkpt>
      <trkpt lat="-22.388253" lon="-44.943655">
        <ele>1024.15</ele>
      </trkpt>
      <trkpt lat="-22.388227" lon="-44.943657">
        <ele>1023.9</ele>
      </trkpt>
      <trkpt lat="-22.3882" lon="-44.943659">
        <ele>1023.65</ele>
      </trkpt>
      <trkpt lat="-22.38818" lon="-44.943663">
        <ele>1023.4</ele>
      </trkpt>
      <trkpt lat="-22.38816" lon="-44.943667">
        <ele>1023.15</ele>
      </trkpt>
      <trkpt lat="-22.388145" lon="-44.943672">
        <ele>1022.9</ele>
      </trkpt>
      <trkpt lat="-22.38813" lon="-44.943677">
        <ele>1022.8</ele>
      </trkpt>
      <trkpt lat="-22.388114" lon="-44.94368">
        <ele>1022.7</ele>
      </trkpt>
      <trkpt lat="-22.388098" lon="-44.943683">
        <ele>1022.6</ele>
      </trkpt>
      <trkpt lat="-22.388078" lon="-44.943686">
        <ele>1022.5</ele>
      </trkpt>
      <trkpt lat="-22.388058" lon="-44.943688">
        <ele>1022.4</ele>
      </trkpt>
      <trkpt lat="-22.388035" lon="-44.943692">
        <ele>1022.3</ele>
      </trkpt>
      <trkpt lat="-22.388012" lon="-44.943695">
        <ele>1022.21</ele>
      </trkpt>
      <trkpt lat="-22.387988" lon="-44.943698">
        <ele>1022.31</ele>
      </trkpt>
      <trkpt lat="-22.387963" lon="-44.943702">
        <ele>1022.42</ele>
      </trkpt>
      <trkpt lat="-22.387936" lon="-44.943705">
        <ele>1022.53</ele>
      </trkpt>
      <trkpt lat="-22.387909" lon="-44.943708">
        <ele>1022.64</ele>
      </trkpt>
      <trkpt lat="-22.387881" lon="-44.943711">
        <ele>1022.75</ele>
      </trkpt>
      <trkpt lat="-22.387853" lon="-44.943714">
        <ele>1022.86</ele>
      </trkpt>
      <trkpt lat="-22.387825" lon="-44.943716">
        <ele>1022.93</ele>
      </trkpt>
      <trkpt lat="-22.387798" lon="-44.943719">
        <ele>1023.01</ele>
      </trkpt>
      <trkpt lat="-22.387778" lon="-44.943719">
        <ele>1023.09</ele>
      </trkpt>
      <trkpt lat="-22.387758" lon="-44.943718">
        <ele>1023.16</ele>
      </trkpt>
      <trkpt lat="-22.387758" lon="-44.943718">
        <ele>1023.24</ele>
      </trkpt>
      <trkpt lat="-22.387758" lon="-44.943718">
        <ele>1023.32</ele>
      </trkpt>
      <trkpt lat="-22.387758" lon="-44.943718">
        <ele>1023.39</ele>
      </trkpt>
      <trkpt lat="-22.387758" lon="-44.943718">
        <ele>1023.47</ele>
      </trkpt>
      <trkpt lat="-22.387748" lon="-44.943719">
        <ele>1023.55</ele>
      </trkpt>
      <trkpt lat="-22.387737" lon="-44.94372">
        <ele>1023.63</ele>
      </trkpt>
      <trkpt lat="-22.387727" lon="-44.943722">
        <ele>1023.7</ele>
      </trkpt>
      <trkpt lat="-22.387716" lon="-44.943723">
        <ele>1023.78</ele>
      </trkpt>
      <trkpt lat="-22.387702" lon="-44.943724">
        <ele>1023.84</ele>
      </trkpt>
      <trkpt lat="-22.387689" lon="-44.943726">
        <ele>1023.91</ele>
      </trkpt>
      <trkpt lat="-22.387674" lon="-44.943726">
        <ele>1023.97</ele>
      </trkpt>
      <trkpt lat="-22.387659" lon="-44.943726">
        <ele>1024.03</ele>
      </trkpt>
      <trkpt lat="-22.387645" lon="-44.943725">
        <ele>1024.1</ele>
      </trkpt>
      <trkpt lat="-22.387631" lon="-44.943725">
        <ele>1024.16</ele>
      </trkpt>
      <trkpt lat="-22.387616" lon="-44.943724">
        <ele>1024.23</ele>
      </trkpt>
      <trkpt lat="-22.387601" lon="-44.943724">
        <ele>1024.29</ele>
      </trkpt>
      <trkpt lat="-22.387584" lon="-44.943722">
        <ele>1024.35</ele>
      </trkpt>
      <trkpt lat="-22.387566" lon="-44.943721">
        <ele>1024.42</ele>
      </trkpt>
      <trkpt lat="-22.387546" lon="-44.943719">
        <ele>1024.41</ele>
      </trkpt>
      <trkpt lat="-22.387526" lon="-44.943716">
        <ele>1024.4</ele>
      </trkpt>
      <trkpt lat="-22.387503" lon="-44.943714">
        <ele>1024.4</ele>
      </trkpt>
      <trkpt lat="-22.387481" lon="-44.943712">
        <ele>1024.39</ele>
      </trkpt>
      <trkpt lat="-22.387457" lon="-44.94371">
        <ele>1024.38</ele>
      </trkpt>
      <trkpt lat="-22.387433" lon="-44.943708">
        <ele>1024.38</ele>
      </trkpt>
      <trkpt lat="-22.387408" lon="-44.943706">
        <ele>1024.37</ele>
      </trkpt>
      <trkpt lat="-22.387383" lon="-44.943705">
        <ele>1024.31</ele>
      </trkpt>
      <trkpt lat="-22.387357" lon="-44.943705">
        <ele>1024.25</ele>
      </trkpt>
      <trkpt lat="-22.387332" lon="-44.943704">
        <ele>1024.19</ele>
      </trkpt>
      <trkpt lat="-22.387306" lon="-44.943707">
        <ele>1024.13</ele>
      </trkpt>
      <trkpt lat="-22.387281" lon="-44.94371">
        <ele>1024.07</ele>
      </trkpt>
      <trkpt lat="-22.387255" lon="-44.943717">
        <ele>1024.01</ele>
      </trkpt>
      <trkpt lat="-22.38723" lon="-44.943724">
        <ele>1024.14</ele>
      </trkpt>
      <trkpt lat="-22.387206" lon="-44.943734">
        <ele>1024.27</ele>
      </trkpt>
      <trkpt lat="-22.387182" lon="-44.943745">
        <ele>1024.4</ele>
      </trkpt>
      <trkpt lat="-22.387161" lon="-44.943756">
        <ele>1024.53</ele>
      </trkpt>
      <trkpt lat="-22.38714" lon="-44.943768">
        <ele>1024.66</ele>
      </trkpt>
      <trkpt lat="-22.387118" lon="-44.943779">
        <ele>1024.79</ele>
      </trkpt>
      <trkpt lat="-22.387096" lon="-44.94379">
        <ele>1024.86</ele>
      </trkpt>
      <trkpt lat="-22.387072" lon="-44.943802">
        <ele>1024.92</ele>
      </trkpt>
      <trkpt lat="-22.387049" lon="-44.943813">
        <ele>1024.98</ele>
      </trkpt>
      <trkpt lat="-22.387024" lon="-44.943824">
        <ele>1025.05</ele>
      </trkpt>
      <trkpt lat="-22.387" lon="-44.943835">
        <ele>1025.11</ele>
      </trkpt>
      <trkpt lat="-22.386976" lon="-44.943844">
        <ele>1025.17</ele>
      </trkpt>
      <trkpt lat="-22.386951" lon="-44.943853">
        <ele>1025.17</ele>
      </trkpt>
      <trkpt lat="-22.386928" lon="-44.94386">
        <ele>1025.16</ele>
      </trkpt>
      <trkpt lat="-22.386904" lon="-44.943868">
        <ele>1025.15</ele>
      </trkpt>
      <trkpt lat="-22.386881" lon="-44.943876">
        <ele>1025.15</ele>
      </trkpt>
      <trkpt lat="-22.386857" lon="-44.943884">
        <ele>1025.14</ele>
      </trkpt>
      <trkpt lat="-22.386834" lon="-44.943893">
        <ele>1025.13</ele>
      </trkpt>
      <trkpt lat="-22.386812" lon="-44.943901">
        <ele>1025.2</ele>
      </trkpt>
      <trkpt lat="-22.386788" lon="-44.94391">
        <ele>1025.27</ele>
      </trkpt>
      <trkpt lat="-22.386765" lon="-44.943918">
        <ele>1025.34</ele>
      </trkpt>
      <trkpt lat="-22.386741" lon="-44.943929">
        <ele>1025.41</ele>
      </trkpt>
      <trkpt lat="-22.386717" lon="-44.94394">
        <ele>1025.48</ele>
      </trkpt>
      <trkpt lat="-22.386693" lon="-44.943955">
        <ele>1025.55</ele>
      </trkpt>
      <trkpt lat="-22.386668" lon="-44.943969">
        <ele>1025.72</ele>
      </trkpt>
      <trkpt lat="-22.386641" lon="-44.943983">
        <ele>1025.89</ele>
      </trkpt>
      <trkpt lat="-22.386615" lon="-44.943997">
        <ele>1026.06</ele>
      </trkpt>
      <trkpt lat="-22.386587" lon="-44.94401">
        <ele>1026.23</ele>
      </trkpt>
      <trkpt lat="-22.386559" lon="-44.944022">
        <ele>1026.4</ele>
      </trkpt>
      <trkpt lat="-22.38653" lon="-44.944034">
        <ele>1026.47</ele>
      </trkpt>
      <trkpt lat="-22.386501" lon="-44.944045">
        <ele>1026.54</ele>
      </trkpt>
      <trkpt lat="-22.386471" lon="-44.944057">
        <ele>1026.61</ele>
      </trkpt>
      <trkpt lat="-22.386442" lon="-44.944069">
        <ele>1026.68</ele>
      </trkpt>
      <trkpt lat="-22.386413" lon="-44.944081">
        <ele>1026.76</ele>
      </trkpt>
      <trkpt lat="-22.386385" lon="-44.944094">
        <ele>1026.71</ele>
      </trkpt>
      <trkpt lat="-22.386357" lon="-44.944105">
        <ele>1026.66</ele>
      </trkpt>
      <trkpt lat="-22.386328" lon="-44.944117">
        <ele>1026.62</ele>
      </trkpt>
      <trkpt lat="-22.386298" lon="-44.944128">
        <ele>1026.57</ele>
      </trkpt>
      <trkpt lat="-22.386269" lon="-44.944138">
        <ele>1026.52</ele>
      </trkpt>
      <trkpt lat="-22.386238" lon="-44.94415">
        <ele>1026.41</ele>
      </trkpt>
      <trkpt lat="-22.386207" lon="-44.944162">
        <ele>1026.29</ele>
      </trkpt>
      <trkpt lat="-22.386178" lon="-44.944175">
        <ele>1026.17</ele>
      </trkpt>
      <trkpt lat="-22.386149" lon="-44.944188">
        <ele>1026.05</ele>
      </trkpt>
      <trkpt lat="-22.386123" lon="-44.944203">
        <ele>1025.94</ele>
      </trkpt>
      <trkpt lat="-22.386098" lon="-44.944217">
        <ele>1025.71</ele>
      </trkpt>
      <trkpt lat="-22.386076" lon="-44.944233">
        <ele>1025.48</ele>
      </trkpt>
      <trkpt lat="-22.386053" lon="-44.94425">
        <ele>1025.26</ele>
      </trkpt>
      <trkpt lat="-22.386033" lon="-44.944267">
        <ele>1025.03</ele>
      </trkpt>
      <trkpt lat="-22.386013" lon="-44.944285">
        <ele>1024.81</ele>
      </trkpt>
      <trkpt lat="-22.385992" lon="-44.944305">
        <ele>1024.58</ele>
      </trkpt>
      <trkpt lat="-22.385971" lon="-44.944325">
        <ele>1024.47</ele>
      </trkpt>
      <trkpt lat="-22.38595" lon="-44.944346">
        <ele>1024.36</ele>
      </trkpt>
      <trkpt lat="-22.38593" lon="-44.944368">
        <ele>1024.24</ele>
      </trkpt>
      <trkpt lat="-22.38591" lon="-44.944389">
        <ele>1024.13</ele>
      </trkpt>
      <trkpt lat="-22.385891" lon="-44.944411">
        <ele>1024.02</ele>
      </trkpt>
      <trkpt lat="-22.38587" lon="-44.944432">
        <ele>1024.01</ele>
      </trkpt>
      <trkpt lat="-22.38585" lon="-44.944452">
        <ele>1024</ele>
      </trkpt>
      <trkpt lat="-22.385828" lon="-44.944472">
        <ele>1023.99</ele>
      </trkpt>
      <trkpt lat="-22.385806" lon="-44.944491">
        <ele>1023.98</ele>
      </trkpt>
      <trkpt lat="-22.385778" lon="-44.94451">
        <ele>1023.98</ele>
      </trkpt>
      <trkpt lat="-22.385751" lon="-44.944529">
        <ele>1023.87</ele>
      </trkpt>
      <trkpt lat="-22.385719" lon="-44.944546">
        <ele>1023.77</ele>
      </trkpt>
      <trkpt lat="-22.385686" lon="-44.944564">
        <ele>1023.66</ele>
      </trkpt>
      <trkpt lat="-22.385652" lon="-44.944579">
        <ele>1023.56</ele>
      </trkpt>
      <trkpt lat="-22.385618" lon="-44.944595">
        <ele>1023.45</ele>
      </trkpt>
      <trkpt lat="-22.385585" lon="-44.94461">
        <ele>1023.34</ele>
      </trkpt>
      <trkpt lat="-22.385552" lon="-44.944624">
        <ele>1023.23</ele>
      </trkpt>
      <trkpt lat="-22.385521" lon="-44.94464">
        <ele>1023.13</ele>
      </trkpt>
      <trkpt lat="-22.38549" lon="-44.944655">
        <ele>1023</ele>
      </trkpt>
      <trkpt lat="-22.38546" lon="-44.944668">
        <ele>1022.86</ele>
      </trkpt>
      <trkpt lat="-22.38543" lon="-44.944682">
        <ele>1022.73</ele>
      </trkpt>
      <trkpt lat="-22.385399" lon="-44.944691">
        <ele>1022.6</ele>
      </trkpt>
      <trkpt lat="-22.385369" lon="-44.9447">
        <ele>1022.47</ele>
      </trkpt>
      <trkpt lat="-22.385338" lon="-44.944707">
        <ele>1022.01</ele>
      </trkpt>
      <trkpt lat="-22.385307" lon="-44.944715">
        <ele>1021.55</ele>
      </trkpt>
      <trkpt lat="-22.385276" lon="-44.944723">
        <ele>1021.09</ele>
      </trkpt>
      <trkpt lat="-22.385245" lon="-44.944731">
        <ele>1020.63</ele>
      </trkpt>
      <trkpt lat="-22.385214" lon="-44.944742">
        <ele>1020.17</ele>
      </trkpt>
      <trkpt lat="-22.385184" lon="-44.944752">
        <ele>1019.7</ele>
      </trkpt>
      <trkpt lat="-22.385152" lon="-44.944768">
        <ele>1019.23</ele>
      </trkpt>
      <trkpt lat="-22.38512" lon="-44.944783">
        <ele>1018.76</ele>
      </trkpt>
      <trkpt lat="-22.385089" lon="-44.944802">
        <ele>1018.29</ele>
      </trkpt>
      <trkpt lat="-22.385057" lon="-44.94482">
        <ele>1017.94</ele>
      </trkpt>
      <trkpt lat="-22.385027" lon="-44.94484">
        <ele>1017.59</ele>
      </trkpt>
      <trkpt lat="-22.384997" lon="-44.94486">
        <ele>1017.25</ele>
      </trkpt>
      <trkpt lat="-22.384968" lon="-44.944881">
        <ele>1016.9</ele>
      </trkpt>
      <trkpt lat="-22.38494" lon="-44.944903">
        <ele>1016.71</ele>
      </trkpt>
      <trkpt lat="-22.384911" lon="-44.944923">
        <ele>1016.53</ele>
      </trkpt>
      <trkpt lat="-22.384883" lon="-44.944943">
        <ele>1016.34</ele>
      </trkpt>
      <trkpt lat="-22.384854" lon="-44.944961">
        <ele>1016.15</ele>
      </trkpt>
      <trkpt lat="-22.384826" lon="-44.944979">
        <ele>1015.89</ele>
      </trkpt>
      <trkpt lat="-22.384795" lon="-44.944995">
        <ele>1015.63</ele>
      </trkpt>
      <trkpt lat="-22.384765" lon="-44.945011">
        <ele>1015.36</ele>
      </trkpt>
      <trkpt lat="-22.384732" lon="-44.945023">
        <ele>1015.1</ele>
      </trkpt>
      <trkpt lat="-22.384699" lon="-44.945035">
        <ele>1014.66</ele>
      </trkpt>
      <trkpt lat="-22.384665" lon="-44.945045">
        <ele>1014.21</ele>
      </trkpt>
      <trkpt lat="-22.38463" lon="-44.945055">
        <ele>1013.77</ele>
      </trkpt>
      <trkpt lat="-22.384594" lon="-44.945066">
        <ele>1013.33</ele>
      </trkpt>
      <trkpt lat="-22.384559" lon="-44.945077">
        <ele>1012.68</ele>
      </trkpt>
      <trkpt lat="-22.384524" lon="-44.945091">
        <ele>1012.03</ele>
      </trkpt>
      <trkpt lat="-22.384489" lon="-44.945104">
        <ele>1011.38</ele>
      </trkpt>
      <trkpt lat="-22.384456" lon="-44.945118">
        <ele>1010.73</ele>
      </trkpt>
      <trkpt lat="-22.384424" lon="-44.945131">
        <ele>1010.26</ele>
      </trkpt>
      <trkpt lat="-22.384396" lon="-44.945148">
        <ele>1009.79</ele>
      </trkpt>
      <trkpt lat="-22.384369" lon="-44.945165">
        <ele>1009.32</ele>
      </trkpt>
      <trkpt lat="-22.384344" lon="-44.945185">
        <ele>1008.86</ele>
      </trkpt>
      <trkpt lat="-22.384319" lon="-44.945205">
        <ele>1008.39</ele>
      </trkpt>
      <trkpt lat="-22.384295" lon="-44.945225">
        <ele>1008.19</ele>
      </trkpt>
      <trkpt lat="-22.38427" lon="-44.945245">
        <ele>1008</ele>
      </trkpt>
      <trkpt lat="-22.384246" lon="-44.945264">
        <ele>1007.8</ele>
      </trkpt>
      <trkpt lat="-22.384221" lon="-44.945282">
        <ele>1007.61</ele>
      </trkpt>
      <trkpt lat="-22.384195" lon="-44.945299">
        <ele>1007.42</ele>
      </trkpt>
      <trkpt lat="-22.384168" lon="-44.945316">
        <ele>1007.05</ele>
      </trkpt>
      <trkpt lat="-22.384139" lon="-44.945328">
        <ele>1006.69</ele>
      </trkpt>
      <trkpt lat="-22.38411" lon="-44.94534">
        <ele>1006.33</ele>
      </trkpt>
      <trkpt lat="-22.384075" lon="-44.945349">
        <ele>1005.97</ele>
      </trkpt>
      <trkpt lat="-22.38404" lon="-44.945358">
        <ele>1005.61</ele>
      </trkpt>
      <trkpt lat="-22.383999" lon="-44.945363">
        <ele>1004.88</ele>
      </trkpt>
      <trkpt lat="-22.383959" lon="-44.945369">
        <ele>1004.16</ele>
      </trkpt>
      <trkpt lat="-22.383917" lon="-44.945373">
        <ele>1003.43</ele>
      </trkpt>
      <trkpt lat="-22.383875" lon="-44.945377">
        <ele>1002.7</ele>
      </trkpt>
      <trkpt lat="-22.383834" lon="-44.945382">
        <ele>1002.01</ele>
      </trkpt>
      <trkpt lat="-22.383793" lon="-44.945387">
        <ele>1001.33</ele>
      </trkpt>
      <trkpt lat="-22.383756" lon="-44.945395">
        <ele>1000.65</ele>
      </trkpt>
      <trkpt lat="-22.383719" lon="-44.945403">
        <ele>999.96</ele>
      </trkpt>
      <trkpt lat="-22.383686" lon="-44.945417">
        <ele>999.21</ele>
      </trkpt>
      <trkpt lat="-22.383652" lon="-44.945431">
        <ele>998.46</ele>
      </trkpt>
      <trkpt lat="-22.383625" lon="-44.945452">
        <ele>997.7</ele>
      </trkpt>
      <trkpt lat="-22.383597" lon="-44.945473">
        <ele>996.95</ele>
      </trkpt>
      <trkpt lat="-22.383575" lon="-44.945499">
        <ele>996.64</ele>
      </trkpt>
      <trkpt lat="-22.383553" lon="-44.945524">
        <ele>996.32</ele>
      </trkpt>
      <trkpt lat="-22.383534" lon="-44.945552">
        <ele>996.01</ele>
      </trkpt>
      <trkpt lat="-22.383516" lon="-44.94558">
        <ele>995.7</ele>
      </trkpt>
      <trkpt lat="-22.3835" lon="-44.945609">
        <ele>995.38</ele>
      </trkpt>
      <trkpt lat="-22.383484" lon="-44.945639">
        <ele>994.9</ele>
      </trkpt>
      <trkpt lat="-22.38347" lon="-44.945667">
        <ele>994.42</ele>
      </trkpt>
      <trkpt lat="-22.383456" lon="-44.945695">
        <ele>993.94</ele>
      </trkpt>
      <trkpt lat="-22.383444" lon="-44.945724">
        <ele>993.45</ele>
      </trkpt>
      <trkpt lat="-22.383432" lon="-44.945753">
        <ele>992.97</ele>
      </trkpt>
      <trkpt lat="-22.38342" lon="-44.945783">
        <ele>992.44</ele>
      </trkpt>
      <trkpt lat="-22.383408" lon="-44.945813">
        <ele>991.92</ele>
      </trkpt>
      <trkpt lat="-22.383394" lon="-44.945842">
        <ele>991.39</ele>
      </trkpt>
      <trkpt lat="-22.38338" lon="-44.945871">
        <ele>990.86</ele>
      </trkpt>
      <trkpt lat="-22.383362" lon="-44.945899">
        <ele>990.34</ele>
      </trkpt>
      <trkpt lat="-22.383343" lon="-44.945928">
        <ele>989.92</ele>
      </trkpt>
      <trkpt lat="-22.383322" lon="-44.945956">
        <ele>989.51</ele>
      </trkpt>
      <trkpt lat="-22.3833" lon="-44.945984">
        <ele>989.1</ele>
      </trkpt>
      <trkpt lat="-22.383279" lon="-44.946011">
        <ele>988.69</ele>
      </trkpt>
      <trkpt lat="-22.383258" lon="-44.946038">
        <ele>988.27</ele>
      </trkpt>
      <trkpt lat="-22.383238" lon="-44.946063">
        <ele>987.9</ele>
      </trkpt>
      <trkpt lat="-22.383219" lon="-44.946088">
        <ele>987.52</ele>
      </trkpt>
      <trkpt lat="-22.383207" lon="-44.946112">
        <ele>987.14</ele>
      </trkpt>
      <trkpt lat="-22.383194" lon="-44.946136">
        <ele>986.77</ele>
      </trkpt>
      <trkpt lat="-22.383197" lon="-44.946158">
        <ele>986.39</ele>
      </trkpt>
      <trkpt lat="-22.3832" lon="-44.94618">
        <ele>986.01</ele>
      </trkpt>
      <trkpt lat="-22.383218" lon="-44.946193">
        <ele>985.74</ele>
      </trkpt>
      <trkpt lat="-22.383237" lon="-44.946206">
        <ele>985.46</ele>
      </trkpt>
      <trkpt lat="-22.383263" lon="-44.946206">
        <ele>985.19</ele>
      </trkpt>
      <trkpt lat="-22.38329" lon="-44.946205">
        <ele>984.92</ele>
      </trkpt>
      <trkpt lat="-22.383319" lon="-44.946194">
        <ele>984.64</ele>
      </trkpt>
      <trkpt lat="-22.383349" lon="-44.946183">
        <ele>984.37</ele>
      </trkpt>
      <trkpt lat="-22.383379" lon="-44.946169">
        <ele>984.5</ele>
      </trkpt>
      <trkpt lat="-22.383409" lon="-44.946155">
        <ele>984.62</ele>
      </trkpt>
      <trkpt lat="-22.383439" lon="-44.946143">
        <ele>984.75</ele>
      </trkpt>
      <trkpt lat="-22.383469" lon="-44.94613">
        <ele>984.88</ele>
      </trkpt>
      <trkpt lat="-22.383498" lon="-44.946119">
        <ele>985</ele>
      </trkpt>
      <trkpt lat="-22.383527" lon="-44.946108">
        <ele>985.36</ele>
      </trkpt>
      <trkpt lat="-22.383553" lon="-44.946101">
        <ele>985.72</ele>
      </trkpt>
      <trkpt lat="-22.383579" lon="-44.946094">
        <ele>986.08</ele>
      </trkpt>
      <trkpt lat="-22.383604" lon="-44.946089">
        <ele>986.44</ele>
      </trkpt>
      <trkpt lat="-22.383629" lon="-44.946083">
        <ele>986.8</ele>
      </trkpt>
      <trkpt lat="-22.383652" lon="-44.946081">
        <ele>987.06</ele>
      </trkpt>
      <trkpt lat="-22.383675" lon="-44.946078">
        <ele>987.31</ele>
      </trkpt>
      <trkpt lat="-22.383697" lon="-44.946077">
        <ele>987.57</ele>
      </trkpt>
      <trkpt lat="-22.383719" lon="-44.946076">
        <ele>987.83</ele>
      </trkpt>
      <trkpt lat="-22.38374" lon="-44.946075">
        <ele>988.09</ele>
      </trkpt>
      <trkpt lat="-22.383761" lon="-44.946074">
        <ele>988.35</ele>
      </trkpt>
      <trkpt lat="-22.383785" lon="-44.946073">
        <ele>988.61</ele>
      </trkpt>
      <trkpt lat="-22.383809" lon="-44.946072">
        <ele>989.14</ele>
      </trkpt>
      <trkpt lat="-22.383835" lon="-44.946071">
        <ele>989.67</ele>
      </trkpt>
      <trkpt lat="-22.38386" lon="-44.946069">
        <ele>990.21</ele>
      </trkpt>
      <trkpt lat="-22.383886" lon="-44.946067">
        <ele>990.74</ele>
      </trkpt>
      <trkpt lat="-22.383912" lon="-44.946065">
        <ele>991.28</ele>
      </trkpt>
      <trkpt lat="-22.383939" lon="-44.946064">
        <ele>991.81</ele>
      </trkpt>
      <trkpt lat="-22.383966" lon="-44.946062">
        <ele>992.58</ele>
      </trkpt>
      <trkpt lat="-22.383994" lon="-44.946059">
        <ele>993.35</ele>
      </trkpt>
      <trkpt lat="-22.384022" lon="-44.946057">
        <ele>994.11</ele>
      </trkpt>
      <trkpt lat="-22.384053" lon="-44.946053">
        <ele>994.88</ele>
      </trkpt>
      <trkpt lat="-22.384084" lon="-44.946048">
        <ele>995.64</ele>
      </trkpt>
      <trkpt lat="-22.384116" lon="-44.946045">
        <ele>996.43</ele>
      </trkpt>
      <trkpt lat="-22.384147" lon="-44.946042">
        <ele>997.22</ele>
      </trkpt>
      <trkpt lat="-22.384177" lon="-44.946042">
        <ele>998</ele>
      </trkpt>
      <trkpt lat="-22.384207" lon="-44.946043">
        <ele>998.79</ele>
      </trkpt>
      <trkpt lat="-22.384237" lon="-44.946045">
        <ele>999.57</ele>
      </trkpt>
      <trkpt lat="-22.384266" lon="-44.946048">
        <ele>1000.19</ele>
      </trkpt>
      <trkpt lat="-22.384295" lon="-44.946051">
        <ele>1000.81</ele>
      </trkpt>
      <trkpt lat="-22.384323" lon="-44.946055">
        <ele>1001.43</ele>
      </trkpt>
      <trkpt lat="-22.384352" lon="-44.946059">
        <ele>1002.05</ele>
      </trkpt>
      <trkpt lat="-22.384381" lon="-44.946064">
        <ele>1002.67</ele>
      </trkpt>
      <trkpt lat="-22.38441" lon="-44.946066">
        <ele>1003.39</ele>
      </trkpt>
      <trkpt lat="-22.384439" lon="-44.946069">
        <ele>1004.12</ele>
      </trkpt>
      <trkpt lat="-22.384469" lon="-44.946069">
        <ele>1004.84</ele>
      </trkpt>
      <trkpt lat="-22.384499" lon="-44.94607">
        <ele>1005.56</ele>
      </trkpt>
      <trkpt lat="-22.384527" lon="-44.946071">
        <ele>1006.29</ele>
      </trkpt>
      <trkpt lat="-22.384555" lon="-44.946072">
        <ele>1006.67</ele>
      </trkpt>
      <trkpt lat="-22.384582" lon="-44.946077">
        <ele>1007.04</ele>
      </trkpt>
      <trkpt lat="-22.38461" lon="-44.946082">
        <ele>1007.42</ele>
      </trkpt>
      <trkpt lat="-22.384637" lon="-44.94609">
        <ele>1007.8</ele>
      </trkpt>
      <trkpt lat="-22.384664" lon="-44.946099">
        <ele>1008.18</ele>
      </trkpt>
      <trkpt lat="-22.384692" lon="-44.94611">
        <ele>1008.31</ele>
      </trkpt>
      <trkpt lat="-22.38472" lon="-44.946121">
        <ele>1008.45</ele>
      </trkpt>
      <trkpt lat="-22.38475" lon="-44.946133">
        <ele>1008.59</ele>
      </trkpt>
      <trkpt lat="-22.38478" lon="-44.946144">
        <ele>1008.73</ele>
      </trkpt>
      <trkpt lat="-22.38481" lon="-44.946156">
        <ele>1008.86</ele>
      </trkpt>
      <trkpt lat="-22.384841" lon="-44.946167">
        <ele>1008.76</ele>
      </trkpt>
      <trkpt lat="-22.384873" lon="-44.946178">
        <ele>1008.65</ele>
      </trkpt>
      <trkpt lat="-22.384905" lon="-44.946189">
        <ele>1008.54</ele>
      </trkpt>
      <trkpt lat="-22.384937" lon="-44.946199">
        <ele>1008.43</ele>
      </trkpt>
      <trkpt lat="-22.38497" lon="-44.946209">
        <ele>1008.32</ele>
      </trkpt>
      <trkpt lat="-22.385" lon="-44.946219">
        <ele>1008.2</ele>
      </trkpt>
      <trkpt lat="-22.38503" lon="-44.946228">
        <ele>1008.08</ele>
      </trkpt>
      <trkpt lat="-22.385059" lon="-44.946237">
        <ele>1007.96</ele>
      </trkpt>
      <trkpt lat="-22.385088" lon="-44.946247">
        <ele>1007.84</ele>
      </trkpt>
      <trkpt lat="-22.385117" lon="-44.946256">
        <ele>1007.72</ele>
      </trkpt>
      <trkpt lat="-22.385146" lon="-44.946266">
        <ele>1007.38</ele>
      </trkpt>
      <trkpt lat="-22.385175" lon="-44.946278">
        <ele>1007.04</ele>
      </trkpt>
      <trkpt lat="-22.385204" lon="-44.94629">
        <ele>1006.7</ele>
      </trkpt>
      <trkpt lat="-22.385234" lon="-44.946307">
        <ele>1006.36</ele>
      </trkpt>
      <trkpt lat="-22.385263" lon="-44.946323">
        <ele>1006.02</ele>
      </trkpt>
      <trkpt lat="-22.385294" lon="-44.946342">
        <ele>1005.59</ele>
      </trkpt>
      <trkpt lat="-22.385325" lon="-44.946361">
        <ele>1005.16</ele>
      </trkpt>
      <trkpt lat="-22.385354" lon="-44.946378">
        <ele>1004.73</ele>
      </trkpt>
      <trkpt lat="-22.385383" lon="-44.946395">
        <ele>1004.3</ele>
      </trkpt>
      <trkpt lat="-22.385406" lon="-44.946411">
        <ele>1003.74</ele>
      </trkpt>
      <trkpt lat="-22.385428" lon="-44.946426">
        <ele>1003.19</ele>
      </trkpt>
      <trkpt lat="-22.385442" lon="-44.946443">
        <ele>1002.64</ele>
      </trkpt>
      <trkpt lat="-22.385456" lon="-44.946461">
        <ele>1002.08</ele>
      </trkpt>
      <trkpt lat="-22.385464" lon="-44.946481">
        <ele>1001.53</ele>
      </trkpt>
      <trkpt lat="-22.385472" lon="-44.946501">
        <ele>1000.97</ele>
      </trkpt>
      <trkpt lat="-22.38547" lon="-44.946517">
        <ele>1000.29</ele>
      </trkpt>
      <trkpt lat="-22.385469" lon="-44.946533">
        <ele>999.61</ele>
      </trkpt>
      <trkpt lat="-22.385462" lon="-44.946546">
        <ele>998.93</ele>
      </trkpt>
      <trkpt lat="-22.385455" lon="-44.946558">
        <ele>998.24</ele>
      </trkpt>
      <trkpt lat="-22.38545" lon="-44.946574">
        <ele>997.56</ele>
      </trkpt>
      <trkpt lat="-22.385446" lon="-44.946589">
        <ele>996.88</ele>
      </trkpt>
      <trkpt lat="-22.385448" lon="-44.946611">
        <ele>996.2</ele>
      </trkpt>
      <trkpt lat="-22.38545" lon="-44.946633">
        <ele>995.52</ele>
      </trkpt>
      <trkpt lat="-22.385459" lon="-44.946657">
        <ele>994.83</ele>
      </trkpt>
      <trkpt lat="-22.385469" lon="-44.946681">
        <ele>994.07</ele>
      </trkpt>
      <trkpt lat="-22.385482" lon="-44.946703">
        <ele>993.31</ele>
      </trkpt>
      <trkpt lat="-22.385495" lon="-44.946724">
        <ele>992.55</ele>
      </trkpt>
      <trkpt lat="-22.385512" lon="-44.946743">
        <ele>991.79</ele>
      </trkpt>
      <trkpt lat="-22.385528" lon="-44.946763">
        <ele>991.03</ele>
      </trkpt>
      <trkpt lat="-22.385546" lon="-44.946783">
        <ele>990.27</ele>
      </trkpt>
      <trkpt lat="-22.385564" lon="-44.946804">
        <ele>989.62</ele>
      </trkpt>
      <trkpt lat="-22.385574" lon="-44.946825">
        <ele>988.97</ele>
      </trkpt>
      <trkpt lat="-22.385585" lon="-44.946846">
        <ele>988.32</ele>
      </trkpt>
      <trkpt lat="-22.385582" lon="-44.946862">
        <ele>987.67</ele>
      </trkpt>
      <trkpt lat="-22.385578" lon="-44.946879">
        <ele>987.02</ele>
      </trkpt>
      <trkpt lat="-22.38556" lon="-44.946893">
        <ele>986.37</ele>
      </trkpt>
      <trkpt lat="-22.385541" lon="-44.946908">
        <ele>985.72</ele>
      </trkpt>
      <trkpt lat="-22.385513" lon="-44.946919">
        <ele>985.25</ele>
      </trkpt>
      <trkpt lat="-22.385486" lon="-44.946931">
        <ele>984.79</ele>
      </trkpt>
      <trkpt lat="-22.385458" lon="-44.946941">
        <ele>984.32</ele>
      </trkpt>
      <trkpt lat="-22.38543" lon="-44.946952">
        <ele>983.85</ele>
      </trkpt>
      <trkpt lat="-22.385405" lon="-44.946963">
        <ele>983.38</ele>
      </trkpt>
      <trkpt lat="-22.38538" lon="-44.946974">
        <ele>982.66</ele>
      </trkpt>
      <trkpt lat="-22.38536" lon="-44.946991">
        <ele>981.94</ele>
      </trkpt>
      <trkpt lat="-22.385339" lon="-44.947008">
        <ele>981.22</ele>
      </trkpt>
      <trkpt lat="-22.385317" lon="-44.947029">
        <ele>980.49</ele>
      </trkpt>
      <trkpt lat="-22.385296" lon="-44.94705">
        <ele>979.77</ele>
      </trkpt>
      <trkpt lat="-22.38527" lon="-44.947068">
        <ele>979.09</ele>
      </trkpt>
      <trkpt lat="-22.385244" lon="-44.947086">
        <ele>978.41</ele>
      </trkpt>
      <trkpt lat="-22.385215" lon="-44.9471">
        <ele>977.73</ele>
      </trkpt>
      <trkpt lat="-22.385186" lon="-44.947114">
        <ele>977.04</ele>
      </trkpt>
      <trkpt lat="-22.385157" lon="-44.947124">
        <ele>976.36</ele>
      </trkpt>
      <trkpt lat="-22.385129" lon="-44.947135">
        <ele>976.08</ele>
      </trkpt>
      <trkpt lat="-22.385102" lon="-44.947142">
        <ele>975.8</ele>
      </trkpt>
      <trkpt lat="-22.385076" lon="-44.947149">
        <ele>975.51</ele>
      </trkpt>
      <trkpt lat="-22.385051" lon="-44.947147">
        <ele>975.23</ele>
      </trkpt>
      <trkpt lat="-22.385026" lon="-44.947145">
        <ele>974.95</ele>
      </trkpt>
      <trkpt lat="-22.385003" lon="-44.947136">
        <ele>974.67</ele>
      </trkpt>
      <trkpt lat="-22.38498" lon="-44.947126">
        <ele>974.79</ele>
      </trkpt>
      <trkpt lat="-22.384959" lon="-44.947115">
        <ele>974.91</ele>
      </trkpt>
      <trkpt lat="-22.384938" lon="-44.947104">
        <ele>975.03</ele>
      </trkpt>
      <trkpt lat="-22.384918" lon="-44.947094">
        <ele>975.15</ele>
      </trkpt>
      <trkpt lat="-22.384898" lon="-44.947084">
        <ele>975.27</ele>
      </trkpt>
      <trkpt lat="-22.384877" lon="-44.947077">
        <ele>975.39</ele>
      </trkpt>
      <trkpt lat="-22.384857" lon="-44.947069">
        <ele>974.95</ele>
      </trkpt>
      <trkpt lat="-22.384833" lon="-44.947068">
        <ele>974.5</ele>
      </trkpt>
      <trkpt lat="-22.38481" lon="-44.947067">
        <ele>974.06</ele>
      </trkpt>
      <trkpt lat="-22.384782" lon="-44.947072">
        <ele>973.61</ele>
      </trkpt>
      <trkpt lat="-22.384754" lon="-44.947077">
        <ele>973.17</ele>
      </trkpt>
      <trkpt lat="-22.384726" lon="-44.947081">
        <ele>972.73</ele>
      </trkpt>
      <trkpt lat="-22.384698" lon="-44.947085">
        <ele>972.09</ele>
      </trkpt>
      <trkpt lat="-22.384672" lon="-44.947087">
        <ele>971.45</ele>
      </trkpt>
      <trkpt lat="-22.384646" lon="-44.947089">
        <ele>970.81</ele>
      </trkpt>
      <trkpt lat="-22.384622" lon="-44.947095">
        <ele>970.17</ele>
      </trkpt>
      <trkpt lat="-22.384599" lon="-44.9471">
        <ele>969.54</ele>
      </trkpt>
      <trkpt lat="-22.384575" lon="-44.947107">
        <ele>968.9</ele>
      </trkpt>
      <trkpt lat="-22.384552" lon="-44.947114">
        <ele>968.41</ele>
      </trkpt>
      <trkpt lat="-22.384527" lon="-44.947117">
        <ele>967.93</ele>
      </trkpt>
      <trkpt lat="-22.384501" lon="-44.947121">
        <ele>967.44</ele>
      </trkpt>
      <trkpt lat="-22.384476" lon="-44.947116">
        <ele>966.96</ele>
      </trkpt>
      <trkpt lat="-22.384451" lon="-44.947112">
        <ele>966.47</ele>
      </trkpt>
      <trkpt lat="-22.384427" lon="-44.947103">
        <ele>965.99</ele>
      </trkpt>
      <trkpt lat="-22.384402" lon="-44.947093">
        <ele>965.95</ele>
      </trkpt>
      <trkpt lat="-22.38438" lon="-44.947077">
        <ele>965.91</ele>
      </trkpt>
      <trkpt lat="-22.384357" lon="-44.947061">
        <ele>965.88</ele>
      </trkpt>
      <trkpt lat="-22.384339" lon="-44.947041">
        <ele>965.84</ele>
      </trkpt>
      <trkpt lat="-22.38432" lon="-44.947021">
        <ele>965.8</ele>
      </trkpt>
      <trkpt lat="-22.384305" lon="-44.947001">
        <ele>965.77</ele>
      </trkpt>
      <trkpt lat="-22.384289" lon="-44.946982">
        <ele>965.92</ele>
      </trkpt>
      <trkpt lat="-22.384279" lon="-44.946962">
        <ele>966.07</ele>
      </trkpt>
      <trkpt lat="-22.384269" lon="-44.946942">
        <ele>966.21</ele>
      </trkpt>
      <trkpt lat="-22.384258" lon="-44.946923">
        <ele>966.36</ele>
      </trkpt>
      <trkpt lat="-22.384248" lon="-44.946904">
        <ele>966.51</ele>
      </trkpt>
      <trkpt lat="-22.38423" lon="-44.946888">
        <ele>966.66</ele>
      </trkpt>
      <trkpt lat="-22.384213" lon="-44.946872">
        <ele>966.81</ele>
      </trkpt>
      <trkpt lat="-22.384189" lon="-44.946861">
        <ele>966.53</ele>
      </trkpt>
      <trkpt lat="-22.384166" lon="-44.94685">
        <ele>966.26</ele>
      </trkpt>
      <trkpt lat="-22.384139" lon="-44.946842">
        <ele>965.98</ele>
      </trkpt>
      <trkpt lat="-22.384112" lon="-44.946834">
        <ele>965.71</ele>
      </trkpt>
      <trkpt lat="-22.384084" lon="-44.946828">
        <ele>965.43</ele>
      </trkpt>
      <trkpt lat="-22.384056" lon="-44.946822">
        <ele>965.24</ele>
      </trkpt>
      <trkpt lat="-22.38403" lon="-44.946817">
        <ele>965.04</ele>
      </trkpt>
      <trkpt lat="-22.384004" lon="-44.946812">
        <ele>964.85</ele>
      </trkpt>
      <trkpt lat="-22.383979" lon="-44.946807">
        <ele>964.65</ele>
      </trkpt>
      <trkpt lat="-22.383954" lon="-44.946803">
        <ele>964.46</ele>
      </trkpt>
      <trkpt lat="-22.383928" lon="-44.946802">
        <ele>964.26</ele>
      </trkpt>
      <trkpt lat="-22.383903" lon="-44.9468">
        <ele>964.11</ele>
      </trkpt>
      <trkpt lat="-22.383877" lon="-44.946803">
        <ele>963.95</ele>
      </trkpt>
      <trkpt lat="-22.383852" lon="-44.946806">
        <ele>963.8</ele>
      </trkpt>
      <trkpt lat="-22.383826" lon="-44.946808">
        <ele>963.65</ele>
      </trkpt>
      <trkpt lat="-22.3838" lon="-44.946811">
        <ele>963.49</ele>
      </trkpt>
      <trkpt lat="-22.383772" lon="-44.94681">
        <ele>963.34</ele>
      </trkpt>
      <trkpt lat="-22.383744" lon="-44.946809">
        <ele>963.47</ele>
      </trkpt>
      <trkpt lat="-22.383716" lon="-44.946809">
        <ele>963.61</ele>
      </trkpt>
      <trkpt lat="-22.383688" lon="-44.946809">
        <ele>963.74</ele>
      </trkpt>
      <trkpt lat="-22.383663" lon="-44.946815">
        <ele>963.88</ele>
      </trkpt>
      <trkpt lat="-22.383639" lon="-44.946822">
        <ele>964.01</ele>
      </trkpt>
      <trkpt lat="-22.383616" lon="-44.946839">
        <ele>964.14</ele>
      </trkpt>
      <trkpt lat="-22.383593" lon="-44.946855">
        <ele>963.95</ele>
      </trkpt>
      <trkpt lat="-22.383571" lon="-44.946877">
        <ele>963.75</ele>
      </trkpt>
      <trkpt lat="-22.383549" lon="-44.9469">
        <ele>963.55</ele>
      </trkpt>
      <trkpt lat="-22.383528" lon="-44.946923">
        <ele>963.36</ele>
      </trkpt>
      <trkpt lat="-22.383506" lon="-44.946946">
        <ele>963.16</ele>
      </trkpt>
      <trkpt lat="-22.383487" lon="-44.946968">
        <ele>963.11</ele>
      </trkpt>
      <trkpt lat="-22.383467" lon="-44.946989">
        <ele>963.07</ele>
      </trkpt>
      <trkpt lat="-22.383448" lon="-44.947011">
        <ele>963.02</ele>
      </trkpt>
      <trkpt lat="-22.383428" lon="-44.947034">
        <ele>962.98</ele>
      </trkpt>
      <trkpt lat="-22.383407" lon="-44.947059">
        <ele>962.94</ele>
      </trkpt>
      <trkpt lat="-22.383386" lon="-44.947084">
        <ele>963.1</ele>
      </trkpt>
      <trkpt lat="-22.383363" lon="-44.947111">
        <ele>963.26</ele>
      </trkpt>
      <trkpt lat="-22.383341" lon="-44.947138">
        <ele>963.42</ele>
      </trkpt>
      <trkpt lat="-22.383317" lon="-44.947166">
        <ele>963.58</ele>
      </trkpt>
      <trkpt lat="-22.383293" lon="-44.947194">
        <ele>963.75</ele>
      </trkpt>
      <trkpt lat="-22.38327" lon="-44.947217">
        <ele>964.08</ele>
      </trkpt>
      <trkpt lat="-22.383246" lon="-44.94724">
        <ele>964.42</ele>
      </trkpt>
      <trkpt lat="-22.383225" lon="-44.947255">
        <ele>964.76</ele>
      </trkpt>
      <trkpt lat="-22.383204" lon="-44.947271">
        <ele>965.09</ele>
      </trkpt>
      <trkpt lat="-22.383184" lon="-44.94728">
        <ele>965.43</ele>
      </trkpt>
      <trkpt lat="-22.383163" lon="-44.94729">
        <ele>965.86</ele>
      </trkpt>
      <trkpt lat="-22.383143" lon="-44.947296">
        <ele>966.29</ele>
      </trkpt>
      <trkpt lat="-22.383123" lon="-44.947302">
        <ele>966.72</ele>
      </trkpt>
      <trkpt lat="-22.383103" lon="-44.947308">
        <ele>967.16</ele>
      </trkpt>
      <trkpt lat="-22.383083" lon="-44.947314">
        <ele>967.59</ele>
      </trkpt>
      <trkpt lat="-22.383063" lon="-44.947323">
        <ele>968.02</ele>
      </trkpt>
      <trkpt lat="-22.383043" lon="-44.947331">
        <ele>968.45</ele>
      </trkpt>
      <trkpt lat="-22.383023" lon="-44.947345">
        <ele>968.59</ele>
      </trkpt>
      <trkpt lat="-22.383002" lon="-44.947358">
        <ele>968.72</ele>
      </trkpt>
      <trkpt lat="-22.382982" lon="-44.947378">
        <ele>968.86</ele>
      </trkpt>
      <trkpt lat="-22.382961" lon="-44.947397">
        <ele>968.99</ele>
      </trkpt>
      <trkpt lat="-22.38294" lon="-44.947421">
        <ele>969.13</ele>
      </trkpt>
      <trkpt lat="-22.382919" lon="-44.947445">
        <ele>969.26</ele>
      </trkpt>
      <trkpt lat="-22.382894" lon="-44.947471">
        <ele>969.04</ele>
      </trkpt>
      <trkpt lat="-22.38287" lon="-44.947498">
        <ele>968.81</ele>
      </trkpt>
      <trkpt lat="-22.382845" lon="-44.947524">
        <ele>968.59</ele>
      </trkpt>
      <trkpt lat="-22.382821" lon="-44.947551">
        <ele>968.37</ele>
      </trkpt>
      <trkpt lat="-22.382805" lon="-44.94758">
        <ele>967.67</ele>
      </trkpt>
      <trkpt lat="-22.382788" lon="-44.947609">
        <ele>966.98</ele>
      </trkpt>
      <trkpt lat="-22.382783" lon="-44.947641">
        <ele>966.28</ele>
      </trkpt>
      <trkpt lat="-22.382778" lon="-44.947673">
        <ele>965.59</ele>
      </trkpt>
      <trkpt lat="-22.382781" lon="-44.947707">
        <ele>964.89</ele>
      </trkpt>
      <trkpt lat="-22.382783" lon="-44.947742">
        <ele>964.13</ele>
      </trkpt>
      <trkpt lat="-22.382787" lon="-44.947775">
        <ele>963.38</ele>
      </trkpt>
      <trkpt lat="-22.38279" lon="-44.947809">
        <ele>962.62</ele>
      </trkpt>
      <trkpt lat="-22.382787" lon="-44.947839">
        <ele>961.86</ele>
      </trkpt>
      <trkpt lat="-22.382785" lon="-44.94787">
        <ele>961.1</ele>
      </trkpt>
      <trkpt lat="-22.382773" lon="-44.947896">
        <ele>960.6</ele>
      </trkpt>
      <trkpt lat="-22.382762" lon="-44.947923">
        <ele>960.09</ele>
      </trkpt>
      <trkpt lat="-22.38275" lon="-44.947949">
        <ele>959.58</ele>
      </trkpt>
      <trkpt lat="-22.382738" lon="-44.947976">
        <ele>959.07</ele>
      </trkpt>
      <trkpt lat="-22.382731" lon="-44.948004">
        <ele>958.56</ele>
      </trkpt>
      <trkpt lat="-22.382725" lon="-44.948033">
        <ele>957.99</ele>
      </trkpt>
      <trkpt lat="-22.382725" lon="-44.948062">
        <ele>957.41</ele>
      </trkpt>
      <trkpt lat="-22.382725" lon="-44.948092">
        <ele>956.83</ele>
      </trkpt>
      <trkpt lat="-22.382729" lon="-44.948116">
        <ele>956.26</ele>
      </trkpt>
      <trkpt lat="-22.382734" lon="-44.948141">
        <ele>955.68</ele>
      </trkpt>
      <trkpt lat="-22.382739" lon="-44.948158">
        <ele>955.1</ele>
      </trkpt>
      <trkpt lat="-22.382745" lon="-44.948176">
        <ele>954.79</ele>
      </trkpt>
      <trkpt lat="-22.382752" lon="-44.94819">
        <ele>954.47</ele>
      </trkpt>
      <trkpt lat="-22.382759" lon="-44.948203">
        <ele>954.16</ele>
      </trkpt>
      <trkpt lat="-22.382766" lon="-44.948217">
        <ele>953.84</ele>
      </trkpt>
      <trkpt lat="-22.382773" lon="-44.948231">
        <ele>953.53</ele>
      </trkpt>
      <trkpt lat="-22.38278" lon="-44.948245">
        <ele>953.22</ele>
      </trkpt>
      <trkpt lat="-22.382786" lon="-44.94826">
        <ele>952.9</ele>
      </trkpt>
      <trkpt lat="-22.382791" lon="-44.948276">
        <ele>952.59</ele>
      </trkpt>
      <trkpt lat="-22.382796" lon="-44.948291">
        <ele>952.27</ele>
      </trkpt>
      <trkpt lat="-22.382799" lon="-44.948306">
        <ele>952.11</ele>
      </trkpt>
      <trkpt lat="-22.382802" lon="-44.948321">
        <ele>951.95</ele>
      </trkpt>
      <trkpt lat="-22.382805" lon="-44.948334">
        <ele>951.78</ele>
      </trkpt>
      <trkpt lat="-22.382808" lon="-44.948346">
        <ele>951.62</ele>
      </trkpt>
      <trkpt lat="-22.382811" lon="-44.948355">
        <ele>951.46</ele>
      </trkpt>
      <trkpt lat="-22.382815" lon="-44.948364">
        <ele>951.3</ele>
      </trkpt>
      <trkpt lat="-22.382819" lon="-44.94837">
        <ele>951.13</ele>
      </trkpt>
      <trkpt lat="-22.382824" lon="-44.948377">
        <ele>950.97</ele>
      </trkpt>
      <trkpt lat="-22.382829" lon="-44.948384">
        <ele>950.81</ele>
      </trkpt>
      <trkpt lat="-22.382833" lon="-44.948392">
        <ele>950.65</ele>
      </trkpt>
      <trkpt lat="-22.382839" lon="-44.948399">
        <ele>950.48</ele>
      </trkpt>
      <trkpt lat="-22.382845" lon="-44.948406">
        <ele>950.32</ele>
      </trkpt>
      <trkpt lat="-22.382854" lon="-44.948408">
        <ele>950.16</ele>
      </trkpt>
      <trkpt lat="-22.382863" lon="-44.948411">
        <ele>950</ele>
      </trkpt>
      <trkpt lat="-22.382874" lon="-44.948413">
        <ele>949.99</ele>
      </trkpt>
      <trkpt lat="-22.382886" lon="-44.948416">
        <ele>949.98</ele>
      </trkpt>
      <trkpt lat="-22.382897" lon="-44.948421">
        <ele>949.97</ele>
      </trkpt>
      <trkpt lat="-22.382909" lon="-44.948426">
        <ele>949.97</ele>
      </trkpt>
      <trkpt lat="-22.382921" lon="-44.948431">
        <ele>949.96</ele>
      </trkpt>
      <trkpt lat="-22.382933" lon="-44.948437">
        <ele>949.95</ele>
      </trkpt>
      <trkpt lat="-22.382945" lon="-44.94844">
        <ele>949.94</ele>
      </trkpt>
      <trkpt lat="-22.382958" lon="-44.948443">
        <ele>949.94</ele>
      </trkpt>
      <trkpt lat="-22.382972" lon="-44.948444">
        <ele>949.93</ele>
      </trkpt>
      <trkpt lat="-22.382986" lon="-44.948446">
        <ele>949.92</ele>
      </trkpt>
      <trkpt lat="-22.383" lon="-44.948447">
        <ele>949.91</ele>
      </trkpt>
      <trkpt lat="-22.383014" lon="-44.948448">
        <ele>950.05</ele>
      </trkpt>
      <trkpt lat="-22.383027" lon="-44.948448">
        <ele>950.19</ele>
      </trkpt>
      <trkpt lat="-22.383041" lon="-44.948447">
        <ele>950.33</ele>
      </trkpt>
      <trkpt lat="-22.383053" lon="-44.948447">
        <ele>950.46</ele>
      </trkpt>
      <trkpt lat="-22.383064" lon="-44.948446">
        <ele>950.6</ele>
      </trkpt>
      <trkpt lat="-22.383078" lon="-44.948445">
        <ele>950.74</ele>
      </trkpt>
      <trkpt lat="-22.383092" lon="-44.948445">
        <ele>950.88</ele>
      </trkpt>
      <trkpt lat="-22.383112" lon="-44.948442">
        <ele>951.02</ele>
      </trkpt>
      <trkpt lat="-22.383132" lon="-44.948439">
        <ele>951.15</ele>
      </trkpt>
      <trkpt lat="-22.383155" lon="-44.948434">
        <ele>951.29</ele>
      </trkpt>
      <trkpt lat="-22.383179" lon="-44.948429">
        <ele>951.38</ele>
      </trkpt>
      <trkpt lat="-22.383198" lon="-44.948429">
        <ele>951.46</ele>
      </trkpt>
      <trkpt lat="-22.383217" lon="-44.94843">
        <ele>951.54</ele>
      </trkpt>
      <trkpt lat="-22.383227" lon="-44.948436">
        <ele>951.63</ele>
      </trkpt>
      <trkpt lat="-22.383237" lon="-44.948442">
        <ele>951.71</ele>
      </trkpt>
      <trkpt lat="-22.383241" lon="-44.94845">
        <ele>951.8</ele>
      </trkpt>
      <trkpt lat="-22.383245" lon="-44.948459">
        <ele>951.88</ele>
      </trkpt>
      <trkpt lat="-22.383249" lon="-44.948466">
        <ele>951.96</ele>
      </trkpt>
      <trkpt lat="-22.383253" lon="-44.948474">
        <ele>952.05</ele>
      </trkpt>
      <trkpt lat="-22.383258" lon="-44.948478">
        <ele>952.13</ele>
      </trkpt>
      <trkpt lat="-22.383264" lon="-44.948483">
        <ele>952.22</ele>
      </trkpt>
      <trkpt lat="-22.383265" lon="-44.948484">
        <ele>952.3</ele>
      </trkpt>
      <trkpt lat="-22.383267" lon="-44.948484">
        <ele>952.39</ele>
      </trkpt>
      <trkpt lat="-22.38327" lon="-44.948485">
        <ele>952.4</ele>
      </trkpt>
      <trkpt lat="-22.383271" lon="-44.948485">
        <ele>952.41</ele>
      </trkpt>
      <trkpt lat="-22.383272" lon="-44.948484">
        <ele>952.42</ele>
      </trkpt>
      <trkpt lat="-22.383267" lon="-44.948483">
        <ele>952.43</ele>
      </trkpt>
      <trkpt lat="-22.383262" lon="-44.948482">
        <ele>952.44</ele>
      </trkpt>
      <trkpt lat="-22.383254" lon="-44.94848">
        <ele>952.45</ele>
      </trkpt>
      <trkpt lat="-22.383246" lon="-44.948478">
        <ele>952.46</ele>
      </trkpt>
      <trkpt lat="-22.383246" lon="-44.948478">
        <ele>952.47</ele>
      </trkpt>
      <trkpt lat="-22.383246" lon="-44.948478">
        <ele>952.48</ele>
      </trkpt>
      <trkpt lat="-22.383246" lon="-44.948478">
        <ele>952.49</ele>
      </trkpt>
      <trkpt lat="-22.383246" lon="-44.948478">
        <ele>952.51</ele>
      </trkpt>
      <trkpt lat="-22.383246" lon="-44.948478">
        <ele>952.52</ele>
      </trkpt>
      <trkpt lat="-22.383246" lon="-44.948478">
        <ele>952.53</ele>
      </trkpt>
      <trkpt lat="-22.383246" lon="-44.948478">
        <ele>952.54</ele>
      </trkpt>
      <trkpt lat="-22.383246" lon="-44.948478">
        <ele>952.55</ele>
      </trkpt>
      <trkpt lat="-22.383246" lon="-44.948478">
        <ele>952.56</ele>
      </trkpt>
      <trkpt lat="-22.383246" lon="-44.948478">
        <ele>952.57</ele>
      </trkpt>
      <trkpt lat="-22.383246" lon="-44.948478">
        <ele>952.58</ele>
      </trkpt>
      <trkpt lat="-22.383246" lon="-44.948478">
        <ele>952.59</ele>
      </trkpt>
      <trkpt lat="-22.383246" lon="-44.948478">
        <ele>952.6</ele>
      </trkpt>
      <trkpt lat="-22.383246" lon="-44.948478">
        <ele>952.61</ele>
      </trkpt>
      <trkpt lat="-22.383246" lon="-44.948478">
        <ele>952.63</ele>
      </trkpt>
      <trkpt lat="-22.383246" lon="-44.948478">
        <ele>952.64</ele>
      </trkpt>
      <trkpt lat="-22.383246" lon="-44.948478">
        <ele>952.65</ele>
      </trkpt>
      <trkpt lat="-22.383246" lon="-44.948478">
        <ele>952.66</ele>
      </trkpt>
      <trkpt lat="-22.383246" lon="-44.948478">
        <ele>952.67</ele>
      </trkpt>
      <trkpt lat="-22.383246" lon="-44.948478">
        <ele>952.68</ele>
      </trkpt>
      <trkpt lat="-22.383246" lon="-44.948478">
        <ele>952.69</ele>
      </trkpt>
      <trkpt lat="-22.383246" lon="-44.948478">
        <ele>952.7</ele>
      </trkpt>
      <trkpt lat="-22.383246" lon="-44.948478">
        <ele>952.71</ele>
      </trkpt>
      <trkpt lat="-22.383246" lon="-44.948478">
        <ele>952.72</ele>
      </trkpt>
      <trkpt lat="-22.383246" lon="-44.948478">
        <ele>952.73</ele>
      </trkpt>
      <trkpt lat="-22.383246" lon="-44.948478">
        <ele>952.75</ele>
      </trkpt>
      <trkpt lat="-22.383246" lon="-44.948478">
        <ele>952.76</ele>
      </trkpt>
      <trkpt lat="-22.383246" lon="-44.948478">
        <ele>952.77</ele>
      </trkpt>
      <trkpt lat="-22.383246" lon="-44.948478">
        <ele>952.78</ele>
      </trkpt>
      <trkpt lat="-22.383246" lon="-44.948478">
        <ele>952.79</ele>
      </trkpt>
      <trkpt lat="-22.383246" lon="-44.948478">
        <ele>952.8</ele>
      </trkpt>
      <trkpt lat="-22.383246" lon="-44.948478">
        <ele>952.81</ele>
      </trkpt>
      <trkpt lat="-22.383246" lon="-44.948478">
        <ele>952.82</ele>
      </trkpt>
      <trkpt lat="-22.383246" lon="-44.948478">
        <ele>952.83</ele>
      </trkpt>
      <trkpt lat="-22.383246" lon="-44.948478">
        <ele>952.84</ele>
      </trkpt>
      <trkpt lat="-22.383246" lon="-44.948478">
        <ele>952.85</ele>
      </trkpt>
      <trkpt lat="-22.383246" lon="-44.948478">
        <ele>952.87</ele>
      </trkpt>
      <trkpt lat="-22.383246" lon="-44.948478">
        <ele>952.88</ele>
      </trkpt>
      <trkpt lat="-22.383246" lon="-44.948478">
        <ele>952.89</ele>
      </trkpt>
      <trkpt lat="-22.383246" lon="-44.948478">
        <ele>952.9</ele>
      </trkpt>
      <trkpt lat="-22.383246" lon="-44.948478">
        <ele>952.91</ele>
      </trkpt>
      <trkpt lat="-22.383246" lon="-44.948478">
        <ele>952.92</ele>
      </trkpt>
      <trkpt lat="-22.383246" lon="-44.948478">
        <ele>952.93</ele>
      </trkpt>
      <trkpt lat="-22.383246" lon="-44.948478">
        <ele>952.94</ele>
      </trkpt>
      <trkpt lat="-22.383246" lon="-44.948478">
        <ele>952.95</ele>
      </trkpt>
      <trkpt lat="-22.383246" lon="-44.948478">
        <ele>952.96</ele>
      </trkpt>
      <trkpt lat="-22.383246" lon="-44.948478">
        <ele>952.97</ele>
      </trkpt>
      <trkpt lat="-22.383246" lon="-44.948478">
        <ele>952.99</ele>
      </trkpt>
      <trkpt lat="-22.383246" lon="-44.948478">
        <ele>953</ele>
      </trkpt>
      <trkpt lat="-22.383239" lon="-44.948479">
        <ele>953.01</ele>
      </trkpt>
      <trkpt lat="-22.383241" lon="-44.948483">
        <ele>953.02</ele>
      </trkpt>
      <trkpt lat="-22.383243" lon="-44.948487">
        <ele>953.03</ele>
      </trkpt>
      <trkpt lat="-22.383246" lon="-44.94849">
        <ele>953.04</ele>
      </trkpt>
      <trkpt lat="-22.383249" lon="-44.948493">
        <ele>953.05</ele>
      </trkpt>
      <trkpt lat="-22.383254" lon="-44.948496">
        <ele>953.06</ele>
      </trkpt>
      <trkpt lat="-22.38326" lon="-44.948499">
        <ele>953.07</ele>
      </trkpt>
      <trkpt lat="-22.383266" lon="-44.948502">
        <ele>953.08</ele>
      </trkpt>
      <trkpt lat="-22.383273" lon="-44.948504">
        <ele>953.09</ele>
      </trkpt>
      <trkpt lat="-22.383276" lon="-44.948507">
        <ele>953.1</ele>
      </trkpt>
      <trkpt lat="-22.38328" lon="-44.948509">
        <ele>953.12</ele>
      </trkpt>
      <trkpt lat="-22.38328" lon="-44.948509">
        <ele>953.13</ele>
      </trkpt>
      <trkpt lat="-22.38328" lon="-44.948509">
        <ele>953.14</ele>
      </trkpt>
      <trkpt lat="-22.38328" lon="-44.948509">
        <ele>953.15</ele>
      </trkpt>
      <trkpt lat="-22.38328" lon="-44.948509">
        <ele>953.16</ele>
      </trkpt>
      <trkpt lat="-22.38328" lon="-44.948509">
        <ele>953.17</ele>
      </trkpt>
      <trkpt lat="-22.38328" lon="-44.948509">
        <ele>953.18</ele>
      </trkpt>
      <trkpt lat="-22.38328" lon="-44.948509">
        <ele>953.19</ele>
      </trkpt>
      <trkpt lat="-22.38328" lon="-44.948509">
        <ele>953.2</ele>
      </trkpt>
      <trkpt lat="-22.38328" lon="-44.948509">
        <ele>953.21</ele>
      </trkpt>
      <trkpt lat="-22.38328" lon="-44.948509">
        <ele>953.22</ele>
      </trkpt>
      <trkpt lat="-22.38328" lon="-44.948509">
        <ele>953.24</ele>
      </trkpt>
      <trkpt lat="-22.38328" lon="-44.948509">
        <ele>953.25</ele>
      </trkpt>
      <trkpt lat="-22.38328" lon="-44.948509">
        <ele>953.26</ele>
      </trkpt>
      <trkpt lat="-22.38328" lon="-44.948509">
        <ele>953.27</ele>
      </trkpt>
      <trkpt lat="-22.38328" lon="-44.948509">
        <ele>953.28</ele>
      </trkpt>
      <trkpt lat="-22.38328" lon="-44.948509">
        <ele>953.29</ele>
      </trkpt>
      <trkpt lat="-22.38328" lon="-44.948509">
        <ele>953.3</ele>
      </trkpt>
      <trkpt lat="-22.38328" lon="-44.948509">
        <ele>953.31</ele>
      </trkpt>
      <trkpt lat="-22.38328" lon="-44.948509">
        <ele>953.32</ele>
      </trkpt>
      <trkpt lat="-22.38328" lon="-44.948509">
        <ele>953.33</ele>
      </trkpt>
      <trkpt lat="-22.38328" lon="-44.948509">
        <ele>953.34</ele>
      </trkpt>
      <trkpt lat="-22.38328" lon="-44.948509">
        <ele>953.36</ele>
      </trkpt>
      <trkpt lat="-22.38328" lon="-44.948509">
        <ele>953.37</ele>
      </trkpt>
      <trkpt lat="-22.38328" lon="-44.948509">
        <ele>953.38</ele>
      </trkpt>
      <trkpt lat="-22.38328" lon="-44.948509">
        <ele>953.39</ele>
      </trkpt>
      <trkpt lat="-22.38328" lon="-44.948509">
        <ele>953.4</ele>
      </trkpt>
      <trkpt lat="-22.38328" lon="-44.948509">
        <ele>953.41</ele>
      </trkpt>
      <trkpt lat="-22.38328" lon="-44.948509">
        <ele>953.42</ele>
      </trkpt>
      <trkpt lat="-22.38328" lon="-44.948509">
        <ele>953.43</ele>
      </trkpt>
      <trkpt lat="-22.38328" lon="-44.948509">
        <ele>953.44</ele>
      </trkpt>
      <trkpt lat="-22.38328" lon="-44.948509">
        <ele>953.45</ele>
      </trkpt>
      <trkpt lat="-22.38328" lon="-44.948509">
        <ele>953.46</ele>
      </trkpt>
      <trkpt lat="-22.38328" lon="-44.948509">
        <ele>953.48</ele>
      </trkpt>
      <trkpt lat="-22.38328" lon="-44.948509">
        <ele>953.49</ele>
      </trkpt>
      <trkpt lat="-22.38328" lon="-44.948509">
        <ele>953.5</ele>
      </trkpt>
      <trkpt lat="-22.38328" lon="-44.948509">
        <ele>953.51</ele>
      </trkpt>
      <trkpt lat="-22.38328" lon="-44.948509">
        <ele>953.52</ele>
      </trkpt>
      <trkpt lat="-22.38328" lon="-44.948509">
        <ele>953.53</ele>
      </trkpt>
      <trkpt lat="-22.38328" lon="-44.948509">
        <ele>953.54</ele>
      </trkpt>
      <trkpt lat="-22.38328" lon="-44.948509">
        <ele>953.55</ele>
      </trkpt>
      <trkpt lat="-22.38328" lon="-44.948509">
        <ele>953.56</ele>
      </trkpt>
      <trkpt lat="-22.38328" lon="-44.948509">
        <ele>953.57</ele>
      </trkpt>
      <trkpt lat="-22.38328" lon="-44.948509">
        <ele>953.58</ele>
      </trkpt>
      <trkpt lat="-22.383282" lon="-44.948512">
        <ele>953.59</ele>
      </trkpt>
      <trkpt lat="-22.383284" lon="-44.948513">
        <ele>953.61</ele>
      </trkpt>
      <trkpt lat="-22.383286" lon="-44.948514">
        <ele>953.62</ele>
      </trkpt>
      <trkpt lat="-22.38329" lon="-44.948513">
        <ele>953.63</ele>
      </trkpt>
      <trkpt lat="-22.383293" lon="-44.948512">
        <ele>953.64</ele>
      </trkpt>
      <trkpt lat="-22.383299" lon="-44.94851">
        <ele>953.65</ele>
      </trkpt>
      <trkpt lat="-22.383305" lon="-44.948509">
        <ele>953.66</ele>
      </trkpt>
      <trkpt lat="-22.383312" lon="-44.94851">
        <ele>953.67</ele>
      </trkpt>
      <trkpt lat="-22.383319" lon="-44.948512">
        <ele>953.68</ele>
      </trkpt>
      <trkpt lat="-22.383325" lon="-44.948516">
        <ele>953.69</ele>
      </trkpt>
      <trkpt lat="-22.383331" lon="-44.948521">
        <ele>953.97</ele>
      </trkpt>
      <trkpt lat="-22.383338" lon="-44.948527">
        <ele>954.24</ele>
      </trkpt>
      <trkpt lat="-22.383345" lon="-44.948533">
        <ele>954.51</ele>
      </trkpt>
      <trkpt lat="-22.383354" lon="-44.94854">
        <ele>954.78</ele>
      </trkpt>
      <trkpt lat="-22.383364" lon="-44.948546">
        <ele>955.06</ele>
      </trkpt>
      <trkpt lat="-22.383375" lon="-44.948555">
        <ele>955.33</ele>
      </trkpt>
      <trkpt lat="-22.383386" lon="-44.948563">
        <ele>955.6</ele>
      </trkpt>
      <trkpt lat="-22.383397" lon="-44.948569">
        <ele>955.88</ele>
      </trkpt>
      <trkpt lat="-22.383408" lon="-44.948576">
        <ele>956.15</ele>
      </trkpt>
      <trkpt lat="-22.383419" lon="-44.948579">
        <ele>956.42</ele>
      </trkpt>
      <trkpt lat="-22.383429" lon="-44.948583">
        <ele>956.69</ele>
      </trkpt>
      <trkpt lat="-22.383441" lon="-44.948587">
        <ele>956.97</ele>
      </trkpt>
      <trkpt lat="-22.383453" lon="-44.94859">
        <ele>957.24</ele>
      </trkpt>
      <trkpt lat="-22.383466" lon="-44.948595">
        <ele>957.62</ele>
      </trkpt>
      <trkpt lat="-22.383478" lon="-44.948601">
        <ele>958.01</ele>
      </trkpt>
      <trkpt lat="-22.38349" lon="-44.948607">
        <ele>958.39</ele>
      </trkpt>
      <trkpt lat="-22.383501" lon="-44.948614">
        <ele>958.78</ele>
      </trkpt>
      <trkpt lat="-22.383512" lon="-44.948622">
        <ele>959.16</ele>
      </trkpt>
      <trkpt lat="-22.383523" lon="-44.94863">
        <ele>959.55</ele>
      </trkpt>
      <trkpt lat="-22.383533" lon="-44.948637">
        <ele>959.93</ele>
      </trkpt>
      <trkpt lat="-22.383544" lon="-44.948645">
        <ele>960.31</ele>
      </trkpt>
      <trkpt lat="-22.383555" lon="-44.948652">
        <ele>960.7</ele>
      </trkpt>
      <trkpt lat="-22.383566" lon="-44.948659">
        <ele>961.08</ele>
      </trkpt>
      <trkpt lat="-22.383577" lon="-44.948665">
        <ele>961.47</ele>
      </trkpt>
      <trkpt lat="-22.383589" lon="-44.948672">
        <ele>961.84</ele>
      </trkpt>
      <trkpt lat="-22.383601" lon="-44.948676">
        <ele>962.22</ele>
      </trkpt>
      <trkpt lat="-22.383613" lon="-44.94868">
        <ele>962.59</ele>
      </trkpt>
      <trkpt lat="-22.383625" lon="-44.948683">
        <ele>962.97</ele>
      </trkpt>
      <trkpt lat="-22.383638" lon="-44.948686">
        <ele>963.34</ele>
      </trkpt>
      <trkpt lat="-22.383651" lon="-44.948688">
        <ele>963.72</ele>
      </trkpt>
      <trkpt lat="-22.383664" lon="-44.94869">
        <ele>964.09</ele>
      </trkpt>
      <trkpt lat="-22.383675" lon="-44.948692">
        <ele>964.47</ele>
      </trkpt>
      <trkpt lat="-22.383687" lon="-44.948694">
        <ele>964.84</ele>
      </trkpt>
      <trkpt lat="-22.383696" lon="-44.948696">
        <ele>965.22</ele>
      </trkpt>
      <trkpt lat="-22.383707" lon="-44.948697">
        <ele>965.6</ele>
      </trkpt>
      <trkpt lat="-22.383715" lon="-44.948697">
        <ele>965.97</ele>
      </trkpt>
      <trkpt lat="-22.383723" lon="-44.948698">
        <ele>966.13</ele>
      </trkpt>
      <trkpt lat="-22.383731" lon="-44.948697">
        <ele>966.28</ele>
      </trkpt>
      <trkpt lat="-22.383739" lon="-44.948696">
        <ele>966.44</ele>
      </trkpt>
      <trkpt lat="-22.383746" lon="-44.948695">
        <ele>966.6</ele>
      </trkpt>
      <trkpt lat="-22.383753" lon="-44.948695">
        <ele>966.75</ele>
      </trkpt>
      <trkpt lat="-22.383759" lon="-44.948696">
        <ele>966.91</ele>
      </trkpt>
      <trkpt lat="-22.383765" lon="-44.948697">
        <ele>967.07</ele>
      </trkpt>
      <trkpt lat="-22.383771" lon="-44.948702">
        <ele>967.22</ele>
      </trkpt>
      <trkpt lat="-22.383777" lon="-44.948707">
        <ele>967.38</ele>
      </trkpt>
      <trkpt lat="-22.383783" lon="-44.948714">
        <ele>967.54</ele>
      </trkpt>
      <trkpt lat="-22.383789" lon="-44.94872">
        <ele>967.69</ele>
      </trkpt>
      <trkpt lat="-22.383796" lon="-44.948725">
        <ele>967.85</ele>
      </trkpt>
      <trkpt lat="-22.383803" lon="-44.94873">
        <ele>968.01</ele>
      </trkpt>
      <trkpt lat="-22.38381" lon="-44.948733">
        <ele>968.16</ele>
      </trkpt>
      <trkpt lat="-22.383818" lon="-44.948736">
        <ele>968.32</ele>
      </trkpt>
      <trkpt lat="-22.383818" lon="-44.948736">
        <ele>968.48</ele>
      </trkpt>
      <trkpt lat="-22.383818" lon="-44.948736">
        <ele>968.63</ele>
      </trkpt>
      <trkpt lat="-22.383818" lon="-44.948736">
        <ele>968.79</ele>
      </trkpt>
      <trkpt lat="-22.383818" lon="-44.948736">
        <ele>968.95</ele>
      </trkpt>
      <trkpt lat="-22.383818" lon="-44.948736">
        <ele>969.1</ele>
      </trkpt>
      <trkpt lat="-22.383829" lon="-44.94874">
        <ele>969.26</ele>
      </trkpt>
      <trkpt lat="-22.383837" lon="-44.948742">
        <ele>969.42</ele>
      </trkpt>
      <trkpt lat="-22.383844" lon="-44.948745">
        <ele>969.47</ele>
      </trkpt>
      <trkpt lat="-22.383851" lon="-44.948746">
        <ele>969.53</ele>
      </trkpt>
      <trkpt lat="-22.383857" lon="-44.948747">
        <ele>969.59</ele>
      </trkpt>
      <trkpt lat="-22.383863" lon="-44.948748">
        <ele>969.64</ele>
      </trkpt>
      <trkpt lat="-22.383869" lon="-44.948749">
        <ele>969.7</ele>
      </trkpt>
      <trkpt lat="-22.383876" lon="-44.94875">
        <ele>969.76</ele>
      </trkpt>
      <trkpt lat="-22.383882" lon="-44.948751">
        <ele>969.81</ele>
      </trkpt>
      <trkpt lat="-22.383888" lon="-44.948754">
        <ele>969.87</ele>
      </trkpt>
      <trkpt lat="-22.383894" lon="-44.948757">
        <ele>969.92</ele>
      </trkpt>
      <trkpt lat="-22.383898" lon="-44.948761">
        <ele>969.98</ele>
      </trkpt>
      <trkpt lat="-22.383903" lon="-44.948766">
        <ele>970.04</ele>
      </trkpt>
      <trkpt lat="-22.383908" lon="-44.948772">
        <ele>970.09</ele>
      </trkpt>
      <trkpt lat="-22.383913" lon="-44.948778">
        <ele>970.15</ele>
      </trkpt>
      <trkpt lat="-22.383918" lon="-44.948783">
        <ele>970.21</ele>
      </trkpt>
      <trkpt lat="-22.383923" lon="-44.948789">
        <ele>970.26</ele>
      </trkpt>
      <trkpt lat="-22.383928" lon="-44.948794">
        <ele>970.32</ele>
      </trkpt>
      <trkpt lat="-22.383934" lon="-44.948799">
        <ele>970.37</ele>
      </trkpt>
      <trkpt lat="-22.383934" lon="-44.948799">
        <ele>970.43</ele>
      </trkpt>
      <trkpt lat="-22.383934" lon="-44.948799">
        <ele>970.49</ele>
      </trkpt>
      <trkpt lat="-22.383934" lon="-44.948799">
        <ele>970.54</ele>
      </trkpt>
      <trkpt lat="-22.383934" lon="-44.948799">
        <ele>970.6</ele>
      </trkpt>
      <trkpt lat="-22.383934" lon="-44.948799">
        <ele>970.66</ele>
      </trkpt>
      <trkpt lat="-22.383934" lon="-44.948799">
        <ele>970.71</ele>
      </trkpt>
      <trkpt lat="-22.383934" lon="-44.948799">
        <ele>970.77</ele>
      </trkpt>
      <trkpt lat="-22.383934" lon="-44.948799">
        <ele>970.83</ele>
      </trkpt>
      <trkpt lat="-22.383934" lon="-44.948799">
        <ele>970.88</ele>
      </trkpt>
      <trkpt lat="-22.383934" lon="-44.948799">
        <ele>970.94</ele>
      </trkpt>
      <trkpt lat="-22.383934" lon="-44.948799">
        <ele>970.99</ele>
      </trkpt>
      <trkpt lat="-22.383934" lon="-44.948799">
        <ele>971.05</ele>
      </trkpt>
      <trkpt lat="-22.383934" lon="-44.948799">
        <ele>971.11</ele>
      </trkpt>
      <trkpt lat="-22.383934" lon="-44.948799">
        <ele>971.16</ele>
      </trkpt>
      <trkpt lat="-22.383934" lon="-44.948799">
        <ele>971.22</ele>
      </trkpt>
      <trkpt lat="-22.383934" lon="-44.948799">
        <ele>971.28</ele>
      </trkpt>
      <trkpt lat="-22.383934" lon="-44.948799">
        <ele>971.33</ele>
      </trkpt>
      <trkpt lat="-22.383934" lon="-44.948799">
        <ele>971.39</ele>
      </trkpt>
      <trkpt lat="-22.383934" lon="-44.948799">
        <ele>971.44</ele>
      </trkpt>
      <trkpt lat="-22.383934" lon="-44.948799">
        <ele>971.5</ele>
      </trkpt>
      <trkpt lat="-22.383934" lon="-44.948799">
        <ele>971.56</ele>
      </trkpt>
      <trkpt lat="-22.383934" lon="-44.948799">
        <ele>971.61</ele>
      </trkpt>
      <trkpt lat="-22.383934" lon="-44.948799">
        <ele>971.67</ele>
      </trkpt>
      <trkpt lat="-22.383934" lon="-44.948799">
        <ele>971.73</ele>
      </trkpt>
      <trkpt lat="-22.383934" lon="-44.948799">
        <ele>971.78</ele>
      </trkpt>
      <trkpt lat="-22.383934" lon="-44.948799">
        <ele>971.84</ele>
      </trkpt>
      <trkpt lat="-22.383934" lon="-44.948799">
        <ele>971.89</ele>
      </trkpt>
      <trkpt lat="-22.383934" lon="-44.948799">
        <ele>971.95</ele>
      </trkpt>
      <trkpt lat="-22.383934" lon="-44.948799">
        <ele>972.01</ele>
      </trkpt>
      <trkpt lat="-22.383934" lon="-44.948799">
        <ele>972.06</ele>
      </trkpt>
      <trkpt lat="-22.383934" lon="-44.948799">
        <ele>972.12</ele>
      </trkpt>
      <trkpt lat="-22.383934" lon="-44.948799">
        <ele>972.18</ele>
      </trkpt>
      <trkpt lat="-22.383934" lon="-44.948799">
        <ele>972.23</ele>
      </trkpt>
      <trkpt lat="-22.383934" lon="-44.948799">
        <ele>972.29</ele>
      </trkpt>
      <trkpt lat="-22.383934" lon="-44.948799">
        <ele>972.35</ele>
      </trkpt>
      <trkpt lat="-22.383934" lon="-44.948799">
        <ele>972.4</ele>
      </trkpt>
      <trkpt lat="-22.383934" lon="-44.948799">
        <ele>972.46</ele>
      </trkpt>
      <trkpt lat="-22.383934" lon="-44.948799">
        <ele>972.51</ele>
      </trkpt>
      <trkpt lat="-22.383934" lon="-44.948799">
        <ele>972.57</ele>
      </trkpt>
      <trkpt lat="-22.383934" lon="-44.948799">
        <ele>972.63</ele>
      </trkpt>
      <trkpt lat="-22.383934" lon="-44.948799">
        <ele>972.68</ele>
      </trkpt>
      <trkpt lat="-22.383934" lon="-44.948799">
        <ele>972.74</ele>
      </trkpt>
      <trkpt lat="-22.383934" lon="-44.948799">
        <ele>972.8</ele>
      </trkpt>
      <trkpt lat="-22.383934" lon="-44.948799">
        <ele>972.85</ele>
      </trkpt>
      <trkpt lat="-22.383934" lon="-44.948799">
        <ele>972.91</ele>
      </trkpt>
      <trkpt lat="-22.383934" lon="-44.948799">
        <ele>972.96</ele>
      </trkpt>
      <trkpt lat="-22.383934" lon="-44.948799">
        <ele>973.02</ele>
      </trkpt>
      <trkpt lat="-22.383934" lon="-44.948799">
        <ele>973.08</ele>
      </trkpt>
      <trkpt lat="-22.383934" lon="-44.948799">
        <ele>973.13</ele>
      </trkpt>
      <trkpt lat="-22.383945" lon="-44.948812">
        <ele>973.19</ele>
      </trkpt>
      <trkpt lat="-22.38395" lon="-44.948818">
        <ele>973.25</ele>
      </trkpt>
      <trkpt lat="-22.383954" lon="-44.948824">
        <ele>973.48</ele>
      </trkpt>
      <trkpt lat="-22.383957" lon="-44.94883">
        <ele>973.72</ele>
      </trkpt>
      <trkpt lat="-22.383961" lon="-44.948836">
        <ele>973.96</ele>
      </trkpt>
      <trkpt lat="-22.383965" lon="-44.948844">
        <ele>974.2</ele>
      </trkpt>
      <trkpt lat="-22.383968" lon="-44.948852">
        <ele>974.43</ele>
      </trkpt>
      <trkpt lat="-22.383973" lon="-44.94886">
        <ele>974.67</ele>
      </trkpt>
      <trkpt lat="-22.383977" lon="-44.948869">
        <ele>974.91</ele>
      </trkpt>
      <trkpt lat="-22.383981" lon="-44.948878">
        <ele>975.15</ele>
      </trkpt>
      <trkpt lat="-22.383985" lon="-44.948887">
        <ele>975.38</ele>
      </trkpt>
      <trkpt lat="-22.383988" lon="-44.948896">
        <ele>975.62</ele>
      </trkpt>
      <trkpt lat="-22.383991" lon="-44.948905">
        <ele>975.86</ele>
      </trkpt>
      <trkpt lat="-22.383993" lon="-44.948913">
        <ele>976.1</ele>
      </trkpt>
      <trkpt lat="-22.383995" lon="-44.948921">
        <ele>976.33</ele>
      </trkpt>
      <trkpt lat="-22.383997" lon="-44.948929">
        <ele>976.57</ele>
      </trkpt>
      <trkpt lat="-22.383999" lon="-44.948936">
        <ele>976.81</ele>
      </trkpt>
      <trkpt lat="-22.384001" lon="-44.948944">
        <ele>977.04</ele>
      </trkpt>
      <trkpt lat="-22.384004" lon="-44.948951">
        <ele>977.28</ele>
      </trkpt>
      <trkpt lat="-22.384006" lon="-44.948959">
        <ele>977.46</ele>
      </trkpt>
      <trkpt lat="-22.384007" lon="-44.948966">
        <ele>977.64</ele>
      </trkpt>
      <trkpt lat="-22.384009" lon="-44.948974">
        <ele>977.82</ele>
      </trkpt>
      <trkpt lat="-22.384011" lon="-44.948981">
        <ele>978</ele>
      </trkpt>
      <trkpt lat="-22.384013" lon="-44.948987">
        <ele>978.19</ele>
      </trkpt>
      <trkpt lat="-22.384015" lon="-44.948992">
        <ele>978.37</ele>
      </trkpt>
      <trkpt lat="-22.384017" lon="-44.948998">
        <ele>978.55</ele>
      </trkpt>
      <trkpt lat="-22.38402" lon="-44.949005">
        <ele>978.73</ele>
      </trkpt>
      <trkpt lat="-22.384022" lon="-44.949012">
        <ele>978.91</ele>
      </trkpt>
      <trkpt lat="-22.384024" lon="-44.949018">
        <ele>979.09</ele>
      </trkpt>
      <trkpt lat="-22.384027" lon="-44.949025">
        <ele>979.27</ele>
      </trkpt>
      <trkpt lat="-22.384028" lon="-44.949031">
        <ele>979.45</ele>
      </trkpt>
      <trkpt lat="-22.38403" lon="-44.949037">
        <ele>979.63</ele>
      </trkpt>
      <trkpt lat="-22.384031" lon="-44.949044">
        <ele>979.81</ele>
      </trkpt>
      <trkpt lat="-22.384033" lon="-44.94905">
        <ele>979.99</ele>
      </trkpt>
      <trkpt lat="-22.384033" lon="-44.949056">
        <ele>980.17</ele>
      </trkpt>
      <trkpt lat="-22.384032" lon="-44.949063">
        <ele>980.35</ele>
      </trkpt>
      <trkpt lat="-22.384032" lon="-44.949069">
        <ele>980.53</ele>
      </trkpt>
      <trkpt lat="-22.384032" lon="-44.949075">
        <ele>980.71</ele>
      </trkpt>
      <trkpt lat="-22.384032" lon="-44.949081">
        <ele>980.89</ele>
      </trkpt>
      <trkpt lat="-22.384031" lon="-44.949087">
        <ele>981.08</ele>
      </trkpt>
      <trkpt lat="-22.384031" lon="-44.949091">
        <ele>981.26</ele>
      </trkpt>
      <trkpt lat="-22.384031" lon="-44.949095">
        <ele>981.44</ele>
      </trkpt>
      <trkpt lat="-22.384032" lon="-44.9491">
        <ele>981.49</ele>
      </trkpt>
      <trkpt lat="-22.384032" lon="-44.949106">
        <ele>981.55</ele>
      </trkpt>
      <trkpt lat="-22.384033" lon="-44.949112">
        <ele>981.6</ele>
      </trkpt>
      <trkpt lat="-22.384033" lon="-44.949112">
        <ele>981.66</ele>
      </trkpt>
      <trkpt lat="-22.384033" lon="-44.949112">
        <ele>981.71</ele>
      </trkpt>
      <trkpt lat="-22.384033" lon="-44.949112">
        <ele>981.77</ele>
      </trkpt>
      <trkpt lat="-22.384033" lon="-44.949112">
        <ele>981.83</ele>
      </trkpt>
      <trkpt lat="-22.384033" lon="-44.949112">
        <ele>981.88</ele>
      </trkpt>
      <trkpt lat="-22.384033" lon="-44.949112">
        <ele>981.94</ele>
      </trkpt>
      <trkpt lat="-22.384033" lon="-44.949112">
        <ele>981.99</ele>
      </trkpt>
      <trkpt lat="-22.384033" lon="-44.949129">
        <ele>982.05</ele>
      </trkpt>
      <trkpt lat="-22.384031" lon="-44.949137">
        <ele>982.1</ele>
      </trkpt>
      <trkpt lat="-22.384029" lon="-44.949146">
        <ele>982.16</ele>
      </trkpt>
      <trkpt lat="-22.384027" lon="-44.949153">
        <ele>982.22</ele>
      </trkpt>
      <trkpt lat="-22.384026" lon="-44.949161">
        <ele>982.27</ele>
      </trkpt>
      <trkpt lat="-22.384026" lon="-44.949161">
        <ele>982.33</ele>
      </trkpt>
      <trkpt lat="-22.384026" lon="-44.949161">
        <ele>982.38</ele>
      </trkpt>
      <trkpt lat="-22.384026" lon="-44.949161">
        <ele>982.44</ele>
      </trkpt>
      <trkpt lat="-22.384026" lon="-44.949161">
        <ele>982.49</ele>
      </trkpt>
      <trkpt lat="-22.384026" lon="-44.949161">
        <ele>982.55</ele>
      </trkpt>
      <trkpt lat="-22.384026" lon="-44.949161">
        <ele>982.6</ele>
      </trkpt>
      <trkpt lat="-22.384026" lon="-44.949161">
        <ele>982.66</ele>
      </trkpt>
      <trkpt lat="-22.384026" lon="-44.949161">
        <ele>982.72</ele>
      </trkpt>
      <trkpt lat="-22.384026" lon="-44.949161">
        <ele>982.77</ele>
      </trkpt>
      <trkpt lat="-22.384026" lon="-44.949161">
        <ele>982.83</ele>
      </trkpt>
      <trkpt lat="-22.384026" lon="-44.949161">
        <ele>982.88</ele>
      </trkpt>
      <trkpt lat="-22.384026" lon="-44.949161">
        <ele>982.94</ele>
      </trkpt>
      <trkpt lat="-22.384026" lon="-44.949161">
        <ele>982.99</ele>
      </trkpt>
      <trkpt lat="-22.384026" lon="-44.949161">
        <ele>983.05</ele>
      </trkpt>
      <trkpt lat="-22.384026" lon="-44.949161">
        <ele>983.11</ele>
      </trkpt>
      <trkpt lat="-22.384026" lon="-44.949161">
        <ele>983.16</ele>
      </trkpt>
      <trkpt lat="-22.384026" lon="-44.949161">
        <ele>983.22</ele>
      </trkpt>
      <trkpt lat="-22.384026" lon="-44.949161">
        <ele>983.27</ele>
      </trkpt>
      <trkpt lat="-22.384026" lon="-44.949161">
        <ele>983.33</ele>
      </trkpt>
      <trkpt lat="-22.384026" lon="-44.949161">
        <ele>983.38</ele>
      </trkpt>
      <trkpt lat="-22.384026" lon="-44.949161">
        <ele>983.44</ele>
      </trkpt>
      <trkpt lat="-22.384026" lon="-44.949161">
        <ele>983.49</ele>
      </trkpt>
      <trkpt lat="-22.384026" lon="-44.949161">
        <ele>983.55</ele>
      </trkpt>
      <trkpt lat="-22.384026" lon="-44.949161">
        <ele>983.61</ele>
      </trkpt>
      <trkpt lat="-22.384026" lon="-44.949161">
        <ele>983.66</ele>
      </trkpt>
      <trkpt lat="-22.384026" lon="-44.949161">
        <ele>983.72</ele>
      </trkpt>
      <trkpt lat="-22.384026" lon="-44.949161">
        <ele>983.77</ele>
      </trkpt>
      <trkpt lat="-22.384026" lon="-44.949161">
        <ele>983.83</ele>
      </trkpt>
      <trkpt lat="-22.384026" lon="-44.949161">
        <ele>983.88</ele>
      </trkpt>
      <trkpt lat="-22.384026" lon="-44.949161">
        <ele>983.94</ele>
      </trkpt>
      <trkpt lat="-22.384026" lon="-44.949161">
        <ele>984</ele>
      </trkpt>
      <trkpt lat="-22.384026" lon="-44.949161">
        <ele>984.05</ele>
      </trkpt>
      <trkpt lat="-22.384026" lon="-44.949161">
        <ele>984.11</ele>
      </trkpt>
      <trkpt lat="-22.384026" lon="-44.949161">
        <ele>984.16</ele>
      </trkpt>
      <trkpt lat="-22.384026" lon="-44.949161">
        <ele>984.22</ele>
      </trkpt>
      <trkpt lat="-22.384026" lon="-44.949161">
        <ele>984.27</ele>
      </trkpt>
      <trkpt lat="-22.384024" lon="-44.949185">
        <ele>984.33</ele>
      </trkpt>
      <trkpt lat="-22.384023" lon="-44.949194">
        <ele>984.38</ele>
      </trkpt>
      <trkpt lat="-22.384023" lon="-44.949203">
        <ele>984.44</ele>
      </trkpt>
      <trkpt lat="-22.384021" lon="-44.949209">
        <ele>984.5</ele>
      </trkpt>
      <trkpt lat="-22.384019" lon="-44.949216">
        <ele>984.55</ele>
      </trkpt>
      <trkpt lat="-22.384017" lon="-44.949221">
        <ele>984.61</ele>
      </trkpt>
      <trkpt lat="-22.384014" lon="-44.949227">
        <ele>984.66</ele>
      </trkpt>
      <trkpt lat="-22.384011" lon="-44.949233">
        <ele>984.72</ele>
      </trkpt>
      <trkpt lat="-22.384008" lon="-44.949239">
        <ele>984.77</ele>
      </trkpt>
      <trkpt lat="-22.384005" lon="-44.949244">
        <ele>984.83</ele>
      </trkpt>
      <trkpt lat="-22.384001" lon="-44.94925">
        <ele>984.88</ele>
      </trkpt>
      <trkpt lat="-22.383996" lon="-44.949255">
        <ele>984.93</ele>
      </trkpt>
      <trkpt lat="-22.383992" lon="-44.949261">
        <ele>984.98</ele>
      </trkpt>
      <trkpt lat="-22.383987" lon="-44.949268">
        <ele>985.03</ele>
      </trkpt>
      <trkpt lat="-22.383982" lon="-44.949274">
        <ele>985.08</ele>
      </trkpt>
      <trkpt lat="-22.38398" lon="-44.949281">
        <ele>985.13</ele>
      </trkpt>
      <trkpt lat="-22.383978" lon="-44.949287">
        <ele>985.18</ele>
      </trkpt>
      <trkpt lat="-22.383978" lon="-44.949287">
        <ele>985.23</ele>
      </trkpt>
      <trkpt lat="-22.383978" lon="-44.949287">
        <ele>985.28</ele>
      </trkpt>
      <trkpt lat="-22.383978" lon="-44.949287">
        <ele>985.33</ele>
      </trkpt>
      <trkpt lat="-22.383978" lon="-44.949287">
        <ele>985.38</ele>
      </trkpt>
      <trkpt lat="-22.383978" lon="-44.949287">
        <ele>985.44</ele>
      </trkpt>
      <trkpt lat="-22.383978" lon="-44.949287">
        <ele>985.49</ele>
      </trkpt>
      <trkpt lat="-22.383978" lon="-44.949287">
        <ele>985.54</ele>
      </trkpt>
      <trkpt lat="-22.383978" lon="-44.949287">
        <ele>985.59</ele>
      </trkpt>
      <trkpt lat="-22.383978" lon="-44.949287">
        <ele>985.64</ele>
      </trkpt>
      <trkpt lat="-22.383978" lon="-44.949287">
        <ele>985.69</ele>
      </trkpt>
      <trkpt lat="-22.383978" lon="-44.949287">
        <ele>985.74</ele>
      </trkpt>
      <trkpt lat="-22.383978" lon="-44.949287">
        <ele>985.79</ele>
      </trkpt>
      <trkpt lat="-22.383978" lon="-44.949287">
        <ele>985.84</ele>
      </trkpt>
      <trkpt lat="-22.383978" lon="-44.949287">
        <ele>985.89</ele>
      </trkpt>
      <trkpt lat="-22.383978" lon="-44.949287">
        <ele>985.94</ele>
      </trkpt>
      <trkpt lat="-22.383978" lon="-44.949287">
        <ele>985.99</ele>
      </trkpt>
      <trkpt lat="-22.383978" lon="-44.949287">
        <ele>986.05</ele>
      </trkpt>
      <trkpt lat="-22.383978" lon="-44.949287">
        <ele>986.1</ele>
      </trkpt>
      <trkpt lat="-22.383978" lon="-44.949305">
        <ele>986.15</ele>
      </trkpt>
      <trkpt lat="-22.383979" lon="-44.949313">
        <ele>986.2</ele>
      </trkpt>
      <trkpt lat="-22.383979" lon="-44.94932">
        <ele>986.25</ele>
      </trkpt>
      <trkpt lat="-22.383979" lon="-44.949326">
        <ele>986.3</ele>
      </trkpt>
      <trkpt lat="-22.383979" lon="-44.949332">
        <ele>986.35</ele>
      </trkpt>
      <trkpt lat="-22.383979" lon="-44.949332">
        <ele>986.4</ele>
      </trkpt>
      <trkpt lat="-22.383979" lon="-44.949332">
        <ele>986.45</ele>
      </trkpt>
      <trkpt lat="-22.383979" lon="-44.949332">
        <ele>986.5</ele>
      </trkpt>
      <trkpt lat="-22.383979" lon="-44.949332">
        <ele>986.55</ele>
      </trkpt>
      <trkpt lat="-22.383979" lon="-44.949332">
        <ele>986.6</ele>
      </trkpt>
      <trkpt lat="-22.383979" lon="-44.949332">
        <ele>986.66</ele>
      </trkpt>
      <trkpt lat="-22.383979" lon="-44.949332">
        <ele>986.71</ele>
      </trkpt>
      <trkpt lat="-22.383979" lon="-44.949332">
        <ele>986.76</ele>
      </trkpt>
      <trkpt lat="-22.383979" lon="-44.949332">
        <ele>986.81</ele>
      </trkpt>
      <trkpt lat="-22.383979" lon="-44.949332">
        <ele>986.86</ele>
      </trkpt>
      <trkpt lat="-22.383979" lon="-44.949332">
        <ele>986.91</ele>
      </trkpt>
      <trkpt lat="-22.383979" lon="-44.949332">
        <ele>986.96</ele>
      </trkpt>
      <trkpt lat="-22.383979" lon="-44.949332">
        <ele>987.01</ele>
      </trkpt>
      <trkpt lat="-22.383979" lon="-44.949332">
        <ele>987.06</ele>
      </trkpt>
      <trkpt lat="-22.383979" lon="-44.949332">
        <ele>987.11</ele>
      </trkpt>
      <trkpt lat="-22.383979" lon="-44.949332">
        <ele>987.16</ele>
      </trkpt>
      <trkpt lat="-22.383979" lon="-44.949332">
        <ele>987.21</ele>
      </trkpt>
      <trkpt lat="-22.383975" lon="-44.94936">
        <ele>987.27</ele>
      </trkpt>
      <trkpt lat="-22.383973" lon="-44.949374">
        <ele>987.32</ele>
      </trkpt>
      <trkpt lat="-22.383971" lon="-44.949388">
        <ele>987.4</ele>
      </trkpt>
      <trkpt lat="-22.383968" lon="-44.949397">
        <ele>987.49</ele>
      </trkpt>
      <trkpt lat="-22.383965" lon="-44.949406">
        <ele>987.58</ele>
      </trkpt>
      <trkpt lat="-22.383965" lon="-44.949406">
        <ele>987.67</ele>
      </trkpt>
      <trkpt lat="-22.383965" lon="-44.949406">
        <ele>987.75</ele>
      </trkpt>
      <trkpt lat="-22.383965" lon="-44.949406">
        <ele>987.84</ele>
      </trkpt>
      <trkpt lat="-22.383965" lon="-44.949406">
        <ele>987.93</ele>
      </trkpt>
      <trkpt lat="-22.383965" lon="-44.949406">
        <ele>988.01</ele>
      </trkpt>
      <trkpt lat="-22.383965" lon="-44.949406">
        <ele>988.1</ele>
      </trkpt>
      <trkpt lat="-22.383965" lon="-44.949406">
        <ele>988.19</ele>
      </trkpt>
      <trkpt lat="-22.383965" lon="-44.949406">
        <ele>988.28</ele>
      </trkpt>
      <trkpt lat="-22.383956" lon="-44.949432">
        <ele>988.36</ele>
      </trkpt>
      <trkpt lat="-22.383952" lon="-44.949444">
        <ele>988.45</ele>
      </trkpt>
      <trkpt lat="-22.383949" lon="-44.949457">
        <ele>988.54</ele>
      </trkpt>
      <trkpt lat="-22.383946" lon="-44.949465">
        <ele>988.63</ele>
      </trkpt>
      <trkpt lat="-22.383944" lon="-44.949473">
        <ele>988.71</ele>
      </trkpt>
      <trkpt lat="-22.383942" lon="-44.94948">
        <ele>988.8</ele>
      </trkpt>
      <trkpt lat="-22.38394" lon="-44.949487">
        <ele>988.89</ele>
      </trkpt>
      <trkpt lat="-22.383939" lon="-44.949492">
        <ele>988.97</ele>
      </trkpt>
      <trkpt lat="-22.383938" lon="-44.949498">
        <ele>989.06</ele>
      </trkpt>
      <trkpt lat="-22.383937" lon="-44.949504">
        <ele>989.15</ele>
      </trkpt>
      <trkpt lat="-22.383936" lon="-44.94951">
        <ele>989.24</ele>
      </trkpt>
      <trkpt lat="-22.383934" lon="-44.949516">
        <ele>989.32</ele>
      </trkpt>
      <trkpt lat="-22.383932" lon="-44.949522">
        <ele>989.53</ele>
      </trkpt>
      <trkpt lat="-22.383931" lon="-44.949529">
        <ele>989.73</ele>
      </trkpt>
      <trkpt lat="-22.38393" lon="-44.949535">
        <ele>989.94</ele>
      </trkpt>
      <trkpt lat="-22.38393" lon="-44.949543">
        <ele>990.14</ele>
      </trkpt>
      <trkpt lat="-22.38393" lon="-44.94955">
        <ele>990.35</ele>
      </trkpt>
      <trkpt lat="-22.38393" lon="-44.949558">
        <ele>990.55</ele>
      </trkpt>
      <trkpt lat="-22.38393" lon="-44.949565">
        <ele>990.76</ele>
      </trkpt>
      <trkpt lat="-22.383931" lon="-44.949573">
        <ele>990.96</ele>
      </trkpt>
      <trkpt lat="-22.383931" lon="-44.94958">
        <ele>991.17</ele>
      </trkpt>
      <trkpt lat="-22.383932" lon="-44.949587">
        <ele>991.37</ele>
      </trkpt>
      <trkpt lat="-22.383932" lon="-44.949594">
        <ele>991.58</ele>
      </trkpt>
      <trkpt lat="-22.383933" lon="-44.949601">
        <ele>991.78</ele>
      </trkpt>
      <trkpt lat="-22.383934" lon="-44.949608">
        <ele>991.99</ele>
      </trkpt>
      <trkpt lat="-22.383936" lon="-44.949615">
        <ele>992.19</ele>
      </trkpt>
      <trkpt lat="-22.383938" lon="-44.949622">
        <ele>992.4</ele>
      </trkpt>
      <trkpt lat="-22.38394" lon="-44.949629">
        <ele>992.6</ele>
      </trkpt>
      <trkpt lat="-22.383943" lon="-44.949636">
        <ele>992.81</ele>
      </trkpt>
      <trkpt lat="-22.383945" lon="-44.94964">
        <ele>993.01</ele>
      </trkpt>
      <trkpt lat="-22.383946" lon="-44.949645">
        <ele>993.22</ele>
      </trkpt>
      <trkpt lat="-22.383949" lon="-44.949652">
        <ele>993.42</ele>
      </trkpt>
      <trkpt lat="-22.383952" lon="-44.949658">
        <ele>993.63</ele>
      </trkpt>
      <trkpt lat="-22.383955" lon="-44.949664">
        <ele>993.78</ele>
      </trkpt>
      <trkpt lat="-22.383958" lon="-44.949669">
        <ele>993.93</ele>
      </trkpt>
      <trkpt lat="-22.38396" lon="-44.949674">
        <ele>994.08</ele>
      </trkpt>
      <trkpt lat="-22.383962" lon="-44.94968">
        <ele>994.23</ele>
      </trkpt>
      <trkpt lat="-22.383963" lon="-44.949685">
        <ele>994.38</ele>
      </trkpt>
      <trkpt lat="-22.383963" lon="-44.94969">
        <ele>994.53</ele>
      </trkpt>
      <trkpt lat="-22.383964" lon="-44.949696">
        <ele>994.68</ele>
      </trkpt>
      <trkpt lat="-22.383964" lon="-44.949702">
        <ele>994.83</ele>
      </trkpt>
      <trkpt lat="-22.383964" lon="-44.949708">
        <ele>994.98</ele>
      </trkpt>
      <trkpt lat="-22.383964" lon="-44.949714">
        <ele>995.13</ele>
      </trkpt>
      <trkpt lat="-22.383965" lon="-44.949721">
        <ele>995.28</ele>
      </trkpt>
      <trkpt lat="-22.383966" lon="-44.949727">
        <ele>995.43</ele>
      </trkpt>
      <trkpt lat="-22.383966" lon="-44.949731">
        <ele>995.58</ele>
      </trkpt>
      <trkpt lat="-22.383967" lon="-44.949735">
        <ele>995.73</ele>
      </trkpt>
      <trkpt lat="-22.383968" lon="-44.949742">
        <ele>995.88</ele>
      </trkpt>
      <trkpt lat="-22.383969" lon="-44.949749">
        <ele>996.03</ele>
      </trkpt>
      <trkpt lat="-22.383969" lon="-44.949749">
        <ele>996.18</ele>
      </trkpt>
      <trkpt lat="-22.383969" lon="-44.949749">
        <ele>996.33</ele>
      </trkpt>
      <trkpt lat="-22.383969" lon="-44.949749">
        <ele>996.48</ele>
      </trkpt>
      <trkpt lat="-22.383969" lon="-44.949749">
        <ele>996.63</ele>
      </trkpt>
      <trkpt lat="-22.383969" lon="-44.949749">
        <ele>996.78</ele>
      </trkpt>
      <trkpt lat="-22.383969" lon="-44.949749">
        <ele>996.93</ele>
      </trkpt>
      <trkpt lat="-22.383969" lon="-44.949749">
        <ele>997.08</ele>
      </trkpt>
      <trkpt lat="-22.383969" lon="-44.949749">
        <ele>997.23</ele>
      </trkpt>
      <trkpt lat="-22.383969" lon="-44.949749">
        <ele>997.38</ele>
      </trkpt>
      <trkpt lat="-22.383969" lon="-44.949749">
        <ele>997.53</ele>
      </trkpt>
      <trkpt lat="-22.383972" lon="-44.94976">
        <ele>997.68</ele>
      </trkpt>
      <trkpt lat="-22.383973" lon="-44.949763">
        <ele>997.83</ele>
      </trkpt>
      <trkpt lat="-22.383975" lon="-44.949767">
        <ele>997.98</ele>
      </trkpt>
      <trkpt lat="-22.383976" lon="-44.949772">
        <ele>998.13</ele>
      </trkpt>
      <trkpt lat="-22.383977" lon="-44.949777">
        <ele>998.28</ele>
      </trkpt>
      <trkpt lat="-22.383978" lon="-44.949784">
        <ele>998.43</ele>
      </trkpt>
      <trkpt lat="-22.383979" lon="-44.949791">
        <ele>998.58</ele>
      </trkpt>
      <trkpt lat="-22.383981" lon="-44.949798">
        <ele>998.73</ele>
      </trkpt>
      <trkpt lat="-22.383984" lon="-44.949805">
        <ele>998.88</ele>
      </trkpt>
      <trkpt lat="-22.383987" lon="-44.949812">
        <ele>999</ele>
      </trkpt>
      <trkpt lat="-22.38399" lon="-44.94982">
        <ele>999.13</ele>
      </trkpt>
      <trkpt lat="-22.383991" lon="-44.949827">
        <ele>999.26</ele>
      </trkpt>
      <trkpt lat="-22.383992" lon="-44.949835">
        <ele>999.39</ele>
      </trkpt>
      <trkpt lat="-22.383993" lon="-44.949842">
        <ele>999.52</ele>
      </trkpt>
      <trkpt lat="-22.383993" lon="-44.949849">
        <ele>999.65</ele>
      </trkpt>
      <trkpt lat="-22.383993" lon="-44.949849">
        <ele>999.78</ele>
      </trkpt>
      <trkpt lat="-22.383993" lon="-44.949849">
        <ele>999.91</ele>
      </trkpt>
      <trkpt lat="-22.383993" lon="-44.949849">
        <ele>1000.04</ele>
      </trkpt>
      <trkpt lat="-22.383993" lon="-44.949849">
        <ele>1000.17</ele>
      </trkpt>
      <trkpt lat="-22.383993" lon="-44.949849">
        <ele>1000.29</ele>
      </trkpt>
      <trkpt lat="-22.383993" lon="-44.949849">
        <ele>1000.42</ele>
      </trkpt>
      <trkpt lat="-22.383993" lon="-44.949849">
        <ele>1000.55</ele>
      </trkpt>
      <trkpt lat="-22.383993" lon="-44.949849">
        <ele>1000.68</ele>
      </trkpt>
      <trkpt lat="-22.383993" lon="-44.949849">
        <ele>1000.81</ele>
      </trkpt>
      <trkpt lat="-22.383993" lon="-44.949849">
        <ele>1000.94</ele>
      </trkpt>
      <trkpt lat="-22.383993" lon="-44.949849">
        <ele>1001.07</ele>
      </trkpt>
      <trkpt lat="-22.383993" lon="-44.949849">
        <ele>1001.2</ele>
      </trkpt>
      <trkpt lat="-22.383993" lon="-44.949849">
        <ele>1001.33</ele>
      </trkpt>
      <trkpt lat="-22.383993" lon="-44.949849">
        <ele>1001.46</ele>
      </trkpt>
      <trkpt lat="-22.383993" lon="-44.949849">
        <ele>1001.58</ele>
      </trkpt>
      <trkpt lat="-22.383993" lon="-44.949849">
        <ele>1001.71</ele>
      </trkpt>
      <trkpt lat="-22.383993" lon="-44.949849">
        <ele>1001.84</ele>
      </trkpt>
      <trkpt lat="-22.383993" lon="-44.949849">
        <ele>1001.97</ele>
      </trkpt>
      <trkpt lat="-22.383993" lon="-44.949849">
        <ele>1002.1</ele>
      </trkpt>
      <trkpt lat="-22.383991" lon="-44.949865">
        <ele>1002.23</ele>
      </trkpt>
      <trkpt lat="-22.38399" lon="-44.949871">
        <ele>1002.36</ele>
      </trkpt>
      <trkpt lat="-22.38399" lon="-44.949878">
        <ele>1002.49</ele>
      </trkpt>
      <trkpt lat="-22.383991" lon="-44.949884">
        <ele>1002.62</ele>
      </trkpt>
      <trkpt lat="-22.383992" lon="-44.94989">
        <ele>1002.75</ele>
      </trkpt>
      <trkpt lat="-22.383994" lon="-44.949897">
        <ele>1002.87</ele>
      </trkpt>
      <trkpt lat="-22.383995" lon="-44.949904">
        <ele>1003</ele>
      </trkpt>
      <trkpt lat="-22.383998" lon="-44.949912">
        <ele>1003.13</ele>
      </trkpt>
      <trkpt lat="-22.384" lon="-44.94992">
        <ele>1003.26</ele>
      </trkpt>
      <trkpt lat="-22.384002" lon="-44.949927">
        <ele>1003.39</ele>
      </trkpt>
      <trkpt lat="-22.384005" lon="-44.949935">
        <ele>1003.52</ele>
      </trkpt>
      <trkpt lat="-22.384008" lon="-44.949943">
        <ele>1003.65</ele>
      </trkpt>
      <trkpt lat="-22.384012" lon="-44.94995">
        <ele>1003.78</ele>
      </trkpt>
      <trkpt lat="-22.384016" lon="-44.949957">
        <ele>1004</ele>
      </trkpt>
      <trkpt lat="-22.384019" lon="-44.949964">
        <ele>1004.21</ele>
      </trkpt>
      <trkpt lat="-22.384023" lon="-44.949971">
        <ele>1004.43</ele>
      </trkpt>
      <trkpt lat="-22.384027" lon="-44.949978">
        <ele>1004.65</ele>
      </trkpt>
      <trkpt lat="-22.38403" lon="-44.949985">
        <ele>1004.87</ele>
      </trkpt>
      <trkpt lat="-22.384033" lon="-44.949992">
        <ele>1005.09</ele>
      </trkpt>
      <trkpt lat="-22.384036" lon="-44.949999">
        <ele>1005.3</ele>
      </trkpt>
      <trkpt lat="-22.384038" lon="-44.950007">
        <ele>1005.52</ele>
      </trkpt>
      <trkpt lat="-22.384041" lon="-44.950015">
        <ele>1005.74</ele>
      </trkpt>
      <trkpt lat="-22.384044" lon="-44.950023">
        <ele>1005.96</ele>
      </trkpt>
      <trkpt lat="-22.384046" lon="-44.950031">
        <ele>1006.17</ele>
      </trkpt>
      <trkpt lat="-22.384049" lon="-44.950039">
        <ele>1006.39</ele>
      </trkpt>
      <trkpt lat="-22.384051" lon="-44.950047">
        <ele>1006.61</ele>
      </trkpt>
      <trkpt lat="-22.384053" lon="-44.950054">
        <ele>1006.83</ele>
      </trkpt>
      <trkpt lat="-22.384056" lon="-44.950061">
        <ele>1007.05</ele>
      </trkpt>
      <trkpt lat="-22.384059" lon="-44.950069">
        <ele>1007.26</ele>
      </trkpt>
      <trkpt lat="-22.384062" lon="-44.950076">
        <ele>1007.48</ele>
      </trkpt>
      <trkpt lat="-22.384065" lon="-44.950083">
        <ele>1007.7</ele>
      </trkpt>
      <trkpt lat="-22.384067" lon="-44.950089">
        <ele>1007.92</ele>
      </trkpt>
      <trkpt lat="-22.384069" lon="-44.950096">
        <ele>1008.1</ele>
      </trkpt>
      <trkpt lat="-22.384071" lon="-44.950102">
        <ele>1008.27</ele>
      </trkpt>
      <trkpt lat="-22.384073" lon="-44.950108">
        <ele>1008.45</ele>
      </trkpt>
      <trkpt lat="-22.384075" lon="-44.950115">
        <ele>1008.63</ele>
      </trkpt>
      <trkpt lat="-22.384077" lon="-44.950122">
        <ele>1008.8</ele>
      </trkpt>
      <trkpt lat="-22.384077" lon="-44.950128">
        <ele>1008.98</ele>
      </trkpt>
      <trkpt lat="-22.384078" lon="-44.950135">
        <ele>1009.16</ele>
      </trkpt>
      <trkpt lat="-22.384079" lon="-44.950142">
        <ele>1009.33</ele>
      </trkpt>
      <trkpt lat="-22.38408" lon="-44.950149">
        <ele>1009.51</ele>
      </trkpt>
      <trkpt lat="-22.384081" lon="-44.950156">
        <ele>1009.69</ele>
      </trkpt>
      <trkpt lat="-22.384083" lon="-44.950163">
        <ele>1009.87</ele>
      </trkpt>
      <trkpt lat="-22.384086" lon="-44.950171">
        <ele>1010.04</ele>
      </trkpt>
      <trkpt lat="-22.384088" lon="-44.950178">
        <ele>1010.22</ele>
      </trkpt>
      <trkpt lat="-22.38409" lon="-44.950182">
        <ele>1010.4</ele>
      </trkpt>
      <trkpt lat="-22.384091" lon="-44.950187">
        <ele>1010.57</ele>
      </trkpt>
      <trkpt lat="-22.384094" lon="-44.950194">
        <ele>1010.75</ele>
      </trkpt>
      <trkpt lat="-22.384097" lon="-44.950201">
        <ele>1010.93</ele>
      </trkpt>
      <trkpt lat="-22.3841" lon="-44.950208">
        <ele>1011.11</ele>
      </trkpt>
      <trkpt lat="-22.384103" lon="-44.950215">
        <ele>1011.28</ele>
      </trkpt>
      <trkpt lat="-22.384106" lon="-44.950222">
        <ele>1011.46</ele>
      </trkpt>
      <trkpt lat="-22.384109" lon="-44.950229">
        <ele>1011.64</ele>
      </trkpt>
      <trkpt lat="-22.384112" lon="-44.950237">
        <ele>1011.82</ele>
      </trkpt>
      <trkpt lat="-22.384115" lon="-44.950244">
        <ele>1011.99</ele>
      </trkpt>
      <trkpt lat="-22.384118" lon="-44.950251">
        <ele>1012.17</ele>
      </trkpt>
      <trkpt lat="-22.384121" lon="-44.950259">
        <ele>1012.35</ele>
      </trkpt>
      <trkpt lat="-22.384124" lon="-44.950266">
        <ele>1012.53</ele>
      </trkpt>
      <trkpt lat="-22.384128" lon="-44.950274">
        <ele>1012.71</ele>
      </trkpt>
      <trkpt lat="-22.384131" lon="-44.950281">
        <ele>1012.89</ele>
      </trkpt>
      <trkpt lat="-22.384134" lon="-44.950289">
        <ele>1013.07</ele>
      </trkpt>
      <trkpt lat="-22.384137" lon="-44.950296">
        <ele>1013.25</ele>
      </trkpt>
      <trkpt lat="-22.384141" lon="-44.950303">
        <ele>1013.43</ele>
      </trkpt>
      <trkpt lat="-22.384144" lon="-44.95031">
        <ele>1013.6</ele>
      </trkpt>
      <trkpt lat="-22.384148" lon="-44.950318">
        <ele>1013.78</ele>
      </trkpt>
      <trkpt lat="-22.384152" lon="-44.950326">
        <ele>1013.96</ele>
      </trkpt>
      <trkpt lat="-22.384155" lon="-44.950334">
        <ele>1014.14</ele>
      </trkpt>
      <trkpt lat="-22.384158" lon="-44.950342">
        <ele>1014.32</ele>
      </trkpt>
      <trkpt lat="-22.384162" lon="-44.95035">
        <ele>1014.5</ele>
      </trkpt>
      <trkpt lat="-22.384166" lon="-44.950358">
        <ele>1014.68</ele>
      </trkpt>
      <trkpt lat="-22.38417" lon="-44.950366">
        <ele>1014.86</ele>
      </trkpt>
      <trkpt lat="-22.384175" lon="-44.950374">
        <ele>1015.09</ele>
      </trkpt>
      <trkpt lat="-22.38418" lon="-44.950382">
        <ele>1015.32</ele>
      </trkpt>
      <trkpt lat="-22.384184" lon="-44.950391">
        <ele>1015.55</ele>
      </trkpt>
      <trkpt lat="-22.384188" lon="-44.9504">
        <ele>1015.78</ele>
      </trkpt>
      <trkpt lat="-22.384192" lon="-44.950409">
        <ele>1016.01</ele>
      </trkpt>
      <trkpt lat="-22.384196" lon="-44.950418">
        <ele>1016.25</ele>
      </trkpt>
      <trkpt lat="-22.3842" lon="-44.950426">
        <ele>1016.48</ele>
      </trkpt>
      <trkpt lat="-22.384205" lon="-44.950434">
        <ele>1016.71</ele>
      </trkpt>
      <trkpt lat="-22.384208" lon="-44.950442">
        <ele>1016.94</ele>
      </trkpt>
      <trkpt lat="-22.384212" lon="-44.95045">
        <ele>1017.17</ele>
      </trkpt>
      <trkpt lat="-22.384216" lon="-44.950458">
        <ele>1017.4</ele>
      </trkpt>
      <trkpt lat="-22.38422" lon="-44.950466">
        <ele>1017.63</ele>
      </trkpt>
      <trkpt lat="-22.384225" lon="-44.950474">
        <ele>1017.87</ele>
      </trkpt>
      <trkpt lat="-22.38423" lon="-44.950481">
        <ele>1018.1</ele>
      </trkpt>
      <trkpt lat="-22.384236" lon="-44.950488">
        <ele>1018.33</ele>
      </trkpt>
      <trkpt lat="-22.384242" lon="-44.950495">
        <ele>1018.56</ele>
      </trkpt>
      <trkpt lat="-22.384249" lon="-44.950502">
        <ele>1018.8</ele>
      </trkpt>
      <trkpt lat="-22.384256" lon="-44.950509">
        <ele>1019.04</ele>
      </trkpt>
      <trkpt lat="-22.384262" lon="-44.950516">
        <ele>1019.28</ele>
      </trkpt>
      <trkpt lat="-22.384268" lon="-44.950523">
        <ele>1019.52</ele>
      </trkpt>
      <trkpt lat="-22.384273" lon="-44.950532">
        <ele>1019.76</ele>
      </trkpt>
      <trkpt lat="-22.384278" lon="-44.950541">
        <ele>1020.01</ele>
      </trkpt>
      <trkpt lat="-22.384282" lon="-44.95055">
        <ele>1020.25</ele>
      </trkpt>
      <trkpt lat="-22.384285" lon="-44.95056">
        <ele>1020.49</ele>
      </trkpt>
      <trkpt lat="-22.384288" lon="-44.95057">
        <ele>1020.73</ele>
      </trkpt>
      <trkpt lat="-22.384292" lon="-44.95058">
        <ele>1020.97</ele>
      </trkpt>
      <trkpt lat="-22.384295" lon="-44.950589">
        <ele>1021.21</ele>
      </trkpt>
      <trkpt lat="-22.384297" lon="-44.950599">
        <ele>1021.45</ele>
      </trkpt>
      <trkpt lat="-22.3843" lon="-44.950608">
        <ele>1021.69</ele>
      </trkpt>
      <trkpt lat="-22.384303" lon="-44.950617">
        <ele>1021.93</ele>
      </trkpt>
      <trkpt lat="-22.384306" lon="-44.950625">
        <ele>1022.17</ele>
      </trkpt>
      <trkpt lat="-22.384309" lon="-44.950633">
        <ele>1022.47</ele>
      </trkpt>
      <trkpt lat="-22.384313" lon="-44.95064">
        <ele>1022.76</ele>
      </trkpt>
      <trkpt lat="-22.384316" lon="-44.950647">
        <ele>1023.06</ele>
      </trkpt>
      <trkpt lat="-22.384321" lon="-44.950653">
        <ele>1023.36</ele>
      </trkpt>
      <trkpt lat="-22.384325" lon="-44.950658">
        <ele>1023.65</ele>
      </trkpt>
      <trkpt lat="-22.384332" lon="-44.950661">
        <ele>1023.95</ele>
      </trkpt>
      <trkpt lat="-22.384338" lon="-44.950664">
        <ele>1024.24</ele>
      </trkpt>
      <trkpt lat="-22.384347" lon="-44.950665">
        <ele>1024.54</ele>
      </trkpt>
      <trkpt lat="-22.384355" lon="-44.950666">
        <ele>1024.84</ele>
      </trkpt>
      <trkpt lat="-22.384364" lon="-44.950666">
        <ele>1025.13</ele>
      </trkpt>
      <trkpt lat="-22.384373" lon="-44.950666">
        <ele>1025.43</ele>
      </trkpt>
      <trkpt lat="-22.384382" lon="-44.950668">
        <ele>1025.72</ele>
      </trkpt>
      <trkpt lat="-22.384392" lon="-44.95067">
        <ele>1026.02</ele>
      </trkpt>
      <trkpt lat="-22.384402" lon="-44.950677">
        <ele>1026.32</ele>
      </trkpt>
      <trkpt lat="-22.384412" lon="-44.950683">
        <ele>1026.61</ele>
      </trkpt>
      <trkpt lat="-22.384422" lon="-44.950693">
        <ele>1026.91</ele>
      </trkpt>
      <trkpt lat="-22.384433" lon="-44.950703">
        <ele>1027.35</ele>
      </trkpt>
      <trkpt lat="-22.384443" lon="-44.950715">
        <ele>1027.79</ele>
      </trkpt>
      <trkpt lat="-22.384453" lon="-44.950726">
        <ele>1028.23</ele>
      </trkpt>
      <trkpt lat="-22.384461" lon="-44.950739">
        <ele>1028.67</ele>
      </trkpt>
      <trkpt lat="-22.38447" lon="-44.950751">
        <ele>1029.11</ele>
      </trkpt>
      <trkpt lat="-22.384476" lon="-44.950764">
        <ele>1029.55</ele>
      </trkpt>
      <trkpt lat="-22.384483" lon="-44.950777">
        <ele>1029.99</ele>
      </trkpt>
      <trkpt lat="-22.384489" lon="-44.950791">
        <ele>1030.43</ele>
      </trkpt>
      <trkpt lat="-22.384495" lon="-44.950804">
        <ele>1030.87</ele>
      </trkpt>
      <trkpt lat="-22.384501" lon="-44.950817">
        <ele>1031.31</ele>
      </trkpt>
      <trkpt lat="-22.384507" lon="-44.95083">
        <ele>1031.36</ele>
      </trkpt>
      <trkpt lat="-22.384514" lon="-44.950842">
        <ele>1031.41</ele>
      </trkpt>
      <trkpt lat="-22.384522" lon="-44.950855">
        <ele>1031.46</ele>
      </trkpt>
      <trkpt lat="-22.384529" lon="-44.950868">
        <ele>1031.51</ele>
      </trkpt>
      <trkpt lat="-22.384536" lon="-44.95088">
        <ele>1031.56</ele>
      </trkpt>
      <trkpt lat="-22.384536" lon="-44.95088">
        <ele>1031.6</ele>
      </trkpt>
      <trkpt lat="-22.384536" lon="-44.95088">
        <ele>1031.65</ele>
      </trkpt>
      <trkpt lat="-22.384536" lon="-44.95088">
        <ele>1031.7</ele>
      </trkpt>
      <trkpt lat="-22.384536" lon="-44.95088">
        <ele>1031.75</ele>
      </trkpt>
      <trkpt lat="-22.384536" lon="-44.95088">
        <ele>1031.8</ele>
      </trkpt>
      <trkpt lat="-22.384536" lon="-44.95088">
        <ele>1031.84</ele>
      </trkpt>
      <trkpt lat="-22.384536" lon="-44.95088">
        <ele>1031.89</ele>
      </trkpt>
      <trkpt lat="-22.384536" lon="-44.95088">
        <ele>1031.94</ele>
      </trkpt>
      <trkpt lat="-22.384536" lon="-44.95088">
        <ele>1031.99</ele>
      </trkpt>
      <trkpt lat="-22.384536" lon="-44.95088">
        <ele>1032.04</ele>
      </trkpt>
      <trkpt lat="-22.384536" lon="-44.95088">
        <ele>1032.08</ele>
      </trkpt>
      <trkpt lat="-22.384536" lon="-44.95088">
        <ele>1032.13</ele>
      </trkpt>
      <trkpt lat="-22.384536" lon="-44.95088">
        <ele>1032.18</ele>
      </trkpt>
      <trkpt lat="-22.384536" lon="-44.95088">
        <ele>1032.23</ele>
      </trkpt>
      <trkpt lat="-22.384536" lon="-44.95088">
        <ele>1032.28</ele>
      </trkpt>
      <trkpt lat="-22.384536" lon="-44.95088">
        <ele>1032.33</ele>
      </trkpt>
      <trkpt lat="-22.384536" lon="-44.95088">
        <ele>1032.37</ele>
      </trkpt>
      <trkpt lat="-22.384536" lon="-44.95088">
        <ele>1032.42</ele>
      </trkpt>
      <trkpt lat="-22.384536" lon="-44.95088">
        <ele>1032.47</ele>
      </trkpt>
      <trkpt lat="-22.384536" lon="-44.95088">
        <ele>1032.52</ele>
      </trkpt>
      <trkpt lat="-22.384536" lon="-44.95088">
        <ele>1032.57</ele>
      </trkpt>
      <trkpt lat="-22.384536" lon="-44.95088">
        <ele>1032.61</ele>
      </trkpt>
      <trkpt lat="-22.384541" lon="-44.950888">
        <ele>1032.66</ele>
      </trkpt>
      <trkpt lat="-22.384544" lon="-44.950893">
        <ele>1032.71</ele>
      </trkpt>
      <trkpt lat="-22.384547" lon="-44.950899">
        <ele>1032.76</ele>
      </trkpt>
      <trkpt lat="-22.38455" lon="-44.950906">
        <ele>1032.81</ele>
      </trkpt>
      <trkpt lat="-22.384553" lon="-44.950912">
        <ele>1032.86</ele>
      </trkpt>
      <trkpt lat="-22.384558" lon="-44.950921">
        <ele>1032.9</ele>
      </trkpt>
      <trkpt lat="-22.384562" lon="-44.95093">
        <ele>1032.95</ele>
      </trkpt>
      <trkpt lat="-22.384568" lon="-44.950941">
        <ele>1033</ele>
      </trkpt>
      <trkpt lat="-22.384573" lon="-44.950953">
        <ele>1033.05</ele>
      </trkpt>
      <trkpt lat="-22.384579" lon="-44.950965">
        <ele>1033.26</ele>
      </trkpt>
      <trkpt lat="-22.384585" lon="-44.950977">
        <ele>1033.48</ele>
      </trkpt>
      <trkpt lat="-22.384591" lon="-44.950989">
        <ele>1033.69</ele>
      </trkpt>
      <trkpt lat="-22.384598" lon="-44.951002">
        <ele>1033.91</ele>
      </trkpt>
      <trkpt lat="-22.384604" lon="-44.951015">
        <ele>1034.12</ele>
      </trkpt>
      <trkpt lat="-22.38461" lon="-44.951027">
        <ele>1034.34</ele>
      </trkpt>
      <trkpt lat="-22.384617" lon="-44.95104">
        <ele>1034.55</ele>
      </trkpt>
      <trkpt lat="-22.384624" lon="-44.951053">
        <ele>1034.77</ele>
      </trkpt>
      <trkpt lat="-22.38463" lon="-44.951065">
        <ele>1034.98</ele>
      </trkpt>
      <trkpt lat="-22.384637" lon="-44.951077">
        <ele>1035.2</ele>
      </trkpt>
      <trkpt lat="-22.384643" lon="-44.951088">
        <ele>1035.41</ele>
      </trkpt>
      <trkpt lat="-22.384649" lon="-44.951099">
        <ele>1035.55</ele>
      </trkpt>
      <trkpt lat="-22.384654" lon="-44.95111">
        <ele>1035.69</ele>
      </trkpt>
      <trkpt lat="-22.38466" lon="-44.95112">
        <ele>1035.83</ele>
      </trkpt>
      <trkpt lat="-22.384666" lon="-44.951131">
        <ele>1035.97</ele>
      </trkpt>
      <trkpt lat="-22.384672" lon="-44.951142">
        <ele>1036.11</ele>
      </trkpt>
      <trkpt lat="-22.384678" lon="-44.951154">
        <ele>1036.25</ele>
      </trkpt>
      <trkpt lat="-22.384684" lon="-44.951166">
        <ele>1036.39</ele>
      </trkpt>
      <trkpt lat="-22.38469" lon="-44.951178">
        <ele>1036.53</ele>
      </trkpt>
      <trkpt lat="-22.384696" lon="-44.95119">
        <ele>1036.67</ele>
      </trkpt>
      <trkpt lat="-22.384702" lon="-44.951202">
        <ele>1036.81</ele>
      </trkpt>
      <trkpt lat="-22.384708" lon="-44.951214">
        <ele>1036.95</ele>
      </trkpt>
      <trkpt lat="-22.384714" lon="-44.951226">
        <ele>1037.09</ele>
      </trkpt>
      <trkpt lat="-22.384721" lon="-44.951238">
        <ele>1037.28</ele>
      </trkpt>
      <trkpt lat="-22.384727" lon="-44.95125">
        <ele>1037.47</ele>
      </trkpt>
      <trkpt lat="-22.384733" lon="-44.951262">
        <ele>1037.66</ele>
      </trkpt>
      <trkpt lat="-22.384739" lon="-44.951274">
        <ele>1037.85</ele>
      </trkpt>
      <trkpt lat="-22.384744" lon="-44.951285">
        <ele>1038.04</ele>
      </trkpt>
      <trkpt lat="-22.384749" lon="-44.951298">
        <ele>1038.23</ele>
      </trkpt>
      <trkpt lat="-22.384754" lon="-44.95131">
        <ele>1038.42</ele>
      </trkpt>
      <trkpt lat="-22.38476" lon="-44.951323">
        <ele>1038.61</ele>
      </trkpt>
      <trkpt lat="-22.384766" lon="-44.951336">
        <ele>1038.8</ele>
      </trkpt>
      <trkpt lat="-22.384773" lon="-44.951347">
        <ele>1038.99</ele>
      </trkpt>
      <trkpt lat="-22.384781" lon="-44.951358">
        <ele>1039.18</ele>
      </trkpt>
      <trkpt lat="-22.384789" lon="-44.951367">
        <ele>1039.54</ele>
      </trkpt>
      <trkpt lat="-22.384797" lon="-44.951375">
        <ele>1039.9</ele>
      </trkpt>
      <trkpt lat="-22.384805" lon="-44.951382">
        <ele>1040.25</ele>
      </trkpt>
      <trkpt lat="-22.384814" lon="-44.951389">
        <ele>1040.61</ele>
      </trkpt>
      <trkpt lat="-22.384822" lon="-44.951396">
        <ele>1040.97</ele>
      </trkpt>
      <trkpt lat="-22.384831" lon="-44.951403">
        <ele>1041.33</ele>
      </trkpt>
      <trkpt lat="-22.384839" lon="-44.951411">
        <ele>1041.68</ele>
      </trkpt>
      <trkpt lat="-22.384847" lon="-44.951419">
        <ele>1042.04</ele>
      </trkpt>
      <trkpt lat="-22.384856" lon="-44.951427">
        <ele>1042.4</ele>
      </trkpt>
      <trkpt lat="-22.384864" lon="-44.951435">
        <ele>1042.76</ele>
      </trkpt>
      <trkpt lat="-22.384873" lon="-44.951444">
        <ele>1043.12</ele>
      </trkpt>
      <trkpt lat="-22.384881" lon="-44.951452">
        <ele>1043.47</ele>
      </trkpt>
      <trkpt lat="-22.384888" lon="-44.951461">
        <ele>1043.83</ele>
      </trkpt>
      <trkpt lat="-22.384895" lon="-44.951469">
        <ele>1044.07</ele>
      </trkpt>
      <trkpt lat="-22.384899" lon="-44.951479">
        <ele>1044.31</ele>
      </trkpt>
      <trkpt lat="-22.384903" lon="-44.951489">
        <ele>1044.55</ele>
      </trkpt>
      <trkpt lat="-22.384906" lon="-44.951498">
        <ele>1044.79</ele>
      </trkpt>
      <trkpt lat="-22.384909" lon="-44.951508">
        <ele>1045.03</ele>
      </trkpt>
      <trkpt lat="-22.384913" lon="-44.951518">
        <ele>1045.27</ele>
      </trkpt>
      <trkpt lat="-22.384917" lon="-44.951527">
        <ele>1045.51</ele>
      </trkpt>
      <trkpt lat="-22.384923" lon="-44.951536">
        <ele>1045.75</ele>
      </trkpt>
      <trkpt lat="-22.384929" lon="-44.951545">
        <ele>1045.99</ele>
      </trkpt>
      <trkpt lat="-22.384936" lon="-44.951555">
        <ele>1046.23</ele>
      </trkpt>
      <trkpt lat="-22.384943" lon="-44.951565">
        <ele>1046.47</ele>
      </trkpt>
      <trkpt lat="-22.38495" lon="-44.951576">
        <ele>1046.71</ele>
      </trkpt>
      <trkpt lat="-22.384958" lon="-44.951587">
        <ele>1046.95</ele>
      </trkpt>
      <trkpt lat="-22.384966" lon="-44.951599">
        <ele>1047.28</ele>
      </trkpt>
      <trkpt lat="-22.384974" lon="-44.951611">
        <ele>1047.6</ele>
      </trkpt>
      <trkpt lat="-22.384983" lon="-44.951623">
        <ele>1047.92</ele>
      </trkpt>
      <trkpt lat="-22.384991" lon="-44.951635">
        <ele>1048.25</ele>
      </trkpt>
      <trkpt lat="-22.384999" lon="-44.951646">
        <ele>1048.57</ele>
      </trkpt>
      <trkpt lat="-22.385006" lon="-44.951657">
        <ele>1048.89</ele>
      </trkpt>
      <trkpt lat="-22.385012" lon="-44.951666">
        <ele>1049.22</ele>
      </trkpt>
      <trkpt lat="-22.385018" lon="-44.951676">
        <ele>1049.54</ele>
      </trkpt>
      <trkpt lat="-22.385025" lon="-44.951685">
        <ele>1049.87</ele>
      </trkpt>
      <trkpt lat="-22.385031" lon="-44.951694">
        <ele>1050.19</ele>
      </trkpt>
      <trkpt lat="-22.385038" lon="-44.951703">
        <ele>1050.51</ele>
      </trkpt>
      <trkpt lat="-22.385044" lon="-44.951711">
        <ele>1050.84</ele>
      </trkpt>
      <trkpt lat="-22.38505" lon="-44.951718">
        <ele>1051.1</ele>
      </trkpt>
      <trkpt lat="-22.385055" lon="-44.951725">
        <ele>1051.36</ele>
      </trkpt>
      <trkpt lat="-22.385061" lon="-44.951732">
        <ele>1051.63</ele>
      </trkpt>
      <trkpt lat="-22.385067" lon="-44.951739">
        <ele>1051.89</ele>
      </trkpt>
      <trkpt lat="-22.385072" lon="-44.951747">
        <ele>1052.16</ele>
      </trkpt>
      <trkpt lat="-22.385077" lon="-44.951754">
        <ele>1052.42</ele>
      </trkpt>
      <trkpt lat="-22.385082" lon="-44.951765">
        <ele>1052.68</ele>
      </trkpt>
      <trkpt lat="-22.385088" lon="-44.951775">
        <ele>1052.95</ele>
      </trkpt>
      <trkpt lat="-22.385092" lon="-44.951788">
        <ele>1053.21</ele>
      </trkpt>
      <trkpt lat="-22.385097" lon="-44.9518">
        <ele>1053.48</ele>
      </trkpt>
      <trkpt lat="-22.385102" lon="-44.951815">
        <ele>1053.74</ele>
      </trkpt>
      <trkpt lat="-22.385106" lon="-44.951829">
        <ele>1054</ele>
      </trkpt>
      <trkpt lat="-22.385109" lon="-44.951845">
        <ele>1054.27</ele>
      </trkpt>
      <trkpt lat="-22.385112" lon="-44.95186">
        <ele>1054.47</ele>
      </trkpt>
      <trkpt lat="-22.385114" lon="-44.951875">
        <ele>1054.68</ele>
      </trkpt>
      <trkpt lat="-22.385116" lon="-44.951891">
        <ele>1054.89</ele>
      </trkpt>
      <trkpt lat="-22.385118" lon="-44.951905">
        <ele>1055.09</ele>
      </trkpt>
      <trkpt lat="-22.38512" lon="-44.951919">
        <ele>1055.3</ele>
      </trkpt>
      <trkpt lat="-22.385124" lon="-44.951932">
        <ele>1055.51</ele>
      </trkpt>
      <trkpt lat="-22.385127" lon="-44.951946">
        <ele>1055.71</ele>
      </trkpt>
      <trkpt lat="-22.38513" lon="-44.951957">
        <ele>1055.92</ele>
      </trkpt>
      <trkpt lat="-22.385134" lon="-44.951968">
        <ele>1056.12</ele>
      </trkpt>
      <trkpt lat="-22.385138" lon="-44.951978">
        <ele>1056.33</ele>
      </trkpt>
      <trkpt lat="-22.385142" lon="-44.951987">
        <ele>1056.54</ele>
      </trkpt>
      <trkpt lat="-22.385146" lon="-44.951995">
        <ele>1056.75</ele>
      </trkpt>
      <trkpt lat="-22.38515" lon="-44.952003">
        <ele>1056.96</ele>
      </trkpt>
      <trkpt lat="-22.385155" lon="-44.952009">
        <ele>1057.17</ele>
      </trkpt>
      <trkpt lat="-22.38516" lon="-44.952015">
        <ele>1057.38</ele>
      </trkpt>
      <trkpt lat="-22.385165" lon="-44.952021">
        <ele>1057.6</ele>
      </trkpt>
      <trkpt lat="-22.38517" lon="-44.952027">
        <ele>1057.81</ele>
      </trkpt>
      <trkpt lat="-22.385172" lon="-44.952031">
        <ele>1058.02</ele>
      </trkpt>
      <trkpt lat="-22.385174" lon="-44.952035">
        <ele>1058.23</ele>
      </trkpt>
      <trkpt lat="-22.385177" lon="-44.952042">
        <ele>1058.44</ele>
      </trkpt>
      <trkpt lat="-22.385181" lon="-44.952049">
        <ele>1058.65</ele>
      </trkpt>
      <trkpt lat="-22.385184" lon="-44.952055">
        <ele>1058.87</ele>
      </trkpt>
      <trkpt lat="-22.385188" lon="-44.952061">
        <ele>1059.08</ele>
      </trkpt>
      <trkpt lat="-22.385191" lon="-44.952067">
        <ele>1059.29</ele>
      </trkpt>
      <trkpt lat="-22.385194" lon="-44.952073">
        <ele>1059.5</ele>
      </trkpt>
      <trkpt lat="-22.385198" lon="-44.952079">
        <ele>1059.71</ele>
      </trkpt>
      <trkpt lat="-22.385202" lon="-44.952085">
        <ele>1059.93</ele>
      </trkpt>
      <trkpt lat="-22.385206" lon="-44.952091">
        <ele>1060.14</ele>
      </trkpt>
      <trkpt lat="-22.385211" lon="-44.952097">
        <ele>1060.35</ele>
      </trkpt>
      <trkpt lat="-22.385216" lon="-44.952102">
        <ele>1060.56</ele>
      </trkpt>
      <trkpt lat="-22.385221" lon="-44.952108">
        <ele>1060.77</ele>
      </trkpt>
      <trkpt lat="-22.385226" lon="-44.952113">
        <ele>1060.83</ele>
      </trkpt>
      <trkpt lat="-22.385231" lon="-44.952119">
        <ele>1060.89</ele>
      </trkpt>
      <trkpt lat="-22.385236" lon="-44.952123">
        <ele>1060.95</ele>
      </trkpt>
      <trkpt lat="-22.385241" lon="-44.952128">
        <ele>1061.01</ele>
      </trkpt>
      <trkpt lat="-22.385246" lon="-44.952132">
        <ele>1061.07</ele>
      </trkpt>
      <trkpt lat="-22.385252" lon="-44.952135">
        <ele>1061.13</ele>
      </trkpt>
      <trkpt lat="-22.385259" lon="-44.952138">
        <ele>1061.19</ele>
      </trkpt>
      <trkpt lat="-22.385265" lon="-44.95214">
        <ele>1061.25</ele>
      </trkpt>
      <trkpt lat="-22.385272" lon="-44.952142">
        <ele>1061.31</ele>
      </trkpt>
      <trkpt lat="-22.385279" lon="-44.952144">
        <ele>1061.37</ele>
      </trkpt>
      <trkpt lat="-22.385286" lon="-44.952147">
        <ele>1061.43</ele>
      </trkpt>
      <trkpt lat="-22.385293" lon="-44.952149">
        <ele>1061.49</ele>
      </trkpt>
      <trkpt lat="-22.3853" lon="-44.952153">
        <ele>1061.55</ele>
      </trkpt>
      <trkpt lat="-22.385307" lon="-44.952156">
        <ele>1061.61</ele>
      </trkpt>
      <trkpt lat="-22.385314" lon="-44.95216">
        <ele>1061.67</ele>
      </trkpt>
      <trkpt lat="-22.385321" lon="-44.952164">
        <ele>1061.73</ele>
      </trkpt>
      <trkpt lat="-22.385321" lon="-44.952164">
        <ele>1061.79</ele>
      </trkpt>
      <trkpt lat="-22.385321" lon="-44.952164">
        <ele>1061.85</ele>
      </trkpt>
      <trkpt lat="-22.385321" lon="-44.952164">
        <ele>1061.91</ele>
      </trkpt>
      <trkpt lat="-22.385321" lon="-44.952164">
        <ele>1061.97</ele>
      </trkpt>
      <trkpt lat="-22.385321" lon="-44.952164">
        <ele>1062.03</ele>
      </trkpt>
      <trkpt lat="-22.385321" lon="-44.952164">
        <ele>1062.09</ele>
      </trkpt>
      <trkpt lat="-22.385321" lon="-44.952164">
        <ele>1062.15</ele>
      </trkpt>
      <trkpt lat="-22.385321" lon="-44.952164">
        <ele>1062.21</ele>
      </trkpt>
      <trkpt lat="-22.385321" lon="-44.952164">
        <ele>1062.27</ele>
      </trkpt>
      <trkpt lat="-22.385321" lon="-44.952164">
        <ele>1062.33</ele>
      </trkpt>
      <trkpt lat="-22.385321" lon="-44.952164">
        <ele>1062.39</ele>
      </trkpt>
      <trkpt lat="-22.385321" lon="-44.952164">
        <ele>1062.45</ele>
      </trkpt>
      <trkpt lat="-22.385321" lon="-44.952164">
        <ele>1062.51</ele>
      </trkpt>
      <trkpt lat="-22.385321" lon="-44.952164">
        <ele>1062.57</ele>
      </trkpt>
      <trkpt lat="-22.385321" lon="-44.952164">
        <ele>1062.63</ele>
      </trkpt>
      <trkpt lat="-22.385321" lon="-44.952164">
        <ele>1062.69</ele>
      </trkpt>
      <trkpt lat="-22.385321" lon="-44.952164">
        <ele>1062.75</ele>
      </trkpt>
      <trkpt lat="-22.385321" lon="-44.952164">
        <ele>1062.81</ele>
      </trkpt>
      <trkpt lat="-22.385321" lon="-44.952164">
        <ele>1062.87</ele>
      </trkpt>
      <trkpt lat="-22.385321" lon="-44.952164">
        <ele>1062.93</ele>
      </trkpt>
      <trkpt lat="-22.385321" lon="-44.952164">
        <ele>1062.99</ele>
      </trkpt>
      <trkpt lat="-22.385321" lon="-44.952164">
        <ele>1063.04</ele>
      </trkpt>
      <trkpt lat="-22.385321" lon="-44.952164">
        <ele>1063.1</ele>
      </trkpt>
      <trkpt lat="-22.385321" lon="-44.952164">
        <ele>1063.16</ele>
      </trkpt>
      <trkpt lat="-22.385321" lon="-44.952164">
        <ele>1063.22</ele>
      </trkpt>
      <trkpt lat="-22.385321" lon="-44.952164">
        <ele>1063.28</ele>
      </trkpt>
      <trkpt lat="-22.385321" lon="-44.952164">
        <ele>1063.34</ele>
      </trkpt>
      <trkpt lat="-22.385321" lon="-44.952164">
        <ele>1063.4</ele>
      </trkpt>
      <trkpt lat="-22.385321" lon="-44.952164">
        <ele>1063.46</ele>
      </trkpt>
      <trkpt lat="-22.385321" lon="-44.952164">
        <ele>1063.52</ele>
      </trkpt>
      <trkpt lat="-22.385321" lon="-44.952164">
        <ele>1063.58</ele>
      </trkpt>
      <trkpt lat="-22.385321" lon="-44.952164">
        <ele>1063.64</ele>
      </trkpt>
      <trkpt lat="-22.385321" lon="-44.952164">
        <ele>1063.7</ele>
      </trkpt>
      <trkpt lat="-22.385321" lon="-44.952164">
        <ele>1063.76</ele>
      </trkpt>
      <trkpt lat="-22.385321" lon="-44.952164">
        <ele>1063.82</ele>
      </trkpt>
      <trkpt lat="-22.385321" lon="-44.952164">
        <ele>1063.88</ele>
      </trkpt>
      <trkpt lat="-22.385321" lon="-44.952164">
        <ele>1063.94</ele>
      </trkpt>
      <trkpt lat="-22.385321" lon="-44.952164">
        <ele>1064</ele>
      </trkpt>
      <trkpt lat="-22.385321" lon="-44.952164">
        <ele>1064.06</ele>
      </trkpt>
      <trkpt lat="-22.385321" lon="-44.952164">
        <ele>1064.12</ele>
      </trkpt>
      <trkpt lat="-22.385321" lon="-44.952164">
        <ele>1064.18</ele>
      </trkpt>
      <trkpt lat="-22.385321" lon="-44.952164">
        <ele>1064.24</ele>
      </trkpt>
      <trkpt lat="-22.385321" lon="-44.952164">
        <ele>1064.3</ele>
      </trkpt>
      <trkpt lat="-22.385321" lon="-44.952164">
        <ele>1064.36</ele>
      </trkpt>
      <trkpt lat="-22.385321" lon="-44.952164">
        <ele>1064.42</ele>
      </trkpt>
      <trkpt lat="-22.385321" lon="-44.952164">
        <ele>1064.48</ele>
      </trkpt>
      <trkpt lat="-22.385321" lon="-44.952164">
        <ele>1064.54</ele>
      </trkpt>
      <trkpt lat="-22.385321" lon="-44.952164">
        <ele>1064.6</ele>
      </trkpt>
      <trkpt lat="-22.385321" lon="-44.952164">
        <ele>1064.66</ele>
      </trkpt>
      <trkpt lat="-22.385321" lon="-44.952164">
        <ele>1064.72</ele>
      </trkpt>
      <trkpt lat="-22.385321" lon="-44.952164">
        <ele>1064.78</ele>
      </trkpt>
      <trkpt lat="-22.385321" lon="-44.952164">
        <ele>1064.84</ele>
      </trkpt>
      <trkpt lat="-22.385321" lon="-44.952164">
        <ele>1064.9</ele>
      </trkpt>
      <trkpt lat="-22.385321" lon="-44.952164">
        <ele>1064.96</ele>
      </trkpt>
      <trkpt lat="-22.385321" lon="-44.952164">
        <ele>1065.02</ele>
      </trkpt>
      <trkpt lat="-22.385321" lon="-44.952164">
        <ele>1065.08</ele>
      </trkpt>
      <trkpt lat="-22.385321" lon="-44.952164">
        <ele>1065.14</ele>
      </trkpt>
      <trkpt lat="-22.385321" lon="-44.952164">
        <ele>1065.2</ele>
      </trkpt>
      <trkpt lat="-22.385321" lon="-44.952164">
        <ele>1065.26</ele>
      </trkpt>
      <trkpt lat="-22.385321" lon="-44.952164">
        <ele>1065.32</ele>
      </trkpt>
      <trkpt lat="-22.385321" lon="-44.952164">
        <ele>1065.38</ele>
      </trkpt>
      <trkpt lat="-22.385321" lon="-44.952164">
        <ele>1065.44</ele>
      </trkpt>
      <trkpt lat="-22.385321" lon="-44.952164">
        <ele>1065.5</ele>
      </trkpt>
      <trkpt lat="-22.385321" lon="-44.952164">
        <ele>1065.56</ele>
      </trkpt>
      <trkpt lat="-22.385321" lon="-44.952164">
        <ele>1065.62</ele>
      </trkpt>
      <trkpt lat="-22.385321" lon="-44.952164">
        <ele>1065.68</ele>
      </trkpt>
      <trkpt lat="-22.385321" lon="-44.952164">
        <ele>1065.73</ele>
      </trkpt>
      <trkpt lat="-22.385321" lon="-44.952164">
        <ele>1065.79</ele>
      </trkpt>
      <trkpt lat="-22.385321" lon="-44.952164">
        <ele>1065.85</ele>
      </trkpt>
      <trkpt lat="-22.385321" lon="-44.952164">
        <ele>1065.91</ele>
      </trkpt>
      <trkpt lat="-22.385321" lon="-44.952164">
        <ele>1065.97</ele>
      </trkpt>
      <trkpt lat="-22.385321" lon="-44.952164">
        <ele>1066.03</ele>
      </trkpt>
      <trkpt lat="-22.385321" lon="-44.952164">
        <ele>1066.09</ele>
      </trkpt>
      <trkpt lat="-22.385321" lon="-44.952164">
        <ele>1066.15</ele>
      </trkpt>
      <trkpt lat="-22.385321" lon="-44.952164">
        <ele>1066.21</ele>
      </trkpt>
      <trkpt lat="-22.385321" lon="-44.952164">
        <ele>1066.27</ele>
      </trkpt>
      <trkpt lat="-22.385321" lon="-44.952164">
        <ele>1066.33</ele>
      </trkpt>
      <trkpt lat="-22.385321" lon="-44.952164">
        <ele>1066.39</ele>
      </trkpt>
      <trkpt lat="-22.385321" lon="-44.952164">
        <ele>1066.45</ele>
      </trkpt>
      <trkpt lat="-22.385321" lon="-44.952164">
        <ele>1066.51</ele>
      </trkpt>
      <trkpt lat="-22.385321" lon="-44.952164">
        <ele>1066.57</ele>
      </trkpt>
      <trkpt lat="-22.385321" lon="-44.952164">
        <ele>1066.63</ele>
      </trkpt>
      <trkpt lat="-22.385321" lon="-44.952164">
        <ele>1066.69</ele>
      </trkpt>
      <trkpt lat="-22.385321" lon="-44.952164">
        <ele>1066.75</ele>
      </trkpt>
      <trkpt lat="-22.385321" lon="-44.952164">
        <ele>1066.81</ele>
      </trkpt>
      <trkpt lat="-22.385321" lon="-44.952164">
        <ele>1066.87</ele>
      </trkpt>
      <trkpt lat="-22.385321" lon="-44.952164">
        <ele>1066.93</ele>
      </trkpt>
      <trkpt lat="-22.385321" lon="-44.952164">
        <ele>1066.99</ele>
      </trkpt>
      <trkpt lat="-22.385321" lon="-44.952164">
        <ele>1067.05</ele>
      </trkpt>
      <trkpt lat="-22.385321" lon="-44.952164">
        <ele>1067.11</ele>
      </trkpt>
      <trkpt lat="-22.385321" lon="-44.952164">
        <ele>1067.17</ele>
      </trkpt>
      <trkpt lat="-22.385321" lon="-44.952164">
        <ele>1067.23</ele>
      </trkpt>
      <trkpt lat="-22.385321" lon="-44.952164">
        <ele>1067.29</ele>
      </trkpt>
      <trkpt lat="-22.385333" lon="-44.95217">
        <ele>1067.35</ele>
      </trkpt>
      <trkpt lat="-22.385337" lon="-44.952174">
        <ele>1067.41</ele>
      </trkpt>
      <trkpt lat="-22.385341" lon="-44.952177">
        <ele>1067.47</ele>
      </trkpt>
      <trkpt lat="-22.385344" lon="-44.952181">
        <ele>1067.51</ele>
      </trkpt>
      <trkpt lat="-22.385348" lon="-44.952185">
        <ele>1067.56</ele>
      </trkpt>
      <trkpt lat="-22.385352" lon="-44.952189">
        <ele>1067.6</ele>
      </trkpt>
      <trkpt lat="-22.385357" lon="-44.952194">
        <ele>1067.64</ele>
      </trkpt>
      <trkpt lat="-22.385357" lon="-44.952194">
        <ele>1067.69</ele>
      </trkpt>
      <trkpt lat="-22.385357" lon="-44.952194">
        <ele>1067.73</ele>
      </trkpt>
      <trkpt lat="-22.385357" lon="-44.952194">
        <ele>1067.77</ele>
      </trkpt>
      <trkpt lat="-22.385357" lon="-44.952194">
        <ele>1067.81</ele>
      </trkpt>
      <trkpt lat="-22.385357" lon="-44.952194">
        <ele>1067.86</ele>
      </trkpt>
      <trkpt lat="-22.385357" lon="-44.952194">
        <ele>1067.9</ele>
      </trkpt>
      <trkpt lat="-22.385357" lon="-44.952194">
        <ele>1067.94</ele>
      </trkpt>
      <trkpt lat="-22.385357" lon="-44.952194">
        <ele>1067.99</ele>
      </trkpt>
      <trkpt lat="-22.385357" lon="-44.952194">
        <ele>1068.03</ele>
      </trkpt>
      <trkpt lat="-22.385357" lon="-44.952194">
        <ele>1068.07</ele>
      </trkpt>
      <trkpt lat="-22.385357" lon="-44.952194">
        <ele>1068.12</ele>
      </trkpt>
      <trkpt lat="-22.385357" lon="-44.952194">
        <ele>1068.16</ele>
      </trkpt>
      <trkpt lat="-22.385357" lon="-44.952194">
        <ele>1068.2</ele>
      </trkpt>
      <trkpt lat="-22.385357" lon="-44.952194">
        <ele>1068.25</ele>
      </trkpt>
      <trkpt lat="-22.385357" lon="-44.952194">
        <ele>1068.29</ele>
      </trkpt>
      <trkpt lat="-22.385357" lon="-44.952194">
        <ele>1068.33</ele>
      </trkpt>
      <trkpt lat="-22.385357" lon="-44.952194">
        <ele>1068.38</ele>
      </trkpt>
      <trkpt lat="-22.385357" lon="-44.952194">
        <ele>1068.42</ele>
      </trkpt>
      <trkpt lat="-22.385357" lon="-44.952194">
        <ele>1068.46</ele>
      </trkpt>
      <trkpt lat="-22.385357" lon="-44.952194">
        <ele>1068.51</ele>
      </trkpt>
      <trkpt lat="-22.385357" lon="-44.952194">
        <ele>1068.55</ele>
      </trkpt>
      <trkpt lat="-22.385357" lon="-44.952194">
        <ele>1068.59</ele>
      </trkpt>
      <trkpt lat="-22.385357" lon="-44.952194">
        <ele>1068.64</ele>
      </trkpt>
      <trkpt lat="-22.385357" lon="-44.952194">
        <ele>1068.68</ele>
      </trkpt>
      <trkpt lat="-22.385357" lon="-44.952194">
        <ele>1068.72</ele>
      </trkpt>
      <trkpt lat="-22.385357" lon="-44.952194">
        <ele>1068.77</ele>
      </trkpt>
      <trkpt lat="-22.385357" lon="-44.952194">
        <ele>1068.81</ele>
      </trkpt>
      <trkpt lat="-22.385357" lon="-44.952194">
        <ele>1068.85</ele>
      </trkpt>
      <trkpt lat="-22.385357" lon="-44.952194">
        <ele>1068.9</ele>
      </trkpt>
      <trkpt lat="-22.385357" lon="-44.952194">
        <ele>1068.94</ele>
      </trkpt>
      <trkpt lat="-22.385357" lon="-44.952194">
        <ele>1068.98</ele>
      </trkpt>
      <trkpt lat="-22.385357" lon="-44.952194">
        <ele>1069.03</ele>
      </trkpt>
      <trkpt lat="-22.385357" lon="-44.952194">
        <ele>1069.07</ele>
      </trkpt>
      <trkpt lat="-22.385357" lon="-44.952194">
        <ele>1069.11</ele>
      </trkpt>
      <trkpt lat="-22.385357" lon="-44.952194">
        <ele>1069.16</ele>
      </trkpt>
      <trkpt lat="-22.385357" lon="-44.952194">
        <ele>1069.2</ele>
      </trkpt>
      <trkpt lat="-22.385357" lon="-44.952194">
        <ele>1069.24</ele>
      </trkpt>
      <trkpt lat="-22.385357" lon="-44.952194">
        <ele>1069.29</ele>
      </trkpt>
      <trkpt lat="-22.385357" lon="-44.952194">
        <ele>1069.33</ele>
      </trkpt>
      <trkpt lat="-22.385357" lon="-44.952194">
        <ele>1069.37</ele>
      </trkpt>
      <trkpt lat="-22.385357" lon="-44.952194">
        <ele>1069.42</ele>
      </trkpt>
      <trkpt lat="-22.385357" lon="-44.952194">
        <ele>1069.46</ele>
      </trkpt>
      <trkpt lat="-22.385357" lon="-44.952194">
        <ele>1069.5</ele>
      </trkpt>
      <trkpt lat="-22.385357" lon="-44.952194">
        <ele>1069.55</ele>
      </trkpt>
      <trkpt lat="-22.385357" lon="-44.952194">
        <ele>1069.59</ele>
      </trkpt>
      <trkpt lat="-22.385373" lon="-44.95222">
        <ele>1069.63</ele>
      </trkpt>
      <trkpt lat="-22.385373" lon="-44.95222">
        <ele>1069.68</ele>
      </trkpt>
      <trkpt lat="-22.385373" lon="-44.95222">
        <ele>1069.72</ele>
      </trkpt>
      <trkpt lat="-22.385373" lon="-44.95222">
        <ele>1069.76</ele>
      </trkpt>
      <trkpt lat="-22.385373" lon="-44.95222">
        <ele>1069.81</ele>
      </trkpt>
      <trkpt lat="-22.385373" lon="-44.95222">
        <ele>1069.85</ele>
      </trkpt>
      <trkpt lat="-22.385373" lon="-44.95222">
        <ele>1069.89</ele>
      </trkpt>
      <trkpt lat="-22.385373" lon="-44.95222">
        <ele>1069.94</ele>
      </trkpt>
      <trkpt lat="-22.385373" lon="-44.95222">
        <ele>1069.98</ele>
      </trkpt>
      <trkpt lat="-22.385373" lon="-44.95222">
        <ele>1070.02</ele>
      </trkpt>
      <trkpt lat="-22.385373" lon="-44.95222">
        <ele>1070.07</ele>
      </trkpt>
      <trkpt lat="-22.385373" lon="-44.95222">
        <ele>1070.11</ele>
      </trkpt>
      <trkpt lat="-22.385373" lon="-44.95222">
        <ele>1070.15</ele>
      </trkpt>
      <trkpt lat="-22.385373" lon="-44.95222">
        <ele>1070.2</ele>
      </trkpt>
      <trkpt lat="-22.385373" lon="-44.95222">
        <ele>1070.24</ele>
      </trkpt>
      <trkpt lat="-22.385373" lon="-44.95222">
        <ele>1070.28</ele>
      </trkpt>
      <trkpt lat="-22.385373" lon="-44.95222">
        <ele>1070.33</ele>
      </trkpt>
      <trkpt lat="-22.385373" lon="-44.95222">
        <ele>1070.37</ele>
      </trkpt>
      <trkpt lat="-22.385373" lon="-44.95222">
        <ele>1070.41</ele>
      </trkpt>
      <trkpt lat="-22.385373" lon="-44.95222">
        <ele>1070.46</ele>
      </trkpt>
      <trkpt lat="-22.385373" lon="-44.95222">
        <ele>1070.5</ele>
      </trkpt>
      <trkpt lat="-22.385373" lon="-44.95222">
        <ele>1070.54</ele>
      </trkpt>
      <trkpt lat="-22.385373" lon="-44.95222">
        <ele>1070.59</ele>
      </trkpt>
      <trkpt lat="-22.385373" lon="-44.95222">
        <ele>1070.63</ele>
      </trkpt>
      <trkpt lat="-22.385373" lon="-44.95222">
        <ele>1070.67</ele>
      </trkpt>
      <trkpt lat="-22.385373" lon="-44.95222">
        <ele>1070.72</ele>
      </trkpt>
      <trkpt lat="-22.385373" lon="-44.95222">
        <ele>1070.76</ele>
      </trkpt>
      <trkpt lat="-22.385373" lon="-44.95222">
        <ele>1070.8</ele>
      </trkpt>
      <trkpt lat="-22.385373" lon="-44.95222">
        <ele>1070.85</ele>
      </trkpt>
      <trkpt lat="-22.385373" lon="-44.95222">
        <ele>1070.89</ele>
      </trkpt>
      <trkpt lat="-22.385373" lon="-44.95222">
        <ele>1070.93</ele>
      </trkpt>
      <trkpt lat="-22.385373" lon="-44.95222">
        <ele>1070.98</ele>
      </trkpt>
      <trkpt lat="-22.385373" lon="-44.95222">
        <ele>1071.02</ele>
      </trkpt>
      <trkpt lat="-22.385373" lon="-44.95222">
        <ele>1071.06</ele>
      </trkpt>
      <trkpt lat="-22.385373" lon="-44.95222">
        <ele>1071.11</ele>
      </trkpt>
      <trkpt lat="-22.385373" lon="-44.95222">
        <ele>1071.15</ele>
      </trkpt>
      <trkpt lat="-22.385373" lon="-44.95222">
        <ele>1071.19</ele>
      </trkpt>
      <trkpt lat="-22.385373" lon="-44.95222">
        <ele>1071.24</ele>
      </trkpt>
      <trkpt lat="-22.385373" lon="-44.95222">
        <ele>1071.28</ele>
      </trkpt>
      <trkpt lat="-22.385373" lon="-44.95222">
        <ele>1071.32</ele>
      </trkpt>
      <trkpt lat="-22.385373" lon="-44.95222">
        <ele>1071.37</ele>
      </trkpt>
      <trkpt lat="-22.385373" lon="-44.95222">
        <ele>1071.41</ele>
      </trkpt>
      <trkpt lat="-22.385373" lon="-44.95222">
        <ele>1071.45</ele>
      </trkpt>
      <trkpt lat="-22.385373" lon="-44.95222">
        <ele>1071.5</ele>
      </trkpt>
      <trkpt lat="-22.385373" lon="-44.95222">
        <ele>1071.54</ele>
      </trkpt>
      <trkpt lat="-22.385373" lon="-44.95222">
        <ele>1071.58</ele>
      </trkpt>
      <trkpt lat="-22.385373" lon="-44.95222">
        <ele>1071.63</ele>
      </trkpt>
      <trkpt lat="-22.385373" lon="-44.95222">
        <ele>1071.67</ele>
      </trkpt>
      <trkpt lat="-22.385373" lon="-44.95222">
        <ele>1071.71</ele>
      </trkpt>
      <trkpt lat="-22.385373" lon="-44.95222">
        <ele>1071.76</ele>
      </trkpt>
      <trkpt lat="-22.385373" lon="-44.95222">
        <ele>1071.8</ele>
      </trkpt>
      <trkpt lat="-22.385373" lon="-44.95222">
        <ele>1071.84</ele>
      </trkpt>
      <trkpt lat="-22.385373" lon="-44.95222">
        <ele>1071.89</ele>
      </trkpt>
      <trkpt lat="-22.385373" lon="-44.95222">
        <ele>1071.93</ele>
      </trkpt>
      <trkpt lat="-22.385373" lon="-44.95222">
        <ele>1071.97</ele>
      </trkpt>
      <trkpt lat="-22.385373" lon="-44.95222">
        <ele>1072.02</ele>
      </trkpt>
      <trkpt lat="-22.385373" lon="-44.95222">
        <ele>1072.06</ele>
      </trkpt>
      <trkpt lat="-22.385373" lon="-44.95222">
        <ele>1072.1</ele>
      </trkpt>
      <trkpt lat="-22.385373" lon="-44.95222">
        <ele>1072.15</ele>
      </trkpt>
      <trkpt lat="-22.385373" lon="-44.95222">
        <ele>1072.19</ele>
      </trkpt>
      <trkpt lat="-22.385373" lon="-44.95222">
        <ele>1072.23</ele>
      </trkpt>
      <trkpt lat="-22.385373" lon="-44.95222">
        <ele>1072.28</ele>
      </trkpt>
      <trkpt lat="-22.385373" lon="-44.95222">
        <ele>1072.32</ele>
      </trkpt>
      <trkpt lat="-22.385373" lon="-44.95222">
        <ele>1072.36</ele>
      </trkpt>
      <trkpt lat="-22.385388" lon="-44.952251">
        <ele>1072.41</ele>
      </trkpt>
      <trkpt lat="-22.385388" lon="-44.952251">
        <ele>1072.45</ele>
      </trkpt>
      <trkpt lat="-22.385388" lon="-44.952251">
        <ele>1072.49</ele>
      </trkpt>
      <trkpt lat="-22.385388" lon="-44.952251">
        <ele>1072.54</ele>
      </trkpt>
      <trkpt lat="-22.385388" lon="-44.952251">
        <ele>1072.58</ele>
      </trkpt>
      <trkpt lat="-22.385388" lon="-44.952251">
        <ele>1072.62</ele>
      </trkpt>
      <trkpt lat="-22.385388" lon="-44.952251">
        <ele>1072.67</ele>
      </trkpt>
      <trkpt lat="-22.385388" lon="-44.952251">
        <ele>1072.71</ele>
      </trkpt>
      <trkpt lat="-22.385388" lon="-44.952251">
        <ele>1072.75</ele>
      </trkpt>
      <trkpt lat="-22.385388" lon="-44.952251">
        <ele>1072.8</ele>
      </trkpt>
      <trkpt lat="-22.385388" lon="-44.952251">
        <ele>1072.84</ele>
      </trkpt>
      <trkpt lat="-22.385408" lon="-44.952282">
        <ele>1072.88</ele>
      </trkpt>
      <trkpt lat="-22.385415" lon="-44.952294">
        <ele>1072.93</ele>
      </trkpt>
      <trkpt lat="-22.385422" lon="-44.952305">
        <ele>1072.97</ele>
      </trkpt>
      <trkpt lat="-22.38543" lon="-44.952319">
        <ele>1073.08</ele>
      </trkpt>
      <trkpt lat="-22.385438" lon="-44.952334">
        <ele>1073.19</ele>
      </trkpt>
      <trkpt lat="-22.385438" lon="-44.952334">
        <ele>1073.3</ele>
      </trkpt>
      <trkpt lat="-22.385438" lon="-44.952334">
        <ele>1073.41</ele>
      </trkpt>
      <trkpt lat="-22.385438" lon="-44.952334">
        <ele>1073.53</ele>
      </trkpt>
      <trkpt lat="-22.385438" lon="-44.952334">
        <ele>1073.64</ele>
      </trkpt>
      <trkpt lat="-22.385438" lon="-44.952334">
        <ele>1073.75</ele>
      </trkpt>
      <trkpt lat="-22.385438" lon="-44.952334">
        <ele>1073.86</ele>
      </trkpt>
      <trkpt lat="-22.385438" lon="-44.952334">
        <ele>1073.97</ele>
      </trkpt>
      <trkpt lat="-22.385438" lon="-44.952334">
        <ele>1074.08</ele>
      </trkpt>
      <trkpt lat="-22.385438" lon="-44.952334">
        <ele>1074.19</ele>
      </trkpt>
      <trkpt lat="-22.385438" lon="-44.952334">
        <ele>1074.3</ele>
      </trkpt>
      <trkpt lat="-22.385438" lon="-44.952334">
        <ele>1074.42</ele>
      </trkpt>
      <trkpt lat="-22.385438" lon="-44.952334">
        <ele>1074.53</ele>
      </trkpt>
      <trkpt lat="-22.385438" lon="-44.952334">
        <ele>1074.64</ele>
      </trkpt>
      <trkpt lat="-22.385438" lon="-44.952334">
        <ele>1074.75</ele>
      </trkpt>
      <trkpt lat="-22.385438" lon="-44.952334">
        <ele>1074.86</ele>
      </trkpt>
      <trkpt lat="-22.385438" lon="-44.952334">
        <ele>1074.97</ele>
      </trkpt>
      <trkpt lat="-22.385438" lon="-44.952334">
        <ele>1075.08</ele>
      </trkpt>
      <trkpt lat="-22.385438" lon="-44.952334">
        <ele>1075.19</ele>
      </trkpt>
      <trkpt lat="-22.385438" lon="-44.952334">
        <ele>1075.31</ele>
      </trkpt>
      <trkpt lat="-22.385438" lon="-44.952334">
        <ele>1075.42</ele>
      </trkpt>
      <trkpt lat="-22.385438" lon="-44.952334">
        <ele>1075.53</ele>
      </trkpt>
      <trkpt lat="-22.385438" lon="-44.952334">
        <ele>1075.64</ele>
      </trkpt>
      <trkpt lat="-22.385438" lon="-44.952334">
        <ele>1075.75</ele>
      </trkpt>
      <trkpt lat="-22.385438" lon="-44.952334">
        <ele>1075.86</ele>
      </trkpt>
      <trkpt lat="-22.385452" lon="-44.952366">
        <ele>1075.97</ele>
      </trkpt>
      <trkpt lat="-22.385457" lon="-44.952381">
        <ele>1076.08</ele>
      </trkpt>
      <trkpt lat="-22.385462" lon="-44.952395">
        <ele>1076.2</ele>
      </trkpt>
      <trkpt lat="-22.385466" lon="-44.952404">
        <ele>1076.31</ele>
      </trkpt>
      <trkpt lat="-22.385469" lon="-44.952413">
        <ele>1076.42</ele>
      </trkpt>
      <trkpt lat="-22.385471" lon="-44.952418">
        <ele>1076.53</ele>
      </trkpt>
      <trkpt lat="-22.385472" lon="-44.952423">
        <ele>1076.64</ele>
      </trkpt>
      <trkpt lat="-22.385474" lon="-44.95243">
        <ele>1076.75</ele>
      </trkpt>
      <trkpt lat="-22.385476" lon="-44.952438">
        <ele>1076.86</ele>
      </trkpt>
      <trkpt lat="-22.385478" lon="-44.952444">
        <ele>1076.98</ele>
      </trkpt>
      <trkpt lat="-22.38548" lon="-44.952451">
        <ele>1077.04</ele>
      </trkpt>
      <trkpt lat="-22.38548" lon="-44.952451">
        <ele>1077.1</ele>
      </trkpt>
      <trkpt lat="-22.38548" lon="-44.952451">
        <ele>1077.16</ele>
      </trkpt>
      <trkpt lat="-22.38548" lon="-44.952451">
        <ele>1077.22</ele>
      </trkpt>
      <trkpt lat="-22.38548" lon="-44.952451">
        <ele>1077.28</ele>
      </trkpt>
      <trkpt lat="-22.38548" lon="-44.952451">
        <ele>1077.34</ele>
      </trkpt>
      <trkpt lat="-22.38548" lon="-44.952451">
        <ele>1077.4</ele>
      </trkpt>
      <trkpt lat="-22.38548" lon="-44.952451">
        <ele>1077.46</ele>
      </trkpt>
      <trkpt lat="-22.38548" lon="-44.952451">
        <ele>1077.52</ele>
      </trkpt>
      <trkpt lat="-22.38548" lon="-44.952451">
        <ele>1077.58</ele>
      </trkpt>
      <trkpt lat="-22.38548" lon="-44.952451">
        <ele>1077.64</ele>
      </trkpt>
      <trkpt lat="-22.38548" lon="-44.952451">
        <ele>1077.7</ele>
      </trkpt>
      <trkpt lat="-22.38548" lon="-44.952451">
        <ele>1077.76</ele>
      </trkpt>
      <trkpt lat="-22.38548" lon="-44.952451">
        <ele>1077.82</ele>
      </trkpt>
      <trkpt lat="-22.385491" lon="-44.95247">
        <ele>1077.88</ele>
      </trkpt>
      <trkpt lat="-22.385499" lon="-44.952482">
        <ele>1077.94</ele>
      </trkpt>
      <trkpt lat="-22.385506" lon="-44.952494">
        <ele>1078</ele>
      </trkpt>
      <trkpt lat="-22.385511" lon="-44.9525">
        <ele>1078.06</ele>
      </trkpt>
      <trkpt lat="-22.385516" lon="-44.952506">
        <ele>1078.12</ele>
      </trkpt>
      <trkpt lat="-22.385516" lon="-44.952506">
        <ele>1078.18</ele>
      </trkpt>
      <trkpt lat="-22.385516" lon="-44.952506">
        <ele>1078.25</ele>
      </trkpt>
      <trkpt lat="-22.385516" lon="-44.952506">
        <ele>1078.31</ele>
      </trkpt>
      <trkpt lat="-22.385516" lon="-44.952506">
        <ele>1078.37</ele>
      </trkpt>
      <trkpt lat="-22.385516" lon="-44.952506">
        <ele>1078.43</ele>
      </trkpt>
      <trkpt lat="-22.385516" lon="-44.952506">
        <ele>1078.49</ele>
      </trkpt>
      <trkpt lat="-22.385516" lon="-44.952506">
        <ele>1078.55</ele>
      </trkpt>
      <trkpt lat="-22.385516" lon="-44.952506">
        <ele>1078.61</ele>
      </trkpt>
      <trkpt lat="-22.385516" lon="-44.952506">
        <ele>1078.67</ele>
      </trkpt>
      <trkpt lat="-22.385516" lon="-44.952506">
        <ele>1078.73</ele>
      </trkpt>
      <trkpt lat="-22.385516" lon="-44.952506">
        <ele>1078.79</ele>
      </trkpt>
      <trkpt lat="-22.385516" lon="-44.952506">
        <ele>1078.85</ele>
      </trkpt>
      <trkpt lat="-22.385516" lon="-44.952506">
        <ele>1078.91</ele>
      </trkpt>
      <trkpt lat="-22.385516" lon="-44.952506">
        <ele>1078.97</ele>
      </trkpt>
      <trkpt lat="-22.385516" lon="-44.952506">
        <ele>1079.03</ele>
      </trkpt>
      <trkpt lat="-22.385516" lon="-44.952506">
        <ele>1079.09</ele>
      </trkpt>
      <trkpt lat="-22.385516" lon="-44.952506">
        <ele>1079.15</ele>
      </trkpt>
      <trkpt lat="-22.385516" lon="-44.952506">
        <ele>1079.21</ele>
      </trkpt>
      <trkpt lat="-22.385516" lon="-44.952506">
        <ele>1079.27</ele>
      </trkpt>
      <trkpt lat="-22.385516" lon="-44.952506">
        <ele>1079.33</ele>
      </trkpt>
      <trkpt lat="-22.385516" lon="-44.952506">
        <ele>1079.39</ele>
      </trkpt>
      <trkpt lat="-22.385516" lon="-44.952506">
        <ele>1079.45</ele>
      </trkpt>
      <trkpt lat="-22.385516" lon="-44.952506">
        <ele>1079.52</ele>
      </trkpt>
      <trkpt lat="-22.385516" lon="-44.952506">
        <ele>1079.58</ele>
      </trkpt>
      <trkpt lat="-22.385516" lon="-44.952506">
        <ele>1079.64</ele>
      </trkpt>
      <trkpt lat="-22.385516" lon="-44.952506">
        <ele>1079.7</ele>
      </trkpt>
      <trkpt lat="-22.385516" lon="-44.952506">
        <ele>1079.76</ele>
      </trkpt>
      <trkpt lat="-22.385516" lon="-44.952506">
        <ele>1079.82</ele>
      </trkpt>
      <trkpt lat="-22.385516" lon="-44.952506">
        <ele>1079.88</ele>
      </trkpt>
      <trkpt lat="-22.385516" lon="-44.952506">
        <ele>1079.94</ele>
      </trkpt>
      <trkpt lat="-22.385516" lon="-44.952506">
        <ele>1080</ele>
      </trkpt>
      <trkpt lat="-22.385516" lon="-44.952506">
        <ele>1080.06</ele>
      </trkpt>
      <trkpt lat="-22.385516" lon="-44.952506">
        <ele>1080.12</ele>
      </trkpt>
      <trkpt lat="-22.385516" lon="-44.952506">
        <ele>1080.18</ele>
      </trkpt>
      <trkpt lat="-22.385516" lon="-44.952506">
        <ele>1080.24</ele>
      </trkpt>
      <trkpt lat="-22.385516" lon="-44.952506">
        <ele>1080.3</ele>
      </trkpt>
      <trkpt lat="-22.385516" lon="-44.952506">
        <ele>1080.36</ele>
      </trkpt>
      <trkpt lat="-22.385516" lon="-44.952506">
        <ele>1080.42</ele>
      </trkpt>
      <trkpt lat="-22.385516" lon="-44.952506">
        <ele>1080.48</ele>
      </trkpt>
      <trkpt lat="-22.38553" lon="-44.952521">
        <ele>1080.54</ele>
      </trkpt>
      <trkpt lat="-22.385533" lon="-44.952529">
        <ele>1080.6</ele>
      </trkpt>
      <trkpt lat="-22.385537" lon="-44.952537">
        <ele>1080.66</ele>
      </trkpt>
      <trkpt lat="-22.385537" lon="-44.952543">
        <ele>1080.72</ele>
      </trkpt>
      <trkpt lat="-22.385538" lon="-44.95255">
        <ele>1080.79</ele>
      </trkpt>
      <trkpt lat="-22.385536" lon="-44.952557">
        <ele>1080.85</ele>
      </trkpt>
      <trkpt lat="-22.385534" lon="-44.952565">
        <ele>1080.91</ele>
      </trkpt>
      <trkpt lat="-22.385533" lon="-44.952572">
        <ele>1080.97</ele>
      </trkpt>
      <trkpt lat="-22.385531" lon="-44.95258">
        <ele>1081.01</ele>
      </trkpt>
      <trkpt lat="-22.38553" lon="-44.952588">
        <ele>1081.05</ele>
      </trkpt>
      <trkpt lat="-22.385528" lon="-44.952596">
        <ele>1081.09</ele>
      </trkpt>
      <trkpt lat="-22.385528" lon="-44.952596">
        <ele>1081.13</ele>
      </trkpt>
      <trkpt lat="-22.385528" lon="-44.952596">
        <ele>1081.17</ele>
      </trkpt>
      <trkpt lat="-22.385528" lon="-44.952596">
        <ele>1081.21</ele>
      </trkpt>
      <trkpt lat="-22.385528" lon="-44.952596">
        <ele>1081.25</ele>
      </trkpt>
      <trkpt lat="-22.385528" lon="-44.952596">
        <ele>1081.29</ele>
      </trkpt>
      <trkpt lat="-22.385528" lon="-44.952596">
        <ele>1081.33</ele>
      </trkpt>
      <trkpt lat="-22.385527" lon="-44.952604">
        <ele>1081.38</ele>
      </trkpt>
      <trkpt lat="-22.385528" lon="-44.952609">
        <ele>1081.42</ele>
      </trkpt>
      <trkpt lat="-22.385529" lon="-44.952614">
        <ele>1081.46</ele>
      </trkpt>
      <trkpt lat="-22.385532" lon="-44.952618">
        <ele>1081.5</ele>
      </trkpt>
      <trkpt lat="-22.385535" lon="-44.952621">
        <ele>1081.54</ele>
      </trkpt>
      <trkpt lat="-22.385535" lon="-44.952621">
        <ele>1081.58</ele>
      </trkpt>
      <trkpt lat="-22.385535" lon="-44.952621">
        <ele>1081.62</ele>
      </trkpt>
      <trkpt lat="-22.385535" lon="-44.952621">
        <ele>1081.66</ele>
      </trkpt>
      <trkpt lat="-22.385535" lon="-44.952621">
        <ele>1081.7</ele>
      </trkpt>
      <trkpt lat="-22.385535" lon="-44.952621">
        <ele>1081.74</ele>
      </trkpt>
      <trkpt lat="-22.385535" lon="-44.952621">
        <ele>1081.78</ele>
      </trkpt>
      <trkpt lat="-22.385535" lon="-44.952621">
        <ele>1081.83</ele>
      </trkpt>
      <trkpt lat="-22.385535" lon="-44.952621">
        <ele>1081.87</ele>
      </trkpt>
      <trkpt lat="-22.385535" lon="-44.952621">
        <ele>1081.91</ele>
      </trkpt>
      <trkpt lat="-22.385535" lon="-44.952621">
        <ele>1081.95</ele>
      </trkpt>
      <trkpt lat="-22.385535" lon="-44.952621">
        <ele>1081.99</ele>
      </trkpt>
      <trkpt lat="-22.385535" lon="-44.952621">
        <ele>1082.03</ele>
      </trkpt>
      <trkpt lat="-22.385535" lon="-44.952621">
        <ele>1082.07</ele>
      </trkpt>
      <trkpt lat="-22.385552" lon="-44.952634">
        <ele>1082.11</ele>
      </trkpt>
      <trkpt lat="-22.385552" lon="-44.952634">
        <ele>1082.15</ele>
      </trkpt>
      <trkpt lat="-22.385552" lon="-44.952634">
        <ele>1082.19</ele>
      </trkpt>
      <trkpt lat="-22.385552" lon="-44.952634">
        <ele>1082.23</ele>
      </trkpt>
      <trkpt lat="-22.385552" lon="-44.952634">
        <ele>1082.28</ele>
      </trkpt>
      <trkpt lat="-22.385552" lon="-44.952634">
        <ele>1082.32</ele>
      </trkpt>
      <trkpt lat="-22.385552" lon="-44.952634">
        <ele>1082.36</ele>
      </trkpt>
      <trkpt lat="-22.385552" lon="-44.952634">
        <ele>1082.4</ele>
      </trkpt>
      <trkpt lat="-22.385552" lon="-44.952634">
        <ele>1082.44</ele>
      </trkpt>
      <trkpt lat="-22.385552" lon="-44.952634">
        <ele>1082.48</ele>
      </trkpt>
      <trkpt lat="-22.385552" lon="-44.952634">
        <ele>1082.52</ele>
      </trkpt>
      <trkpt lat="-22.385552" lon="-44.952634">
        <ele>1082.56</ele>
      </trkpt>
      <trkpt lat="-22.385552" lon="-44.952634">
        <ele>1082.6</ele>
      </trkpt>
      <trkpt lat="-22.385552" lon="-44.952634">
        <ele>1082.64</ele>
      </trkpt>
      <trkpt lat="-22.385552" lon="-44.952634">
        <ele>1082.68</ele>
      </trkpt>
      <trkpt lat="-22.385552" lon="-44.952634">
        <ele>1082.73</ele>
      </trkpt>
      <trkpt lat="-22.385552" lon="-44.952634">
        <ele>1082.77</ele>
      </trkpt>
      <trkpt lat="-22.385552" lon="-44.952634">
        <ele>1082.81</ele>
      </trkpt>
      <trkpt lat="-22.385552" lon="-44.952634">
        <ele>1082.85</ele>
      </trkpt>
      <trkpt lat="-22.385552" lon="-44.952634">
        <ele>1082.89</ele>
      </trkpt>
      <trkpt lat="-22.385552" lon="-44.952634">
        <ele>1082.93</ele>
      </trkpt>
      <trkpt lat="-22.385552" lon="-44.952634">
        <ele>1082.97</ele>
      </trkpt>
      <trkpt lat="-22.385552" lon="-44.952634">
        <ele>1083.01</ele>
      </trkpt>
      <trkpt lat="-22.385552" lon="-44.952634">
        <ele>1083.05</ele>
      </trkpt>
      <trkpt lat="-22.385552" lon="-44.952634">
        <ele>1083.09</ele>
      </trkpt>
      <trkpt lat="-22.385552" lon="-44.952634">
        <ele>1083.13</ele>
      </trkpt>
      <trkpt lat="-22.385552" lon="-44.952634">
        <ele>1083.18</ele>
      </trkpt>
      <trkpt lat="-22.385552" lon="-44.952634">
        <ele>1083.22</ele>
      </trkpt>
      <trkpt lat="-22.385552" lon="-44.952634">
        <ele>1083.26</ele>
      </trkpt>
      <trkpt lat="-22.385552" lon="-44.952634">
        <ele>1083.3</ele>
      </trkpt>
      <trkpt lat="-22.385552" lon="-44.952634">
        <ele>1083.34</ele>
      </trkpt>
      <trkpt lat="-22.385552" lon="-44.952634">
        <ele>1083.38</ele>
      </trkpt>
      <trkpt lat="-22.385552" lon="-44.952634">
        <ele>1083.42</ele>
      </trkpt>
      <trkpt lat="-22.385552" lon="-44.952634">
        <ele>1083.46</ele>
      </trkpt>
      <trkpt lat="-22.385552" lon="-44.952634">
        <ele>1083.5</ele>
      </trkpt>
      <trkpt lat="-22.385578" lon="-44.952647">
        <ele>1083.54</ele>
      </trkpt>
      <trkpt lat="-22.385578" lon="-44.952647">
        <ele>1083.58</ele>
      </trkpt>
      <trkpt lat="-22.385578" lon="-44.952647">
        <ele>1083.63</ele>
      </trkpt>
      <trkpt lat="-22.385578" lon="-44.952647">
        <ele>1083.67</ele>
      </trkpt>
      <trkpt lat="-22.385578" lon="-44.952647">
        <ele>1083.71</ele>
      </trkpt>
      <trkpt lat="-22.385578" lon="-44.952647">
        <ele>1083.75</ele>
      </trkpt>
      <trkpt lat="-22.385578" lon="-44.952647">
        <ele>1083.79</ele>
      </trkpt>
      <trkpt lat="-22.385578" lon="-44.952647">
        <ele>1083.83</ele>
      </trkpt>
      <trkpt lat="-22.385578" lon="-44.952647">
        <ele>1083.87</ele>
      </trkpt>
      <trkpt lat="-22.385578" lon="-44.952647">
        <ele>1083.91</ele>
      </trkpt>
      <trkpt lat="-22.385578" lon="-44.952647">
        <ele>1083.95</ele>
      </trkpt>
      <trkpt lat="-22.385578" lon="-44.952647">
        <ele>1083.99</ele>
      </trkpt>
      <trkpt lat="-22.385578" lon="-44.952647">
        <ele>1084.03</ele>
      </trkpt>
      <trkpt lat="-22.385578" lon="-44.952647">
        <ele>1084.08</ele>
      </trkpt>
      <trkpt lat="-22.385578" lon="-44.952647">
        <ele>1084.12</ele>
      </trkpt>
      <trkpt lat="-22.385578" lon="-44.952647">
        <ele>1084.16</ele>
      </trkpt>
      <trkpt lat="-22.385578" lon="-44.952647">
        <ele>1084.2</ele>
      </trkpt>
      <trkpt lat="-22.385578" lon="-44.952647">
        <ele>1084.24</ele>
      </trkpt>
      <trkpt lat="-22.385578" lon="-44.952647">
        <ele>1084.28</ele>
      </trkpt>
      <trkpt lat="-22.385578" lon="-44.952647">
        <ele>1084.32</ele>
      </trkpt>
      <trkpt lat="-22.385578" lon="-44.952647">
        <ele>1084.36</ele>
      </trkpt>
      <trkpt lat="-22.385578" lon="-44.952647">
        <ele>1084.4</ele>
      </trkpt>
      <trkpt lat="-22.385578" lon="-44.952647">
        <ele>1084.44</ele>
      </trkpt>
      <trkpt lat="-22.385578" lon="-44.952647">
        <ele>1084.48</ele>
      </trkpt>
      <trkpt lat="-22.385578" lon="-44.952647">
        <ele>1084.53</ele>
      </trkpt>
      <trkpt lat="-22.385578" lon="-44.952647">
        <ele>1084.57</ele>
      </trkpt>
      <trkpt lat="-22.385578" lon="-44.952647">
        <ele>1084.61</ele>
      </trkpt>
      <trkpt lat="-22.385578" lon="-44.952647">
        <ele>1084.65</ele>
      </trkpt>
      <trkpt lat="-22.385578" lon="-44.952647">
        <ele>1084.69</ele>
      </trkpt>
      <trkpt lat="-22.385578" lon="-44.952647">
        <ele>1084.73</ele>
      </trkpt>
      <trkpt lat="-22.385578" lon="-44.952647">
        <ele>1084.77</ele>
      </trkpt>
      <trkpt lat="-22.385578" lon="-44.952647">
        <ele>1084.81</ele>
      </trkpt>
      <trkpt lat="-22.385578" lon="-44.952647">
        <ele>1084.85</ele>
      </trkpt>
      <trkpt lat="-22.385578" lon="-44.952647">
        <ele>1084.89</ele>
      </trkpt>
      <trkpt lat="-22.385578" lon="-44.952647">
        <ele>1084.93</ele>
      </trkpt>
      <trkpt lat="-22.385578" lon="-44.952647">
        <ele>1084.98</ele>
      </trkpt>
      <trkpt lat="-22.385578" lon="-44.952647">
        <ele>1085.02</ele>
      </trkpt>
      <trkpt lat="-22.385578" lon="-44.952647">
        <ele>1085.06</ele>
      </trkpt>
      <trkpt lat="-22.385578" lon="-44.952647">
        <ele>1085.1</ele>
      </trkpt>
      <trkpt lat="-22.385578" lon="-44.952647">
        <ele>1085.14</ele>
      </trkpt>
      <trkpt lat="-22.385578" lon="-44.952647">
        <ele>1085.18</ele>
      </trkpt>
      <trkpt lat="-22.385578" lon="-44.952647">
        <ele>1085.22</ele>
      </trkpt>
      <trkpt lat="-22.385578" lon="-44.952647">
        <ele>1085.26</ele>
      </trkpt>
      <trkpt lat="-22.385578" lon="-44.952647">
        <ele>1085.3</ele>
      </trkpt>
      <trkpt lat="-22.385578" lon="-44.952647">
        <ele>1085.34</ele>
      </trkpt>
      <trkpt lat="-22.385578" lon="-44.952647">
        <ele>1085.38</ele>
      </trkpt>
      <trkpt lat="-22.385578" lon="-44.952647">
        <ele>1085.43</ele>
      </trkpt>
      <trkpt lat="-22.385578" lon="-44.952647">
        <ele>1085.47</ele>
      </trkpt>
      <trkpt lat="-22.385578" lon="-44.952647">
        <ele>1085.51</ele>
      </trkpt>
      <trkpt lat="-22.385578" lon="-44.952647">
        <ele>1085.55</ele>
      </trkpt>
      <trkpt lat="-22.385578" lon="-44.952647">
        <ele>1085.59</ele>
      </trkpt>
      <trkpt lat="-22.385578" lon="-44.952647">
        <ele>1085.63</ele>
      </trkpt>
      <trkpt lat="-22.385578" lon="-44.952647">
        <ele>1085.67</ele>
      </trkpt>
      <trkpt lat="-22.385578" lon="-44.952647">
        <ele>1085.71</ele>
      </trkpt>
      <trkpt lat="-22.385578" lon="-44.952647">
        <ele>1085.75</ele>
      </trkpt>
      <trkpt lat="-22.385578" lon="-44.952647">
        <ele>1085.79</ele>
      </trkpt>
      <trkpt lat="-22.385578" lon="-44.952647">
        <ele>1085.83</ele>
      </trkpt>
      <trkpt lat="-22.385578" lon="-44.952647">
        <ele>1085.88</ele>
      </trkpt>
      <trkpt lat="-22.385578" lon="-44.952647">
        <ele>1085.92</ele>
      </trkpt>
      <trkpt lat="-22.385578" lon="-44.952647">
        <ele>1085.96</ele>
      </trkpt>
      <trkpt lat="-22.385578" lon="-44.952647">
        <ele>1086</ele>
      </trkpt>
      <trkpt lat="-22.385578" lon="-44.952647">
        <ele>1086.04</ele>
      </trkpt>
      <trkpt lat="-22.385578" lon="-44.952647">
        <ele>1086.08</ele>
      </trkpt>
      <trkpt lat="-22.385578" lon="-44.952647">
        <ele>1086.12</ele>
      </trkpt>
      <trkpt lat="-22.385578" lon="-44.952647">
        <ele>1086.16</ele>
      </trkpt>
      <trkpt lat="-22.385578" lon="-44.952647">
        <ele>1086.2</ele>
      </trkpt>
      <trkpt lat="-22.385578" lon="-44.952647">
        <ele>1086.24</ele>
      </trkpt>
      <trkpt lat="-22.385601" lon="-44.952661">
        <ele>1086.28</ele>
      </trkpt>
      <trkpt lat="-22.385614" lon="-44.95267">
        <ele>1086.33</ele>
      </trkpt>
      <trkpt lat="-22.385627" lon="-44.95268">
        <ele>1086.56</ele>
      </trkpt>
      <trkpt lat="-22.385634" lon="-44.952685">
        <ele>1086.79</ele>
      </trkpt>
      <trkpt lat="-22.385642" lon="-44.952691">
        <ele>1087.02</ele>
      </trkpt>
      <trkpt lat="-22.385642" lon="-44.952691">
        <ele>1087.25</ele>
      </trkpt>
      <trkpt lat="-22.385642" lon="-44.952691">
        <ele>1087.48</ele>
      </trkpt>
      <trkpt lat="-22.385642" lon="-44.952691">
        <ele>1087.71</ele>
      </trkpt>
      <trkpt lat="-22.385642" lon="-44.952691">
        <ele>1087.94</ele>
      </trkpt>
      <trkpt lat="-22.385642" lon="-44.952691">
        <ele>1088.17</ele>
      </trkpt>
      <trkpt lat="-22.385642" lon="-44.952691">
        <ele>1088.4</ele>
      </trkpt>
      <trkpt lat="-22.385642" lon="-44.952691">
        <ele>1088.63</ele>
      </trkpt>
      <trkpt lat="-22.385642" lon="-44.952691">
        <ele>1088.86</ele>
      </trkpt>
      <trkpt lat="-22.385642" lon="-44.952691">
        <ele>1089.09</ele>
      </trkpt>
      <trkpt lat="-22.385642" lon="-44.952691">
        <ele>1089.32</ele>
      </trkpt>
      <trkpt lat="-22.385642" lon="-44.952691">
        <ele>1089.55</ele>
      </trkpt>
      <trkpt lat="-22.385662" lon="-44.952704">
        <ele>1089.78</ele>
      </trkpt>
      <trkpt lat="-22.385675" lon="-44.952712">
        <ele>1090.01</ele>
      </trkpt>
      <trkpt lat="-22.385687" lon="-44.95272">
        <ele>1090.24</ele>
      </trkpt>
      <trkpt lat="-22.385696" lon="-44.952724">
        <ele>1090.48</ele>
      </trkpt>
      <trkpt lat="-22.385704" lon="-44.952729">
        <ele>1090.71</ele>
      </trkpt>
      <trkpt lat="-22.385704" lon="-44.952729">
        <ele>1090.94</ele>
      </trkpt>
      <trkpt lat="-22.385704" lon="-44.952729">
        <ele>1091.17</ele>
      </trkpt>
      <trkpt lat="-22.385704" lon="-44.952729">
        <ele>1091.4</ele>
      </trkpt>
      <trkpt lat="-22.385704" lon="-44.952729">
        <ele>1091.63</ele>
      </trkpt>
      <trkpt lat="-22.385704" lon="-44.952729">
        <ele>1091.86</ele>
      </trkpt>
      <trkpt lat="-22.385704" lon="-44.952729">
        <ele>1092.09</ele>
      </trkpt>
      <trkpt lat="-22.385704" lon="-44.952729">
        <ele>1092.32</ele>
      </trkpt>
      <trkpt lat="-22.385704" lon="-44.952729">
        <ele>1092.55</ele>
      </trkpt>
      <trkpt lat="-22.385704" lon="-44.952729">
        <ele>1092.78</ele>
      </trkpt>
      <trkpt lat="-22.385704" lon="-44.952729">
        <ele>1093.01</ele>
      </trkpt>
      <trkpt lat="-22.385726" lon="-44.952746">
        <ele>1093.24</ele>
      </trkpt>
      <trkpt lat="-22.385736" lon="-44.952754">
        <ele>1093.47</ele>
      </trkpt>
      <trkpt lat="-22.385745" lon="-44.952762">
        <ele>1093.64</ele>
      </trkpt>
      <trkpt lat="-22.385752" lon="-44.952767">
        <ele>1093.82</ele>
      </trkpt>
      <trkpt lat="-22.385759" lon="-44.952772">
        <ele>1093.99</ele>
      </trkpt>
      <trkpt lat="-22.385766" lon="-44.952776">
        <ele>1094.16</ele>
      </trkpt>
      <trkpt lat="-22.385774" lon="-44.952779">
        <ele>1094.33</ele>
      </trkpt>
      <trkpt lat="-22.385781" lon="-44.952782">
        <ele>1094.5</ele>
      </trkpt>
      <trkpt lat="-22.385788" lon="-44.952785">
        <ele>1094.68</ele>
      </trkpt>
      <trkpt lat="-22.385788" lon="-44.952785">
        <ele>1094.85</ele>
      </trkpt>
      <trkpt lat="-22.385788" lon="-44.952785">
        <ele>1095.02</ele>
      </trkpt>
      <trkpt lat="-22.385788" lon="-44.952785">
        <ele>1095.19</ele>
      </trkpt>
      <trkpt lat="-22.385788" lon="-44.952785">
        <ele>1095.37</ele>
      </trkpt>
      <trkpt lat="-22.385788" lon="-44.952785">
        <ele>1095.54</ele>
      </trkpt>
      <trkpt lat="-22.385788" lon="-44.952785">
        <ele>1095.71</ele>
      </trkpt>
      <trkpt lat="-22.385788" lon="-44.952785">
        <ele>1095.88</ele>
      </trkpt>
      <trkpt lat="-22.385788" lon="-44.952785">
        <ele>1096.05</ele>
      </trkpt>
      <trkpt lat="-22.385788" lon="-44.952785">
        <ele>1096.23</ele>
      </trkpt>
      <trkpt lat="-22.385788" lon="-44.952785">
        <ele>1096.4</ele>
      </trkpt>
      <trkpt lat="-22.385788" lon="-44.952785">
        <ele>1096.57</ele>
      </trkpt>
      <trkpt lat="-22.385788" lon="-44.952785">
        <ele>1096.74</ele>
      </trkpt>
      <trkpt lat="-22.385788" lon="-44.952785">
        <ele>1096.91</ele>
      </trkpt>
      <trkpt lat="-22.385788" lon="-44.952785">
        <ele>1097.09</ele>
      </trkpt>
      <trkpt lat="-22.385788" lon="-44.952785">
        <ele>1097.26</ele>
      </trkpt>
      <trkpt lat="-22.385788" lon="-44.952785">
        <ele>1097.43</ele>
      </trkpt>
      <trkpt lat="-22.385788" lon="-44.952785">
        <ele>1097.6</ele>
      </trkpt>
      <trkpt lat="-22.385788" lon="-44.952785">
        <ele>1097.77</ele>
      </trkpt>
      <trkpt lat="-22.385788" lon="-44.952785">
        <ele>1097.95</ele>
      </trkpt>
      <trkpt lat="-22.385788" lon="-44.952785">
        <ele>1098.12</ele>
      </trkpt>
      <trkpt lat="-22.385788" lon="-44.952785">
        <ele>1098.29</ele>
      </trkpt>
      <trkpt lat="-22.385788" lon="-44.952785">
        <ele>1098.46</ele>
      </trkpt>
      <trkpt lat="-22.385788" lon="-44.952785">
        <ele>1098.63</ele>
      </trkpt>
      <trkpt lat="-22.385788" lon="-44.952785">
        <ele>1098.81</ele>
      </trkpt>
      <trkpt lat="-22.385788" lon="-44.952785">
        <ele>1098.98</ele>
      </trkpt>
      <trkpt lat="-22.385811" lon="-44.95279">
        <ele>1099.15</ele>
      </trkpt>
      <trkpt lat="-22.385821" lon="-44.952793">
        <ele>1099.32</ele>
      </trkpt>
      <trkpt lat="-22.385831" lon="-44.952796">
        <ele>1099.5</ele>
      </trkpt>
      <trkpt lat="-22.385837" lon="-44.952799">
        <ele>1099.67</ele>
      </trkpt>
      <trkpt lat="-22.385844" lon="-44.952802">
        <ele>1099.84</ele>
      </trkpt>
      <trkpt lat="-22.38585" lon="-44.952808">
        <ele>1100.01</ele>
      </trkpt>
      <trkpt lat="-22.385856" lon="-44.952813">
        <ele>1100.18</ele>
      </trkpt>
      <trkpt lat="-22.385862" lon="-44.95282">
        <ele>1100.36</ele>
      </trkpt>
      <trkpt lat="-22.385868" lon="-44.952826">
        <ele>1100.45</ele>
      </trkpt>
      <trkpt lat="-22.385868" lon="-44.952826">
        <ele>1100.54</ele>
      </trkpt>
      <trkpt lat="-22.385868" lon="-44.952826">
        <ele>1100.63</ele>
      </trkpt>
      <trkpt lat="-22.385868" lon="-44.952826">
        <ele>1100.72</ele>
      </trkpt>
      <trkpt lat="-22.385868" lon="-44.952826">
        <ele>1100.81</ele>
      </trkpt>
      <trkpt lat="-22.385868" lon="-44.952826">
        <ele>1100.9</ele>
      </trkpt>
      <trkpt lat="-22.385877" lon="-44.952836">
        <ele>1100.99</ele>
      </trkpt>
      <trkpt lat="-22.385884" lon="-44.952842">
        <ele>1101.08</ele>
      </trkpt>
      <trkpt lat="-22.38589" lon="-44.952848">
        <ele>1101.17</ele>
      </trkpt>
      <trkpt lat="-22.38589" lon="-44.952848">
        <ele>1101.26</ele>
      </trkpt>
      <trkpt lat="-22.38589" lon="-44.952848">
        <ele>1101.35</ele>
      </trkpt>
      <trkpt lat="-22.38589" lon="-44.952848">
        <ele>1101.44</ele>
      </trkpt>
      <trkpt lat="-22.38589" lon="-44.952848">
        <ele>1101.53</ele>
      </trkpt>
      <trkpt lat="-22.38589" lon="-44.952848">
        <ele>1101.62</ele>
      </trkpt>
      <trkpt lat="-22.38589" lon="-44.952848">
        <ele>1101.71</ele>
      </trkpt>
      <trkpt lat="-22.38589" lon="-44.952848">
        <ele>1101.8</ele>
      </trkpt>
      <trkpt lat="-22.38589" lon="-44.952848">
        <ele>1101.89</ele>
      </trkpt>
      <trkpt lat="-22.385912" lon="-44.952857">
        <ele>1101.98</ele>
      </trkpt>
      <trkpt lat="-22.385922" lon="-44.95286">
        <ele>1102.07</ele>
      </trkpt>
      <trkpt lat="-22.385933" lon="-44.952863">
        <ele>1102.16</ele>
      </trkpt>
      <trkpt lat="-22.385933" lon="-44.952863">
        <ele>1102.25</ele>
      </trkpt>
      <trkpt lat="-22.385933" lon="-44.952863">
        <ele>1102.34</ele>
      </trkpt>
      <trkpt lat="-22.385933" lon="-44.952863">
        <ele>1102.43</ele>
      </trkpt>
      <trkpt lat="-22.385933" lon="-44.952863">
        <ele>1102.52</ele>
      </trkpt>
      <trkpt lat="-22.385933" lon="-44.952863">
        <ele>1102.61</ele>
      </trkpt>
      <trkpt lat="-22.385933" lon="-44.952863">
        <ele>1102.7</ele>
      </trkpt>
      <trkpt lat="-22.385933" lon="-44.952863">
        <ele>1102.79</ele>
      </trkpt>
      <trkpt lat="-22.385933" lon="-44.952863">
        <ele>1102.88</ele>
      </trkpt>
      <trkpt lat="-22.385933" lon="-44.952863">
        <ele>1102.97</ele>
      </trkpt>
      <trkpt lat="-22.385933" lon="-44.952863">
        <ele>1103.06</ele>
      </trkpt>
      <trkpt lat="-22.385933" lon="-44.952863">
        <ele>1103.15</ele>
      </trkpt>
      <trkpt lat="-22.385933" lon="-44.952863">
        <ele>1103.25</ele>
      </trkpt>
      <trkpt lat="-22.385933" lon="-44.952863">
        <ele>1103.34</ele>
      </trkpt>
      <trkpt lat="-22.385933" lon="-44.952863">
        <ele>1103.43</ele>
      </trkpt>
      <trkpt lat="-22.385933" lon="-44.952863">
        <ele>1103.52</ele>
      </trkpt>
      <trkpt lat="-22.385933" lon="-44.952863">
        <ele>1103.61</ele>
      </trkpt>
      <trkpt lat="-22.385933" lon="-44.952863">
        <ele>1103.7</ele>
      </trkpt>
      <trkpt lat="-22.385933" lon="-44.952863">
        <ele>1103.79</ele>
      </trkpt>
      <trkpt lat="-22.385933" lon="-44.952863">
        <ele>1103.88</ele>
      </trkpt>
      <trkpt lat="-22.385933" lon="-44.952863">
        <ele>1103.97</ele>
      </trkpt>
      <trkpt lat="-22.385933" lon="-44.952863">
        <ele>1104.06</ele>
      </trkpt>
      <trkpt lat="-22.385933" lon="-44.952863">
        <ele>1104.15</ele>
      </trkpt>
      <trkpt lat="-22.385933" lon="-44.952863">
        <ele>1104.24</ele>
      </trkpt>
      <trkpt lat="-22.385933" lon="-44.952863">
        <ele>1104.33</ele>
      </trkpt>
      <trkpt lat="-22.385933" lon="-44.952863">
        <ele>1104.42</ele>
      </trkpt>
      <trkpt lat="-22.385933" lon="-44.952863">
        <ele>1104.51</ele>
      </trkpt>
      <trkpt lat="-22.385933" lon="-44.952863">
        <ele>1104.6</ele>
      </trkpt>
      <trkpt lat="-22.385933" lon="-44.952863">
        <ele>1104.69</ele>
      </trkpt>
      <trkpt lat="-22.385933" lon="-44.952863">
        <ele>1104.78</ele>
      </trkpt>
      <trkpt lat="-22.385948" lon="-44.95287">
        <ele>1104.87</ele>
      </trkpt>
      <trkpt lat="-22.385953" lon="-44.952872">
        <ele>1104.96</ele>
      </trkpt>
      <trkpt lat="-22.385958" lon="-44.952875">
        <ele>1105.05</ele>
      </trkpt>
      <trkpt lat="-22.385963" lon="-44.952877">
        <ele>1105.14</ele>
      </trkpt>
      <trkpt lat="-22.385969" lon="-44.95288">
        <ele>1105.23</ele>
      </trkpt>
      <trkpt lat="-22.385975" lon="-44.952883">
        <ele>1105.32</ele>
      </trkpt>
      <trkpt lat="-22.385981" lon="-44.952886">
        <ele>1105.41</ele>
      </trkpt>
      <trkpt lat="-22.385988" lon="-44.95289">
        <ele>1105.52</ele>
      </trkpt>
      <trkpt lat="-22.385994" lon="-44.952894">
        <ele>1105.63</ele>
      </trkpt>
      <trkpt lat="-22.386001" lon="-44.952898">
        <ele>1105.74</ele>
      </trkpt>
      <trkpt lat="-22.386007" lon="-44.952902">
        <ele>1105.85</ele>
      </trkpt>
      <trkpt lat="-22.386013" lon="-44.952906">
        <ele>1105.96</ele>
      </trkpt>
      <trkpt lat="-22.386019" lon="-44.95291">
        <ele>1106.07</ele>
      </trkpt>
      <trkpt lat="-22.386025" lon="-44.952914">
        <ele>1106.18</ele>
      </trkpt>
      <trkpt lat="-22.386032" lon="-44.952918">
        <ele>1106.29</ele>
      </trkpt>
      <trkpt lat="-22.386037" lon="-44.952922">
        <ele>1106.4</ele>
      </trkpt>
      <trkpt lat="-22.386044" lon="-44.952926">
        <ele>1106.51</ele>
      </trkpt>
      <trkpt lat="-22.38605" lon="-44.952931">
        <ele>1106.62</ele>
      </trkpt>
      <trkpt lat="-22.386056" lon="-44.952936">
        <ele>1106.73</ele>
      </trkpt>
      <trkpt lat="-22.386062" lon="-44.952941">
        <ele>1106.84</ele>
      </trkpt>
      <trkpt lat="-22.386068" lon="-44.952946">
        <ele>1106.95</ele>
      </trkpt>
      <trkpt lat="-22.386074" lon="-44.95295">
        <ele>1107.06</ele>
      </trkpt>
      <trkpt lat="-22.38608" lon="-44.952955">
        <ele>1107.17</ele>
      </trkpt>
      <trkpt lat="-22.38608" lon="-44.952955">
        <ele>1107.28</ele>
      </trkpt>
      <trkpt lat="-22.38608" lon="-44.952955">
        <ele>1107.39</ele>
      </trkpt>
      <trkpt lat="-22.38608" lon="-44.952955">
        <ele>1107.5</ele>
      </trkpt>
      <trkpt lat="-22.38608" lon="-44.952955">
        <ele>1107.61</ele>
      </trkpt>
      <trkpt lat="-22.38608" lon="-44.952955">
        <ele>1107.72</ele>
      </trkpt>
      <trkpt lat="-22.38608" lon="-44.952955">
        <ele>1107.83</ele>
      </trkpt>
      <trkpt lat="-22.38608" lon="-44.952955">
        <ele>1107.94</ele>
      </trkpt>
      <trkpt lat="-22.38608" lon="-44.952955">
        <ele>1108.05</ele>
      </trkpt>
      <trkpt lat="-22.38608" lon="-44.952955">
        <ele>1108.16</ele>
      </trkpt>
      <trkpt lat="-22.38608" lon="-44.952955">
        <ele>1108.27</ele>
      </trkpt>
      <trkpt lat="-22.38608" lon="-44.952955">
        <ele>1108.38</ele>
      </trkpt>
      <trkpt lat="-22.38608" lon="-44.952955">
        <ele>1108.49</ele>
      </trkpt>
      <trkpt lat="-22.38608" lon="-44.952955">
        <ele>1108.6</ele>
      </trkpt>
      <trkpt lat="-22.38608" lon="-44.952955">
        <ele>1108.71</ele>
      </trkpt>
      <trkpt lat="-22.38608" lon="-44.952955">
        <ele>1108.82</ele>
      </trkpt>
      <trkpt lat="-22.38608" lon="-44.952955">
        <ele>1108.93</ele>
      </trkpt>
      <trkpt lat="-22.38608" lon="-44.952955">
        <ele>1109.04</ele>
      </trkpt>
      <trkpt lat="-22.38608" lon="-44.952955">
        <ele>1109.15</ele>
      </trkpt>
      <trkpt lat="-22.38608" lon="-44.952955">
        <ele>1109.26</ele>
      </trkpt>
      <trkpt lat="-22.38608" lon="-44.952955">
        <ele>1109.37</ele>
      </trkpt>
      <trkpt lat="-22.38608" lon="-44.952955">
        <ele>1109.48</ele>
      </trkpt>
      <trkpt lat="-22.38608" lon="-44.952955">
        <ele>1109.59</ele>
      </trkpt>
      <trkpt lat="-22.38608" lon="-44.952955">
        <ele>1109.7</ele>
      </trkpt>
      <trkpt lat="-22.38608" lon="-44.952955">
        <ele>1109.81</ele>
      </trkpt>
      <trkpt lat="-22.38608" lon="-44.952955">
        <ele>1109.92</ele>
      </trkpt>
      <trkpt lat="-22.38608" lon="-44.952955">
        <ele>1110.03</ele>
      </trkpt>
      <trkpt lat="-22.38608" lon="-44.952955">
        <ele>1110.14</ele>
      </trkpt>
      <trkpt lat="-22.38608" lon="-44.952955">
        <ele>1110.25</ele>
      </trkpt>
      <trkpt lat="-22.38608" lon="-44.952955">
        <ele>1110.36</ele>
      </trkpt>
      <trkpt lat="-22.38608" lon="-44.952955">
        <ele>1110.47</ele>
      </trkpt>
      <trkpt lat="-22.386085" lon="-44.952958">
        <ele>1110.58</ele>
      </trkpt>
      <trkpt lat="-22.386089" lon="-44.952961">
        <ele>1110.69</ele>
      </trkpt>
      <trkpt lat="-22.386094" lon="-44.952963">
        <ele>1110.8</ele>
      </trkpt>
      <trkpt lat="-22.386098" lon="-44.952965">
        <ele>1110.91</ele>
      </trkpt>
      <trkpt lat="-22.386103" lon="-44.952968">
        <ele>1111.15</ele>
      </trkpt>
      <trkpt lat="-22.38611" lon="-44.952972">
        <ele>1111.39</ele>
      </trkpt>
      <trkpt lat="-22.386117" lon="-44.952976">
        <ele>1111.62</ele>
      </trkpt>
      <trkpt lat="-22.386124" lon="-44.952981">
        <ele>1111.86</ele>
      </trkpt>
      <trkpt lat="-22.386132" lon="-44.952987">
        <ele>1112.1</ele>
      </trkpt>
      <trkpt lat="-22.38614" lon="-44.952994">
        <ele>1112.34</ele>
      </trkpt>
      <trkpt lat="-22.386147" lon="-44.953">
        <ele>1112.57</ele>
      </trkpt>
      <trkpt lat="-22.386154" lon="-44.953006">
        <ele>1112.81</ele>
      </trkpt>
      <trkpt lat="-22.386162" lon="-44.953013">
        <ele>1113.05</ele>
      </trkpt>
      <trkpt lat="-22.386167" lon="-44.95302">
        <ele>1113.29</ele>
      </trkpt>
      <trkpt lat="-22.386174" lon="-44.953028">
        <ele>1113.52</ele>
      </trkpt>
      <trkpt lat="-22.38618" lon="-44.953033">
        <ele>1113.76</ele>
      </trkpt>
      <trkpt lat="-22.386187" lon="-44.953039">
        <ele>1114</ele>
      </trkpt>
      <trkpt lat="-22.386195" lon="-44.953042">
        <ele>1114.23</ele>
      </trkpt>
      <trkpt lat="-22.386203" lon="-44.953046">
        <ele>1114.47</ele>
      </trkpt>
      <trkpt lat="-22.386211" lon="-44.95305">
        <ele>1114.71</ele>
      </trkpt>
      <trkpt lat="-22.386218" lon="-44.953054">
        <ele>1114.89</ele>
      </trkpt>
      <trkpt lat="-22.386225" lon="-44.95306">
        <ele>1115.07</ele>
      </trkpt>
      <trkpt lat="-22.386231" lon="-44.953065">
        <ele>1115.25</ele>
      </trkpt>
      <trkpt lat="-22.386239" lon="-44.953071">
        <ele>1115.43</ele>
      </trkpt>
      <trkpt lat="-22.386246" lon="-44.953076">
        <ele>1115.61</ele>
      </trkpt>
      <trkpt lat="-22.386254" lon="-44.953081">
        <ele>1115.79</ele>
      </trkpt>
      <trkpt lat="-22.386262" lon="-44.953086">
        <ele>1115.97</ele>
      </trkpt>
      <trkpt lat="-22.386269" lon="-44.953092">
        <ele>1116.15</ele>
      </trkpt>
      <trkpt lat="-22.386277" lon="-44.953097">
        <ele>1116.33</ele>
      </trkpt>
      <trkpt lat="-22.386284" lon="-44.953102">
        <ele>1116.51</ele>
      </trkpt>
      <trkpt lat="-22.386291" lon="-44.953108">
        <ele>1116.69</ele>
      </trkpt>
      <trkpt lat="-22.386298" lon="-44.953114">
        <ele>1116.87</ele>
      </trkpt>
      <trkpt lat="-22.386305" lon="-44.953119">
        <ele>1117.05</ele>
      </trkpt>
      <trkpt lat="-22.386313" lon="-44.953126">
        <ele>1117.24</ele>
      </trkpt>
      <trkpt lat="-22.386321" lon="-44.953134">
        <ele>1117.42</ele>
      </trkpt>
      <trkpt lat="-22.38633" lon="-44.953141">
        <ele>1117.57</ele>
      </trkpt>
      <trkpt lat="-22.38634" lon="-44.953148">
        <ele>1117.72</ele>
      </trkpt>
      <trkpt lat="-22.38635" lon="-44.953153">
        <ele>1117.88</ele>
      </trkpt>
      <trkpt lat="-22.38636" lon="-44.953158">
        <ele>1118.03</ele>
      </trkpt>
      <trkpt lat="-22.386371" lon="-44.953162">
        <ele>1118.19</ele>
      </trkpt>
      <trkpt lat="-22.386382" lon="-44.953166">
        <ele>1118.34</ele>
      </trkpt>
      <trkpt lat="-22.386393" lon="-44.953169">
        <ele>1118.49</ele>
      </trkpt>
      <trkpt lat="-22.386404" lon="-44.953172">
        <ele>1118.65</ele>
      </trkpt>
      <trkpt lat="-22.386415" lon="-44.953173">
        <ele>1118.8</ele>
      </trkpt>
      <trkpt lat="-22.386427" lon="-44.953174">
        <ele>1118.96</ele>
      </trkpt>
      <trkpt lat="-22.386437" lon="-44.953176">
        <ele>1119.11</ele>
      </trkpt>
      <trkpt lat="-22.386448" lon="-44.953178">
        <ele>1119.27</ele>
      </trkpt>
      <trkpt lat="-22.386457" lon="-44.953183">
        <ele>1119.35</ele>
      </trkpt>
      <trkpt lat="-22.386466" lon="-44.953189">
        <ele>1119.43</ele>
      </trkpt>
      <trkpt lat="-22.386474" lon="-44.953195">
        <ele>1119.51</ele>
      </trkpt>
      <trkpt lat="-22.386483" lon="-44.953201">
        <ele>1119.59</ele>
      </trkpt>
      <trkpt lat="-22.386492" lon="-44.953206">
        <ele>1119.68</ele>
      </trkpt>
      <trkpt lat="-22.3865" lon="-44.953211">
        <ele>1119.76</ele>
      </trkpt>
      <trkpt lat="-22.38651" lon="-44.953217">
        <ele>1119.84</ele>
      </trkpt>
      <trkpt lat="-22.386519" lon="-44.953222">
        <ele>1119.92</ele>
      </trkpt>
      <trkpt lat="-22.386527" lon="-44.953227">
        <ele>1120</ele>
      </trkpt>
      <trkpt lat="-22.386536" lon="-44.953232">
        <ele>1120.08</ele>
      </trkpt>
      <trkpt lat="-22.386545" lon="-44.953237">
        <ele>1120.17</ele>
      </trkpt>
      <trkpt lat="-22.386554" lon="-44.953241">
        <ele>1120.25</ele>
      </trkpt>
      <trkpt lat="-22.386564" lon="-44.953244">
        <ele>1120.33</ele>
      </trkpt>
      <trkpt lat="-22.386574" lon="-44.953248">
        <ele>1120.41</ele>
      </trkpt>
      <trkpt lat="-22.386584" lon="-44.95325">
        <ele>1120.53</ele>
      </trkpt>
      <trkpt lat="-22.386594" lon="-44.953253">
        <ele>1120.65</ele>
      </trkpt>
      <trkpt lat="-22.386604" lon="-44.953256">
        <ele>1120.77</ele>
      </trkpt>
      <trkpt lat="-22.386614" lon="-44.953258">
        <ele>1120.89</ele>
      </trkpt>
      <trkpt lat="-22.386623" lon="-44.953263">
        <ele>1121.01</ele>
      </trkpt>
      <trkpt lat="-22.386631" lon="-44.953267">
        <ele>1121.13</ele>
      </trkpt>
      <trkpt lat="-22.386639" lon="-44.953271">
        <ele>1121.25</ele>
      </trkpt>
      <trkpt lat="-22.386647" lon="-44.953275">
        <ele>1121.37</ele>
      </trkpt>
      <trkpt lat="-22.386656" lon="-44.953278">
        <ele>1121.49</ele>
      </trkpt>
      <trkpt lat="-22.386665" lon="-44.953282">
        <ele>1121.61</ele>
      </trkpt>
      <trkpt lat="-22.386675" lon="-44.953286">
        <ele>1121.73</ele>
      </trkpt>
      <trkpt lat="-22.386685" lon="-44.953289">
        <ele>1121.84</ele>
      </trkpt>
      <trkpt lat="-22.386696" lon="-44.953294">
        <ele>1121.96</ele>
      </trkpt>
      <trkpt lat="-22.386706" lon="-44.953298">
        <ele>1122.08</ele>
      </trkpt>
      <trkpt lat="-22.386716" lon="-44.953303">
        <ele>1122.22</ele>
      </trkpt>
      <trkpt lat="-22.386726" lon="-44.953308">
        <ele>1122.36</ele>
      </trkpt>
      <trkpt lat="-22.386735" lon="-44.953314">
        <ele>1122.5</ele>
      </trkpt>
      <trkpt lat="-22.386745" lon="-44.953321">
        <ele>1122.64</ele>
      </trkpt>
      <trkpt lat="-22.386754" lon="-44.953327">
        <ele>1122.78</ele>
      </trkpt>
      <trkpt lat="-22.386763" lon="-44.953333">
        <ele>1122.92</ele>
      </trkpt>
      <trkpt lat="-22.386773" lon="-44.953339">
        <ele>1123.06</ele>
      </trkpt>
      <trkpt lat="-22.386782" lon="-44.953345">
        <ele>1123.2</ele>
      </trkpt>
      <trkpt lat="-22.386791" lon="-44.953351">
        <ele>1123.34</ele>
      </trkpt>
      <trkpt lat="-22.386801" lon="-44.953357">
        <ele>1123.48</ele>
      </trkpt>
      <trkpt lat="-22.386811" lon="-44.953363">
        <ele>1123.62</ele>
      </trkpt>
      <trkpt lat="-22.386821" lon="-44.953369">
        <ele>1123.76</ele>
      </trkpt>
      <trkpt lat="-22.38683" lon="-44.953377">
        <ele>1123.9</ele>
      </trkpt>
      <trkpt lat="-22.386839" lon="-44.953385">
        <ele>1123.87</ele>
      </trkpt>
      <trkpt lat="-22.386847" lon="-44.953394">
        <ele>1123.83</ele>
      </trkpt>
      <trkpt lat="-22.386855" lon="-44.953404">
        <ele>1123.79</ele>
      </trkpt>
      <trkpt lat="-22.386858" lon="-44.953416">
        <ele>1123.75</ele>
      </trkpt>
      <trkpt lat="-22.386861" lon="-44.953428">
        <ele>1123.71</ele>
      </trkpt>
      <trkpt lat="-22.386861" lon="-44.953441">
        <ele>1123.67</ele>
      </trkpt>
      <trkpt lat="-22.38686" lon="-44.953454">
        <ele>1123.63</ele>
      </trkpt>
      <trkpt lat="-22.38686" lon="-44.953454">
        <ele>1123.59</ele>
      </trkpt>
      <trkpt lat="-22.38686" lon="-44.953454">
        <ele>1123.55</ele>
      </trkpt>
      <trkpt lat="-22.38686" lon="-44.953454">
        <ele>1123.51</ele>
      </trkpt>
      <trkpt lat="-22.38686" lon="-44.953454">
        <ele>1123.47</ele>
      </trkpt>
      <trkpt lat="-22.38686" lon="-44.953454">
        <ele>1123.43</ele>
      </trkpt>
      <trkpt lat="-22.38686" lon="-44.953454">
        <ele>1123.39</ele>
      </trkpt>
      <trkpt lat="-22.38686" lon="-44.953454">
        <ele>1123.35</ele>
      </trkpt>
      <trkpt lat="-22.38686" lon="-44.953454">
        <ele>1123.31</ele>
      </trkpt>
      <trkpt lat="-22.38686" lon="-44.953454">
        <ele>1123.27</ele>
      </trkpt>
      <trkpt lat="-22.38686" lon="-44.953454">
        <ele>1123.23</ele>
      </trkpt>
      <trkpt lat="-22.38686" lon="-44.953454">
        <ele>1123.19</ele>
      </trkpt>
      <trkpt lat="-22.38686" lon="-44.953454">
        <ele>1123.16</ele>
      </trkpt>
      <trkpt lat="-22.38686" lon="-44.953454">
        <ele>1123.12</ele>
      </trkpt>
      <trkpt lat="-22.38686" lon="-44.953454">
        <ele>1123.08</ele>
      </trkpt>
      <trkpt lat="-22.386857" lon="-44.953467">
        <ele>1123.04</ele>
      </trkpt>
      <trkpt lat="-22.386856" lon="-44.953471">
        <ele>1123</ele>
      </trkpt>
      <trkpt lat="-22.386855" lon="-44.953475">
        <ele>1122.96</ele>
      </trkpt>
      <trkpt lat="-22.386855" lon="-44.953475">
        <ele>1122.92</ele>
      </trkpt>
      <trkpt lat="-22.386855" lon="-44.953475">
        <ele>1122.88</ele>
      </trkpt>
      <trkpt lat="-22.386855" lon="-44.953475">
        <ele>1122.84</ele>
      </trkpt>
      <trkpt lat="-22.386855" lon="-44.953475">
        <ele>1122.8</ele>
      </trkpt>
      <trkpt lat="-22.386855" lon="-44.953475">
        <ele>1122.76</ele>
      </trkpt>
      <trkpt lat="-22.386855" lon="-44.953475">
        <ele>1122.72</ele>
      </trkpt>
      <trkpt lat="-22.386855" lon="-44.953475">
        <ele>1122.68</ele>
      </trkpt>
      <trkpt lat="-22.386855" lon="-44.953475">
        <ele>1122.64</ele>
      </trkpt>
      <trkpt lat="-22.386856" lon="-44.953466">
        <ele>1122.6</ele>
      </trkpt>
      <trkpt lat="-22.386856" lon="-44.953464">
        <ele>1122.56</ele>
      </trkpt>
      <trkpt lat="-22.386857" lon="-44.953461">
        <ele>1122.52</ele>
      </trkpt>
      <trkpt lat="-22.386855" lon="-44.953465">
        <ele>1122.48</ele>
      </trkpt>
      <trkpt lat="-22.386853" lon="-44.953469">
        <ele>1122.45</ele>
      </trkpt>
      <trkpt lat="-22.38685" lon="-44.953478">
        <ele>1122.41</ele>
      </trkpt>
      <trkpt lat="-22.386848" lon="-44.953487">
        <ele>1122.37</ele>
      </trkpt>
      <trkpt lat="-22.386848" lon="-44.953487">
        <ele>1122.19</ele>
      </trkpt>
      <trkpt lat="-22.386848" lon="-44.953487">
        <ele>1122.01</ele>
      </trkpt>
      <trkpt lat="-22.386848" lon="-44.953487">
        <ele>1121.83</ele>
      </trkpt>
      <trkpt lat="-22.386848" lon="-44.953487">
        <ele>1121.65</ele>
      </trkpt>
      <trkpt lat="-22.386848" lon="-44.953487">
        <ele>1121.47</ele>
      </trkpt>
      <trkpt lat="-22.386848" lon="-44.953487">
        <ele>1121.29</ele>
      </trkpt>
      <trkpt lat="-22.386847" lon="-44.953504">
        <ele>1121.12</ele>
      </trkpt>
      <trkpt lat="-22.386846" lon="-44.953517">
        <ele>1120.94</ele>
      </trkpt>
      <trkpt lat="-22.386845" lon="-44.953529">
        <ele>1120.76</ele>
      </trkpt>
      <trkpt lat="-22.386841" lon="-44.953537">
        <ele>1120.58</ele>
      </trkpt>
      <trkpt lat="-22.386837" lon="-44.953546">
        <ele>1120.4</ele>
      </trkpt>
      <trkpt lat="-22.386828" lon="-44.953552">
        <ele>1120.22</ele>
      </trkpt>
      <trkpt lat="-22.386819" lon="-44.953558">
        <ele>1120.04</ele>
      </trkpt>
      <trkpt lat="-22.386804" lon="-44.95356">
        <ele>1119.86</ele>
      </trkpt>
      <trkpt lat="-22.386789" lon="-44.953561">
        <ele>1119.69</ele>
      </trkpt>
      <trkpt lat="-22.386769" lon="-44.953561">
        <ele>1119.51</ele>
      </trkpt>
      <trkpt lat="-22.386748" lon="-44.953561">
        <ele>1119.33</ele>
      </trkpt>
      <trkpt lat="-22.386726" lon="-44.953567">
        <ele>1118.76</ele>
      </trkpt>
      <trkpt lat="-22.386705" lon="-44.953573">
        <ele>1118.2</ele>
      </trkpt>
      <trkpt lat="-22.386684" lon="-44.953585">
        <ele>1117.64</ele>
      </trkpt>
      <trkpt lat="-22.386664" lon="-44.953598">
        <ele>1117.07</ele>
      </trkpt>
      <trkpt lat="-22.386644" lon="-44.953612">
        <ele>1116.51</ele>
      </trkpt>
      <trkpt lat="-22.386624" lon="-44.953627">
        <ele>1115.94</ele>
      </trkpt>
      <trkpt lat="-22.386604" lon="-44.953639">
        <ele>1115.26</ele>
      </trkpt>
      <trkpt lat="-22.386584" lon="-44.953651">
        <ele>1114.58</ele>
      </trkpt>
      <trkpt lat="-22.386564" lon="-44.953663">
        <ele>1113.89</ele>
      </trkpt>
      <trkpt lat="-22.386544" lon="-44.953675">
        <ele>1113.21</ele>
      </trkpt>
      <trkpt lat="-22.386525" lon="-44.953687">
        <ele>1112.53</ele>
      </trkpt>
      <trkpt lat="-22.386506" lon="-44.953698">
        <ele>1111.85</ele>
      </trkpt>
      <trkpt lat="-22.386486" lon="-44.953709">
        <ele>1111.01</ele>
      </trkpt>
      <trkpt lat="-22.386467" lon="-44.953719">
        <ele>1110.18</ele>
      </trkpt>
      <trkpt lat="-22.386446" lon="-44.953733">
        <ele>1109.35</ele>
      </trkpt>
      <trkpt lat="-22.386426" lon="-44.953747">
        <ele>1108.51</ele>
      </trkpt>
      <trkpt lat="-22.386403" lon="-44.953764">
        <ele>1107.68</ele>
      </trkpt>
      <trkpt lat="-22.38638" lon="-44.953781">
        <ele>1106.85</ele>
      </trkpt>
      <trkpt lat="-22.386357" lon="-44.9538">
        <ele>1105.86</ele>
      </trkpt>
      <trkpt lat="-22.386334" lon="-44.953819">
        <ele>1104.88</ele>
      </trkpt>
      <trkpt lat="-22.386312" lon="-44.953837">
        <ele>1103.89</ele>
      </trkpt>
      <trkpt lat="-22.38629" lon="-44.953856">
        <ele>1102.9</ele>
      </trkpt>
      <trkpt lat="-22.386269" lon="-44.953875">
        <ele>1101.92</ele>
      </trkpt>
      <trkpt lat="-22.386249" lon="-44.953894">
        <ele>1100.96</ele>
      </trkpt>
      <trkpt lat="-22.386227" lon="-44.953918">
        <ele>1100</ele>
      </trkpt>
      <trkpt lat="-22.386207" lon="-44.953941">
        <ele>1099.04</ele>
      </trkpt>
      <trkpt lat="-22.386186" lon="-44.953967">
        <ele>1098.09</ele>
      </trkpt>
      <trkpt lat="-22.386165" lon="-44.953992">
        <ele>1097.13</ele>
      </trkpt>
      <trkpt lat="-22.386146" lon="-44.954015">
        <ele>1096.23</ele>
      </trkpt>
      <trkpt lat="-22.386127" lon="-44.954039">
        <ele>1095.33</ele>
      </trkpt>
      <trkpt lat="-22.386108" lon="-44.954058">
        <ele>1094.43</ele>
      </trkpt>
      <trkpt lat="-22.386088" lon="-44.954078">
        <ele>1093.54</ele>
      </trkpt>
      <trkpt lat="-22.386069" lon="-44.954093">
        <ele>1092.64</ele>
      </trkpt>
      <trkpt lat="-22.386051" lon="-44.954109">
        <ele>1091.74</ele>
      </trkpt>
      <trkpt lat="-22.386034" lon="-44.954118">
        <ele>1091.2</ele>
      </trkpt>
      <trkpt lat="-22.386018" lon="-44.954127">
        <ele>1090.66</ele>
      </trkpt>
      <trkpt lat="-22.386003" lon="-44.954136">
        <ele>1090.11</ele>
      </trkpt>
      <trkpt lat="-22.385987" lon="-44.954145">
        <ele>1089.57</ele>
      </trkpt>
      <trkpt lat="-22.38597" lon="-44.954157">
        <ele>1089.03</ele>
      </trkpt>
      <trkpt lat="-22.385952" lon="-44.95417">
        <ele>1088.49</ele>
      </trkpt>
      <trkpt lat="-22.38593" lon="-44.954183">
        <ele>1087.94</ele>
      </trkpt>
      <trkpt lat="-22.385909" lon="-44.954197">
        <ele>1087.21</ele>
      </trkpt>
      <trkpt lat="-22.385886" lon="-44.954211">
        <ele>1086.48</ele>
      </trkpt>
      <trkpt lat="-22.385863" lon="-44.954226">
        <ele>1085.74</ele>
      </trkpt>
      <trkpt lat="-22.38584" lon="-44.954243">
        <ele>1085.01</ele>
      </trkpt>
      <trkpt lat="-22.385818" lon="-44.954261">
        <ele>1084.28</ele>
      </trkpt>
      <trkpt lat="-22.385795" lon="-44.95428">
        <ele>1083.54</ele>
      </trkpt>
      <trkpt lat="-22.385773" lon="-44.954299">
        <ele>1082.94</ele>
      </trkpt>
      <trkpt lat="-22.385752" lon="-44.954318">
        <ele>1082.34</ele>
      </trkpt>
      <trkpt lat="-22.385732" lon="-44.954336">
        <ele>1081.74</ele>
      </trkpt>
      <trkpt lat="-22.385712" lon="-44.954354">
        <ele>1081.14</ele>
      </trkpt>
      <trkpt lat="-22.385692" lon="-44.954371">
        <ele>1080.54</ele>
      </trkpt>
      <trkpt lat="-22.385672" lon="-44.954388">
        <ele>1079.94</ele>
      </trkpt>
      <trkpt lat="-22.385651" lon="-44.954405">
        <ele>1079.66</ele>
      </trkpt>
      <trkpt lat="-22.385631" lon="-44.95442">
        <ele>1079.38</ele>
      </trkpt>
      <trkpt lat="-22.385611" lon="-44.954436">
        <ele>1079.1</ele>
      </trkpt>
      <trkpt lat="-22.385592" lon="-44.954452">
        <ele>1078.82</ele>
      </trkpt>
      <trkpt lat="-22.385574" lon="-44.954469">
        <ele>1078.55</ele>
      </trkpt>
      <trkpt lat="-22.385555" lon="-44.954489">
        <ele>1078.27</ele>
      </trkpt>
      <trkpt lat="-22.385536" lon="-44.954509">
        <ele>1078.06</ele>
      </trkpt>
      <trkpt lat="-22.385517" lon="-44.954532">
        <ele>1077.86</ele>
      </trkpt>
      <trkpt lat="-22.385498" lon="-44.954556">
        <ele>1077.66</ele>
      </trkpt>
      <trkpt lat="-22.385481" lon="-44.954583">
        <ele>1077.46</ele>
      </trkpt>
      <trkpt lat="-22.385464" lon="-44.95461">
        <ele>1077.25</ele>
      </trkpt>
      <trkpt lat="-22.385448" lon="-44.954637">
        <ele>1077.25</ele>
      </trkpt>
      <trkpt lat="-22.385433" lon="-44.954665">
        <ele>1077.25</ele>
      </trkpt>
      <trkpt lat="-22.385417" lon="-44.95469">
        <ele>1077.26</ele>
      </trkpt>
      <trkpt lat="-22.385401" lon="-44.954716">
        <ele>1077.26</ele>
      </trkpt>
      <trkpt lat="-22.385384" lon="-44.95474">
        <ele>1077.26</ele>
      </trkpt>
      <trkpt lat="-22.385368" lon="-44.954764">
        <ele>1077.29</ele>
      </trkpt>
      <trkpt lat="-22.385354" lon="-44.954789">
        <ele>1077.33</ele>
      </trkpt>
      <trkpt lat="-22.38534" lon="-44.954813">
        <ele>1077.36</ele>
      </trkpt>
      <trkpt lat="-22.385329" lon="-44.954838">
        <ele>1077.4</ele>
      </trkpt>
      <trkpt lat="-22.385317" lon="-44.954862">
        <ele>1077.44</ele>
      </trkpt>
      <trkpt lat="-22.385306" lon="-44.954885">
        <ele>1077.47</ele>
      </trkpt>
      <trkpt lat="-22.385295" lon="-44.954909">
        <ele>1077.36</ele>
      </trkpt>
      <trkpt lat="-22.385283" lon="-44.954933">
        <ele>1077.25</ele>
      </trkpt>
      <trkpt lat="-22.385272" lon="-44.954956">
        <ele>1077.13</ele>
      </trkpt>
      <trkpt lat="-22.385261" lon="-44.95498">
        <ele>1077.02</ele>
      </trkpt>
      <trkpt lat="-22.385251" lon="-44.955003">
        <ele>1076.91</ele>
      </trkpt>
      <trkpt lat="-22.38524" lon="-44.955026">
        <ele>1076.79</ele>
      </trkpt>
      <trkpt lat="-22.385229" lon="-44.955048">
        <ele>1076.74</ele>
      </trkpt>
      <trkpt lat="-22.385218" lon="-44.955071">
        <ele>1076.68</ele>
      </trkpt>
      <trkpt lat="-22.385206" lon="-44.955093">
        <ele>1076.63</ele>
      </trkpt>
      <trkpt lat="-22.385195" lon="-44.955116">
        <ele>1076.57</ele>
      </trkpt>
      <trkpt lat="-22.385183" lon="-44.955138">
        <ele>1076.52</ele>
      </trkpt>
      <trkpt lat="-22.385171" lon="-44.95516">
        <ele>1076.46</ele>
      </trkpt>
      <trkpt lat="-22.385159" lon="-44.955183">
        <ele>1076.46</ele>
      </trkpt>
      <trkpt lat="-22.385146" lon="-44.955205">
        <ele>1076.45</ele>
      </trkpt>
      <trkpt lat="-22.385133" lon="-44.955227">
        <ele>1076.44</ele>
      </trkpt>
      <trkpt lat="-22.38512" lon="-44.955248">
        <ele>1076.43</ele>
      </trkpt>
      <trkpt lat="-22.385106" lon="-44.95527">
        <ele>1076.42</ele>
      </trkpt>
      <trkpt lat="-22.385092" lon="-44.955292">
        <ele>1076.42</ele>
      </trkpt>
      <trkpt lat="-22.385078" lon="-44.955314">
        <ele>1076.35</ele>
      </trkpt>
      <trkpt lat="-22.385064" lon="-44.955336">
        <ele>1076.29</ele>
      </trkpt>
      <trkpt lat="-22.38505" lon="-44.955358">
        <ele>1076.23</ele>
      </trkpt>
      <trkpt lat="-22.385034" lon="-44.955379">
        <ele>1076.16</ele>
      </trkpt>
      <trkpt lat="-22.385019" lon="-44.9554">
        <ele>1076.1</ele>
      </trkpt>
      <trkpt lat="-22.385004" lon="-44.955422">
        <ele>1076.04</ele>
      </trkpt>
      <trkpt lat="-22.384989" lon="-44.955443">
        <ele>1076.02</ele>
      </trkpt>
      <trkpt lat="-22.384974" lon="-44.955465">
        <ele>1076</ele>
      </trkpt>
      <trkpt lat="-22.38496" lon="-44.955487">
        <ele>1075.99</ele>
      </trkpt>
      <trkpt lat="-22.384945" lon="-44.955509">
        <ele>1075.97</ele>
      </trkpt>
      <trkpt lat="-22.384931" lon="-44.955532">
        <ele>1075.95</ele>
      </trkpt>
      <trkpt lat="-22.384916" lon="-44.955553">
        <ele>1075.94</ele>
      </trkpt>
      <trkpt lat="-22.384901" lon="-44.955575">
        <ele>1076.07</ele>
      </trkpt>
      <trkpt lat="-22.384888" lon="-44.955598">
        <ele>1076.21</ele>
      </trkpt>
      <trkpt lat="-22.384874" lon="-44.955621">
        <ele>1076.34</ele>
      </trkpt>
      <trkpt lat="-22.384861" lon="-44.955644">
        <ele>1076.48</ele>
      </trkpt>
      <trkpt lat="-22.384848" lon="-44.955667">
        <ele>1076.61</ele>
      </trkpt>
      <trkpt lat="-22.384834" lon="-44.955689">
        <ele>1076.75</ele>
      </trkpt>
      <trkpt lat="-22.38482" lon="-44.955711">
        <ele>1076.75</ele>
      </trkpt>
      <trkpt lat="-22.384804" lon="-44.955732">
        <ele>1076.76</ele>
      </trkpt>
      <trkpt lat="-22.384789" lon="-44.955753">
        <ele>1076.77</ele>
      </trkpt>
      <trkpt lat="-22.384773" lon="-44.955775">
        <ele>1076.78</ele>
      </trkpt>
      <trkpt lat="-22.384757" lon="-44.955796">
        <ele>1076.79</ele>
      </trkpt>
      <trkpt lat="-22.384744" lon="-44.955818">
        <ele>1076.8</ele>
      </trkpt>
      <trkpt lat="-22.384731" lon="-44.955839">
        <ele>1076.7</ele>
      </trkpt>
      <trkpt lat="-22.384724" lon="-44.955861">
        <ele>1076.6</ele>
      </trkpt>
      <trkpt lat="-22.384718" lon="-44.955884">
        <ele>1076.5</ele>
      </trkpt>
      <trkpt lat="-22.384719" lon="-44.955906">
        <ele>1076.41</ele>
      </trkpt>
      <trkpt lat="-22.38472" lon="-44.955928">
        <ele>1076.31</ele>
      </trkpt>
      <trkpt lat="-22.384724" lon="-44.955951">
        <ele>1076.21</ele>
      </trkpt>
      <trkpt lat="-22.384728" lon="-44.955974">
        <ele>1076.12</ele>
      </trkpt>
      <trkpt lat="-22.384733" lon="-44.955997">
        <ele>1075.68</ele>
      </trkpt>
      <trkpt lat="-22.384738" lon="-44.956021">
        <ele>1075.24</ele>
      </trkpt>
      <trkpt lat="-22.384743" lon="-44.956047">
        <ele>1074.81</ele>
      </trkpt>
      <trkpt lat="-22.384748" lon="-44.956072">
        <ele>1074.37</ele>
      </trkpt>
      <trkpt lat="-22.384754" lon="-44.956097">
        <ele>1073.93</ele>
      </trkpt>
      <trkpt lat="-22.38476" lon="-44.956123">
        <ele>1073.49</ele>
      </trkpt>
      <trkpt lat="-22.384767" lon="-44.956147">
        <ele>1073.08</ele>
      </trkpt>
      <trkpt lat="-22.384773" lon="-44.956171">
        <ele>1072.66</ele>
      </trkpt>
      <trkpt lat="-22.38478" lon="-44.956194">
        <ele>1072.25</ele>
      </trkpt>
      <trkpt lat="-22.384787" lon="-44.956216">
        <ele>1071.84</ele>
      </trkpt>
      <trkpt lat="-22.384796" lon="-44.956239">
        <ele>1071.42</ele>
      </trkpt>
      <trkpt lat="-22.384805" lon="-44.956262">
        <ele>1071.01</ele>
      </trkpt>
      <trkpt lat="-22.384815" lon="-44.956284">
        <ele>1070.52</ele>
      </trkpt>
      <trkpt lat="-22.384826" lon="-44.956307">
        <ele>1070.02</ele>
      </trkpt>
      <trkpt lat="-22.384838" lon="-44.956326">
        <ele>1069.53</ele>
      </trkpt>
      <trkpt lat="-22.38485" lon="-44.956345">
        <ele>1069.04</ele>
      </trkpt>
      <trkpt lat="-22.384865" lon="-44.956362">
        <ele>1068.55</ele>
      </trkpt>
      <trkpt lat="-22.384879" lon="-44.956379">
        <ele>1068.06</ele>
      </trkpt>
      <trkpt lat="-22.384894" lon="-44.956398">
        <ele>1067.57</ele>
      </trkpt>
      <trkpt lat="-22.384909" lon="-44.956418">
        <ele>1067.21</ele>
      </trkpt>
      <trkpt lat="-22.384922" lon="-44.956439">
        <ele>1066.84</ele>
      </trkpt>
      <trkpt lat="-22.384935" lon="-44.956461">
        <ele>1066.48</ele>
      </trkpt>
      <trkpt lat="-22.384948" lon="-44.956482">
        <ele>1066.12</ele>
      </trkpt>
      <trkpt lat="-22.38496" lon="-44.956504">
        <ele>1065.76</ele>
      </trkpt>
      <trkpt lat="-22.384973" lon="-44.956525">
        <ele>1065.4</ele>
      </trkpt>
      <trkpt lat="-22.384986" lon="-44.956547">
        <ele>1065.09</ele>
      </trkpt>
      <trkpt lat="-22.384998" lon="-44.956568">
        <ele>1064.78</ele>
      </trkpt>
      <trkpt lat="-22.38501" lon="-44.95659">
        <ele>1064.47</ele>
      </trkpt>
      <trkpt lat="-22.385021" lon="-44.956612">
        <ele>1064.16</ele>
      </trkpt>
      <trkpt lat="-22.385031" lon="-44.956634">
        <ele>1063.84</ele>
      </trkpt>
      <trkpt lat="-22.385043" lon="-44.956656">
        <ele>1063.53</ele>
      </trkpt>
      <trkpt lat="-22.385055" lon="-44.956678">
        <ele>1063.3</ele>
      </trkpt>
      <trkpt lat="-22.385069" lon="-44.956697">
        <ele>1063.07</ele>
      </trkpt>
      <trkpt lat="-22.385083" lon="-44.956716">
        <ele>1062.84</ele>
      </trkpt>
      <trkpt lat="-22.385099" lon="-44.956734">
        <ele>1062.62</ele>
      </trkpt>
      <trkpt lat="-22.385115" lon="-44.956753">
        <ele>1062.39</ele>
      </trkpt>
      <trkpt lat="-22.385133" lon="-44.956768">
        <ele>1062.16</ele>
      </trkpt>
      <trkpt lat="-22.38515" lon="-44.956784">
        <ele>1061.99</ele>
      </trkpt>
      <trkpt lat="-22.385169" lon="-44.956798">
        <ele>1061.83</ele>
      </trkpt>
      <trkpt lat="-22.385188" lon="-44.956811">
        <ele>1061.67</ele>
      </trkpt>
      <trkpt lat="-22.385206" lon="-44.956824">
        <ele>1061.51</ele>
      </trkpt>
      <trkpt lat="-22.385225" lon="-44.956838">
        <ele>1061.34</ele>
      </trkpt>
      <trkpt lat="-22.385241" lon="-44.956856">
        <ele>1061.18</ele>
      </trkpt>
      <trkpt lat="-22.385257" lon="-44.956875">
        <ele>1060.84</ele>
      </trkpt>
      <trkpt lat="-22.38527" lon="-44.956899">
        <ele>1060.49</ele>
      </trkpt>
      <trkpt lat="-22.385284" lon="-44.956923">
        <ele>1060.15</ele>
      </trkpt>
      <trkpt lat="-22.385297" lon="-44.956949">
        <ele>1059.8</ele>
      </trkpt>
      <trkpt lat="-22.385311" lon="-44.956974">
        <ele>1059.46</ele>
      </trkpt>
      <trkpt lat="-22.385325" lon="-44.957">
        <ele>1059.11</ele>
      </trkpt>
      <trkpt lat="-22.385339" lon="-44.957025">
        <ele>1058.47</ele>
      </trkpt>
      <trkpt lat="-22.385353" lon="-44.957052">
        <ele>1057.82</ele>
      </trkpt>
      <trkpt lat="-22.385367" lon="-44.957079">
        <ele>1057.18</ele>
      </trkpt>
      <trkpt lat="-22.385378" lon="-44.957107">
        <ele>1056.54</ele>
      </trkpt>
      <trkpt lat="-22.38539" lon="-44.957135">
        <ele>1055.89</ele>
      </trkpt>
      <trkpt lat="-22.385402" lon="-44.957163">
        <ele>1054.98</ele>
      </trkpt>
      <trkpt lat="-22.385414" lon="-44.957192">
        <ele>1054.07</ele>
      </trkpt>
      <trkpt lat="-22.385428" lon="-44.95722">
        <ele>1053.16</ele>
      </trkpt>
      <trkpt lat="-22.385442" lon="-44.957248">
        <ele>1052.25</ele>
      </trkpt>
      <trkpt lat="-22.385457" lon="-44.957276">
        <ele>1051.34</ele>
      </trkpt>
      <trkpt lat="-22.385472" lon="-44.957304">
        <ele>1050.47</ele>
      </trkpt>
      <trkpt lat="-22.385485" lon="-44.957333">
        <ele>1049.6</ele>
      </trkpt>
      <trkpt lat="-22.385499" lon="-44.957362">
        <ele>1048.74</ele>
      </trkpt>
      <trkpt lat="-22.385511" lon="-44.95739">
        <ele>1047.87</ele>
      </trkpt>
      <trkpt lat="-22.385523" lon="-44.957419">
        <ele>1047</ele>
      </trkpt>
      <trkpt lat="-22.385535" lon="-44.957448">
        <ele>1046.26</ele>
      </trkpt>
      <trkpt lat="-22.385547" lon="-44.957477">
        <ele>1045.52</ele>
      </trkpt>
      <trkpt lat="-22.385559" lon="-44.957506">
        <ele>1044.78</ele>
      </trkpt>
      <trkpt lat="-22.385571" lon="-44.957536">
        <ele>1044.04</ele>
      </trkpt>
      <trkpt lat="-22.385581" lon="-44.957567">
        <ele>1043.3</ele>
      </trkpt>
      <trkpt lat="-22.385591" lon="-44.957598">
        <ele>1042.63</ele>
      </trkpt>
      <trkpt lat="-22.3856" lon="-44.957631">
        <ele>1041.96</ele>
      </trkpt>
      <trkpt lat="-22.385609" lon="-44.957665">
        <ele>1041.28</ele>
      </trkpt>
      <trkpt lat="-22.385616" lon="-44.957699">
        <ele>1040.61</ele>
      </trkpt>
      <trkpt lat="-22.385623" lon="-44.957734">
        <ele>1039.94</ele>
      </trkpt>
      <trkpt lat="-22.385631" lon="-44.957769">
        <ele>1039.43</ele>
      </trkpt>
      <trkpt lat="-22.385639" lon="-44.957805">
        <ele>1038.91</ele>
      </trkpt>
      <trkpt lat="-22.385648" lon="-44.957841">
        <ele>1038.39</ele>
      </trkpt>
      <trkpt lat="-22.385657" lon="-44.957878">
        <ele>1037.87</ele>
      </trkpt>
      <trkpt lat="-22.385667" lon="-44.957913">
        <ele>1037.39</ele>
      </trkpt>
      <trkpt lat="-22.385677" lon="-44.957948">
        <ele>1036.91</ele>
      </trkpt>
      <trkpt lat="-22.385688" lon="-44.957981">
        <ele>1036.44</ele>
      </trkpt>
      <trkpt lat="-22.385699" lon="-44.958014">
        <ele>1035.96</ele>
      </trkpt>
      <trkpt lat="-22.385709" lon="-44.958045">
        <ele>1035.48</ele>
      </trkpt>
      <trkpt lat="-22.38572" lon="-44.958076">
        <ele>1035.25</ele>
      </trkpt>
      <trkpt lat="-22.385728" lon="-44.958105">
        <ele>1035.03</ele>
      </trkpt>
      <trkpt lat="-22.385737" lon="-44.958135">
        <ele>1034.8</ele>
      </trkpt>
      <trkpt lat="-22.385743" lon="-44.958165">
        <ele>1034.57</ele>
      </trkpt>
      <trkpt lat="-22.385749" lon="-44.958195">
        <ele>1034.35</ele>
      </trkpt>
      <trkpt lat="-22.385755" lon="-44.958221">
        <ele>1034.18</ele>
      </trkpt>
      <trkpt lat="-22.385762" lon="-44.958248">
        <ele>1034.02</ele>
      </trkpt>
      <trkpt lat="-22.385768" lon="-44.958268">
        <ele>1033.85</ele>
      </trkpt>
      <trkpt lat="-22.385775" lon="-44.958288">
        <ele>1033.69</ele>
      </trkpt>
      <trkpt lat="-22.385781" lon="-44.958303">
        <ele>1033.52</ele>
      </trkpt>
      <trkpt lat="-22.385787" lon="-44.958317">
        <ele>1033.36</ele>
      </trkpt>
      <trkpt lat="-22.385793" lon="-44.95833">
        <ele>1033.2</ele>
      </trkpt>
      <trkpt lat="-22.385798" lon="-44.958342">
        <ele>1033.03</ele>
      </trkpt>
      <trkpt lat="-22.385798" lon="-44.958342">
        <ele>1033.01</ele>
      </trkpt>
      <trkpt lat="-22.385798" lon="-44.958342">
        <ele>1032.99</ele>
      </trkpt>
      <trkpt lat="-22.385798" lon="-44.958342">
        <ele>1032.97</ele>
      </trkpt>
      <trkpt lat="-22.385798" lon="-44.958342">
        <ele>1032.95</ele>
      </trkpt>
      <trkpt lat="-22.385798" lon="-44.958342">
        <ele>1032.93</ele>
      </trkpt>
      <trkpt lat="-22.385798" lon="-44.958342">
        <ele>1032.91</ele>
      </trkpt>
      <trkpt lat="-22.385798" lon="-44.958342">
        <ele>1032.89</ele>
      </trkpt>
      <trkpt lat="-22.385798" lon="-44.958342">
        <ele>1032.87</ele>
      </trkpt>
      <trkpt lat="-22.385798" lon="-44.958342">
        <ele>1032.85</ele>
      </trkpt>
      <trkpt lat="-22.385798" lon="-44.958342">
        <ele>1032.83</ele>
      </trkpt>
      <trkpt lat="-22.385798" lon="-44.958342">
        <ele>1032.81</ele>
      </trkpt>
      <trkpt lat="-22.385798" lon="-44.958342">
        <ele>1032.79</ele>
      </trkpt>
      <trkpt lat="-22.385798" lon="-44.958342">
        <ele>1032.77</ele>
      </trkpt>
      <trkpt lat="-22.385798" lon="-44.958342">
        <ele>1032.75</ele>
      </trkpt>
      <trkpt lat="-22.385798" lon="-44.958342">
        <ele>1032.73</ele>
      </trkpt>
      <trkpt lat="-22.385798" lon="-44.958342">
        <ele>1032.71</ele>
      </trkpt>
      <trkpt lat="-22.385798" lon="-44.958342">
        <ele>1032.69</ele>
      </trkpt>
      <trkpt lat="-22.385798" lon="-44.958342">
        <ele>1032.67</ele>
      </trkpt>
      <trkpt lat="-22.385798" lon="-44.958342">
        <ele>1032.65</ele>
      </trkpt>
      <trkpt lat="-22.385798" lon="-44.958342">
        <ele>1032.62</ele>
      </trkpt>
      <trkpt lat="-22.385798" lon="-44.958342">
        <ele>1032.6</ele>
      </trkpt>
      <trkpt lat="-22.385798" lon="-44.958342">
        <ele>1032.58</ele>
      </trkpt>
      <trkpt lat="-22.385798" lon="-44.958342">
        <ele>1032.56</ele>
      </trkpt>
      <trkpt lat="-22.385798" lon="-44.958342">
        <ele>1032.54</ele>
      </trkpt>
      <trkpt lat="-22.385798" lon="-44.958342">
        <ele>1032.52</ele>
      </trkpt>
      <trkpt lat="-22.385798" lon="-44.958342">
        <ele>1032.5</ele>
      </trkpt>
      <trkpt lat="-22.385798" lon="-44.958342">
        <ele>1032.48</ele>
      </trkpt>
      <trkpt lat="-22.385798" lon="-44.958342">
        <ele>1032.46</ele>
      </trkpt>
      <trkpt lat="-22.385798" lon="-44.958342">
        <ele>1032.44</ele>
      </trkpt>
      <trkpt lat="-22.385798" lon="-44.958342">
        <ele>1032.42</ele>
      </trkpt>
      <trkpt lat="-22.385798" lon="-44.958342">
        <ele>1032.4</ele>
      </trkpt>
      <trkpt lat="-22.385798" lon="-44.958342">
        <ele>1032.38</ele>
      </trkpt>
      <trkpt lat="-22.385798" lon="-44.958342">
        <ele>1032.36</ele>
      </trkpt>
      <trkpt lat="-22.385798" lon="-44.958342">
        <ele>1032.34</ele>
      </trkpt>
      <trkpt lat="-22.385798" lon="-44.958342">
        <ele>1032.32</ele>
      </trkpt>
      <trkpt lat="-22.385798" lon="-44.958342">
        <ele>1032.3</ele>
      </trkpt>
      <trkpt lat="-22.385798" lon="-44.958342">
        <ele>1032.28</ele>
      </trkpt>
      <trkpt lat="-22.385798" lon="-44.958342">
        <ele>1032.26</ele>
      </trkpt>
      <trkpt lat="-22.385798" lon="-44.958342">
        <ele>1032.24</ele>
      </trkpt>
      <trkpt lat="-22.385798" lon="-44.958342">
        <ele>1032.22</ele>
      </trkpt>
      <trkpt lat="-22.385798" lon="-44.958342">
        <ele>1032.2</ele>
      </trkpt>
      <trkpt lat="-22.385798" lon="-44.958342">
        <ele>1032.18</ele>
      </trkpt>
      <trkpt lat="-22.385809" lon="-44.958375">
        <ele>1032.16</ele>
      </trkpt>
      <trkpt lat="-22.385813" lon="-44.958388">
        <ele>1032.14</ele>
      </trkpt>
      <trkpt lat="-22.385816" lon="-44.958402">
        <ele>1032.12</ele>
      </trkpt>
      <trkpt lat="-22.385819" lon="-44.958414">
        <ele>1032.1</ele>
      </trkpt>
      <trkpt lat="-22.385821" lon="-44.958425">
        <ele>1032.08</ele>
      </trkpt>
      <trkpt lat="-22.385822" lon="-44.958438">
        <ele>1032.05</ele>
      </trkpt>
      <trkpt lat="-22.385823" lon="-44.958451">
        <ele>1032.03</ele>
      </trkpt>
      <trkpt lat="-22.385824" lon="-44.958465">
        <ele>1032.01</ele>
      </trkpt>
      <trkpt lat="-22.385825" lon="-44.958478">
        <ele>1031.99</ele>
      </trkpt>
      <trkpt lat="-22.385827" lon="-44.958492">
        <ele>1031.97</ele>
      </trkpt>
      <trkpt lat="-22.385829" lon="-44.958506">
        <ele>1031.94</ele>
      </trkpt>
      <trkpt lat="-22.385832" lon="-44.958519">
        <ele>1031.9</ele>
      </trkpt>
      <trkpt lat="-22.385836" lon="-44.958532">
        <ele>1031.87</ele>
      </trkpt>
      <trkpt lat="-22.385839" lon="-44.958542">
        <ele>1031.84</ele>
      </trkpt>
      <trkpt lat="-22.385842" lon="-44.958552">
        <ele>1031.8</ele>
      </trkpt>
      <trkpt lat="-22.385845" lon="-44.958562">
        <ele>1031.77</ele>
      </trkpt>
      <trkpt lat="-22.385847" lon="-44.958571">
        <ele>1031.73</ele>
      </trkpt>
      <trkpt lat="-22.385849" lon="-44.958582">
        <ele>1031.7</ele>
      </trkpt>
      <trkpt lat="-22.385851" lon="-44.958592">
        <ele>1031.66</ele>
      </trkpt>
      <trkpt lat="-22.385853" lon="-44.958603">
        <ele>1031.63</ele>
      </trkpt>
      <trkpt lat="-22.385855" lon="-44.958614">
        <ele>1031.59</ele>
      </trkpt>
      <trkpt lat="-22.385858" lon="-44.958625">
        <ele>1031.56</ele>
      </trkpt>
      <trkpt lat="-22.385861" lon="-44.958636">
        <ele>1031.52</ele>
      </trkpt>
      <trkpt lat="-22.385865" lon="-44.958648">
        <ele>1031.54</ele>
      </trkpt>
      <trkpt lat="-22.385869" lon="-44.95866">
        <ele>1031.56</ele>
      </trkpt>
      <trkpt lat="-22.385874" lon="-44.958671">
        <ele>1031.57</ele>
      </trkpt>
      <trkpt lat="-22.385879" lon="-44.958682">
        <ele>1031.59</ele>
      </trkpt>
      <trkpt lat="-22.385886" lon="-44.958691">
        <ele>1031.6</ele>
      </trkpt>
      <trkpt lat="-22.385893" lon="-44.9587">
        <ele>1031.62</ele>
      </trkpt>
      <trkpt lat="-22.385899" lon="-44.958709">
        <ele>1031.63</ele>
      </trkpt>
      <trkpt lat="-22.385905" lon="-44.958719">
        <ele>1031.65</ele>
      </trkpt>
      <trkpt lat="-22.38591" lon="-44.958729">
        <ele>1031.67</ele>
      </trkpt>
      <trkpt lat="-22.385916" lon="-44.958739">
        <ele>1031.68</ele>
      </trkpt>
      <trkpt lat="-22.385921" lon="-44.95875">
        <ele>1031.7</ele>
      </trkpt>
      <trkpt lat="-22.385926" lon="-44.958761">
        <ele>1031.71</ele>
      </trkpt>
      <trkpt lat="-22.38593" lon="-44.958773">
        <ele>1031.73</ele>
      </trkpt>
      <trkpt lat="-22.385935" lon="-44.958784">
        <ele>1031.93</ele>
      </trkpt>
      <trkpt lat="-22.385939" lon="-44.958796">
        <ele>1032.12</ele>
      </trkpt>
      <trkpt lat="-22.385943" lon="-44.958808">
        <ele>1032.32</ele>
      </trkpt>
      <trkpt lat="-22.385946" lon="-44.95882">
        <ele>1032.52</ele>
      </trkpt>
      <trkpt lat="-22.38595" lon="-44.958833">
        <ele>1032.72</ele>
      </trkpt>
      <trkpt lat="-22.385954" lon="-44.958844">
        <ele>1032.92</ele>
      </trkpt>
      <trkpt lat="-22.385958" lon="-44.958856">
        <ele>1033.11</ele>
      </trkpt>
      <trkpt lat="-22.385962" lon="-44.958868">
        <ele>1033.31</ele>
      </trkpt>
      <trkpt lat="-22.385965" lon="-44.95888">
        <ele>1033.51</ele>
      </trkpt>
      <trkpt lat="-22.385968" lon="-44.958892">
        <ele>1033.71</ele>
      </trkpt>
      <trkpt lat="-22.38597" lon="-44.958903">
        <ele>1033.91</ele>
      </trkpt>
      <trkpt lat="-22.385972" lon="-44.958912">
        <ele>1034.1</ele>
      </trkpt>
      <trkpt lat="-22.385973" lon="-44.958922">
        <ele>1034.37</ele>
      </trkpt>
      <trkpt lat="-22.385975" lon="-44.958932">
        <ele>1034.63</ele>
      </trkpt>
      <trkpt lat="-22.385976" lon="-44.958942">
        <ele>1034.89</ele>
      </trkpt>
      <trkpt lat="-22.385979" lon="-44.958953">
        <ele>1035.15</ele>
      </trkpt>
      <trkpt lat="-22.385982" lon="-44.958964">
        <ele>1035.41</ele>
      </trkpt>
      <trkpt lat="-22.385986" lon="-44.958977">
        <ele>1035.67</ele>
      </trkpt>
      <trkpt lat="-22.38599" lon="-44.958989">
        <ele>1035.93</ele>
      </trkpt>
      <trkpt lat="-22.385995" lon="-44.959001">
        <ele>1036.19</ele>
      </trkpt>
      <trkpt lat="-22.386" lon="-44.959013">
        <ele>1036.45</ele>
      </trkpt>
      <trkpt lat="-22.386004" lon="-44.959025">
        <ele>1036.71</ele>
      </trkpt>
      <trkpt lat="-22.386008" lon="-44.959036">
        <ele>1036.97</ele>
      </trkpt>
      <trkpt lat="-22.386012" lon="-44.959046">
        <ele>1037.23</ele>
      </trkpt>
      <trkpt lat="-22.386016" lon="-44.959056">
        <ele>1037.5</ele>
      </trkpt>
      <trkpt lat="-22.386016" lon="-44.959056">
        <ele>1037.65</ele>
      </trkpt>
      <trkpt lat="-22.386016" lon="-44.959056">
        <ele>1037.81</ele>
      </trkpt>
      <trkpt lat="-22.386016" lon="-44.959056">
        <ele>1037.97</ele>
      </trkpt>
      <trkpt lat="-22.386016" lon="-44.959056">
        <ele>1038.13</ele>
      </trkpt>
      <trkpt lat="-22.386016" lon="-44.959056">
        <ele>1038.29</ele>
      </trkpt>
      <trkpt lat="-22.386016" lon="-44.959056">
        <ele>1038.44</ele>
      </trkpt>
      <trkpt lat="-22.386016" lon="-44.959056">
        <ele>1038.6</ele>
      </trkpt>
      <trkpt lat="-22.386016" lon="-44.959056">
        <ele>1038.76</ele>
      </trkpt>
      <trkpt lat="-22.386016" lon="-44.959056">
        <ele>1038.92</ele>
      </trkpt>
      <trkpt lat="-22.386016" lon="-44.959056">
        <ele>1039.08</ele>
      </trkpt>
      <trkpt lat="-22.386019" lon="-44.959065">
        <ele>1039.23</ele>
      </trkpt>
      <trkpt lat="-22.386021" lon="-44.959069">
        <ele>1039.39</ele>
      </trkpt>
      <trkpt lat="-22.386024" lon="-44.959073">
        <ele>1039.55</ele>
      </trkpt>
      <trkpt lat="-22.386028" lon="-44.959077">
        <ele>1039.71</ele>
      </trkpt>
      <trkpt lat="-22.386033" lon="-44.959081">
        <ele>1039.87</ele>
      </trkpt>
      <trkpt lat="-22.386039" lon="-44.959088">
        <ele>1040.02</ele>
      </trkpt>
      <trkpt lat="-22.386045" lon="-44.959094">
        <ele>1040.18</ele>
      </trkpt>
      <trkpt lat="-22.386051" lon="-44.959103">
        <ele>1040.34</ele>
      </trkpt>
      <trkpt lat="-22.386057" lon="-44.959112">
        <ele>1040.5</ele>
      </trkpt>
      <trkpt lat="-22.386062" lon="-44.959121">
        <ele>1040.66</ele>
      </trkpt>
      <trkpt lat="-22.386067" lon="-44.95913">
        <ele>1040.81</ele>
      </trkpt>
      <trkpt lat="-22.386073" lon="-44.959136">
        <ele>1040.97</ele>
      </trkpt>
      <trkpt lat="-22.386079" lon="-44.959143">
        <ele>1041.13</ele>
      </trkpt>
      <trkpt lat="-22.386087" lon="-44.959148">
        <ele>1041.29</ele>
      </trkpt>
      <trkpt lat="-22.386095" lon="-44.959152">
        <ele>1041.45</ele>
      </trkpt>
      <trkpt lat="-22.386103" lon="-44.959158">
        <ele>1041.6</ele>
      </trkpt>
      <trkpt lat="-22.386111" lon="-44.959164">
        <ele>1041.76</ele>
      </trkpt>
      <trkpt lat="-22.386115" lon="-44.959174">
        <ele>1041.91</ele>
      </trkpt>
      <trkpt lat="-22.386119" lon="-44.959183">
        <ele>1042.05</ele>
      </trkpt>
      <trkpt lat="-22.386119" lon="-44.959194">
        <ele>1042.19</ele>
      </trkpt>
      <trkpt lat="-22.386119" lon="-44.959204">
        <ele>1042.34</ele>
      </trkpt>
      <trkpt lat="-22.38612" lon="-44.959215">
        <ele>1042.48</ele>
      </trkpt>
      <trkpt lat="-22.386121" lon="-44.959225">
        <ele>1042.62</ele>
      </trkpt>
      <trkpt lat="-22.386124" lon="-44.959235">
        <ele>1042.77</ele>
      </trkpt>
      <trkpt lat="-22.386127" lon="-44.959245">
        <ele>1042.91</ele>
      </trkpt>
      <trkpt lat="-22.386132" lon="-44.959253">
        <ele>1043.05</ele>
      </trkpt>
      <trkpt lat="-22.386137" lon="-44.95926">
        <ele>1043.2</ele>
      </trkpt>
      <trkpt lat="-22.386145" lon="-44.959265">
        <ele>1043.34</ele>
      </trkpt>
      <trkpt lat="-22.386152" lon="-44.959269">
        <ele>1043.48</ele>
      </trkpt>
      <trkpt lat="-22.386163" lon="-44.959274">
        <ele>1043.63</ele>
      </trkpt>
      <trkpt lat="-22.386173" lon="-44.959279">
        <ele>1043.77</ele>
      </trkpt>
      <trkpt lat="-22.386182" lon="-44.959286">
        <ele>1043.89</ele>
      </trkpt>
      <trkpt lat="-22.386193" lon="-44.959294">
        <ele>1044.01</ele>
      </trkpt>
      <trkpt lat="-22.3862" lon="-44.959305">
        <ele>1044.14</ele>
      </trkpt>
      <trkpt lat="-22.386208" lon="-44.959317">
        <ele>1044.26</ele>
      </trkpt>
      <trkpt lat="-22.386212" lon="-44.959331">
        <ele>1044.38</ele>
      </trkpt>
      <trkpt lat="-22.386217" lon="-44.959345">
        <ele>1044.5</ele>
      </trkpt>
      <trkpt lat="-22.386221" lon="-44.959359">
        <ele>1044.62</ele>
      </trkpt>
      <trkpt lat="-22.386224" lon="-44.959374">
        <ele>1044.74</ele>
      </trkpt>
      <trkpt lat="-22.386226" lon="-44.959388">
        <ele>1044.86</ele>
      </trkpt>
      <trkpt lat="-22.386228" lon="-44.959402">
        <ele>1044.99</ele>
      </trkpt>
      <trkpt lat="-22.386228" lon="-44.959416">
        <ele>1045.11</ele>
      </trkpt>
      <trkpt lat="-22.386228" lon="-44.959429">
        <ele>1045.09</ele>
      </trkpt>
      <trkpt lat="-22.386228" lon="-44.959443">
        <ele>1045.08</ele>
      </trkpt>
      <trkpt lat="-22.386228" lon="-44.959457">
        <ele>1045.06</ele>
      </trkpt>
      <trkpt lat="-22.386229" lon="-44.959471">
        <ele>1045.05</ele>
      </trkpt>
      <trkpt lat="-22.38623" lon="-44.959485">
        <ele>1045.04</ele>
      </trkpt>
      <trkpt lat="-22.386231" lon="-44.9595">
        <ele>1045.02</ele>
      </trkpt>
      <trkpt lat="-22.386232" lon="-44.959515">
        <ele>1045.01</ele>
      </trkpt>
      <trkpt lat="-22.386234" lon="-44.95953">
        <ele>1044.99</ele>
      </trkpt>
      <trkpt lat="-22.386236" lon="-44.959545">
        <ele>1044.98</ele>
      </trkpt>
      <trkpt lat="-22.386238" lon="-44.959558">
        <ele>1044.97</ele>
      </trkpt>
      <trkpt lat="-22.38624" lon="-44.959571">
        <ele>1044.95</ele>
      </trkpt>
      <trkpt lat="-22.386242" lon="-44.959582">
        <ele>1044.89</ele>
      </trkpt>
      <trkpt lat="-22.386244" lon="-44.959593">
        <ele>1044.82</ele>
      </trkpt>
      <trkpt lat="-22.386244" lon="-44.959603">
        <ele>1044.76</ele>
      </trkpt>
      <trkpt lat="-22.386244" lon="-44.959614">
        <ele>1044.7</ele>
      </trkpt>
      <trkpt lat="-22.38624" lon="-44.959623">
        <ele>1044.63</ele>
      </trkpt>
      <trkpt lat="-22.386236" lon="-44.959632">
        <ele>1044.57</ele>
      </trkpt>
      <trkpt lat="-22.38623" lon="-44.959639">
        <ele>1044.51</ele>
      </trkpt>
      <trkpt lat="-22.386224" lon="-44.959646">
        <ele>1044.44</ele>
      </trkpt>
      <trkpt lat="-22.386218" lon="-44.959654">
        <ele>1044.38</ele>
      </trkpt>
      <trkpt lat="-22.386213" lon="-44.959661">
        <ele>1044.32</ele>
      </trkpt>
      <trkpt lat="-22.386207" lon="-44.959671">
        <ele>1044.25</ele>
      </trkpt>
      <trkpt lat="-22.386202" lon="-44.959681">
        <ele>1044.19</ele>
      </trkpt>
      <trkpt lat="-22.386196" lon="-44.959692">
        <ele>1044.13</ele>
      </trkpt>
      <trkpt lat="-22.386191" lon="-44.959704">
        <ele>1044.06</ele>
      </trkpt>
      <trkpt lat="-22.386187" lon="-44.959716">
        <ele>1043.96</ele>
      </trkpt>
      <trkpt lat="-22.386183" lon="-44.959728">
        <ele>1043.85</ele>
      </trkpt>
      <trkpt lat="-22.386181" lon="-44.959736">
        <ele>1043.74</ele>
      </trkpt>
      <trkpt lat="-22.386179" lon="-44.959744">
        <ele>1043.64</ele>
      </trkpt>
      <trkpt lat="-22.386177" lon="-44.959753">
        <ele>1043.53</ele>
      </trkpt>
      <trkpt lat="-22.386175" lon="-44.959763">
        <ele>1043.43</ele>
      </trkpt>
      <trkpt lat="-22.386173" lon="-44.959774">
        <ele>1043.32</ele>
      </trkpt>
      <trkpt lat="-22.386172" lon="-44.95978">
        <ele>1043.22</ele>
      </trkpt>
      <trkpt lat="-22.386171" lon="-44.959785">
        <ele>1043.11</ele>
      </trkpt>
      <trkpt lat="-22.386171" lon="-44.959785">
        <ele>1043.01</ele>
      </trkpt>
      <trkpt lat="-22.386171" lon="-44.959785">
        <ele>1042.9</ele>
      </trkpt>
      <trkpt lat="-22.386171" lon="-44.959785">
        <ele>1042.79</ele>
      </trkpt>
      <trkpt lat="-22.386171" lon="-44.959785">
        <ele>1042.69</ele>
      </trkpt>
      <trkpt lat="-22.386171" lon="-44.959785">
        <ele>1042.58</ele>
      </trkpt>
      <trkpt lat="-22.386171" lon="-44.959785">
        <ele>1042.48</ele>
      </trkpt>
      <trkpt lat="-22.386171" lon="-44.959785">
        <ele>1042.37</ele>
      </trkpt>
      <trkpt lat="-22.386171" lon="-44.959785">
        <ele>1042.27</ele>
      </trkpt>
      <trkpt lat="-22.386171" lon="-44.959785">
        <ele>1042.16</ele>
      </trkpt>
      <trkpt lat="-22.386171" lon="-44.959785">
        <ele>1042.05</ele>
      </trkpt>
      <trkpt lat="-22.386171" lon="-44.959785">
        <ele>1041.95</ele>
      </trkpt>
      <trkpt lat="-22.386171" lon="-44.959785">
        <ele>1041.84</ele>
      </trkpt>
      <trkpt lat="-22.386171" lon="-44.959785">
        <ele>1041.74</ele>
      </trkpt>
      <trkpt lat="-22.386171" lon="-44.959785">
        <ele>1041.63</ele>
      </trkpt>
      <trkpt lat="-22.386171" lon="-44.959785">
        <ele>1041.53</ele>
      </trkpt>
      <trkpt lat="-22.386174" lon="-44.959798">
        <ele>1041.42</ele>
      </trkpt>
      <trkpt lat="-22.386177" lon="-44.959806">
        <ele>1041.31</ele>
      </trkpt>
      <trkpt lat="-22.38618" lon="-44.959814">
        <ele>1041.21</ele>
      </trkpt>
      <trkpt lat="-22.386182" lon="-44.959821">
        <ele>1041.1</ele>
      </trkpt>
      <trkpt lat="-22.386184" lon="-44.959829">
        <ele>1041</ele>
      </trkpt>
      <trkpt lat="-22.386184" lon="-44.959839">
        <ele>1040.89</ele>
      </trkpt>
      <trkpt lat="-22.386185" lon="-44.959849">
        <ele>1040.79</ele>
      </trkpt>
      <trkpt lat="-22.386185" lon="-44.959861">
        <ele>1040.5</ele>
      </trkpt>
      <trkpt lat="-22.386184" lon="-44.959873">
        <ele>1040.22</ele>
      </trkpt>
      <trkpt lat="-22.386184" lon="-44.959884">
        <ele>1039.94</ele>
      </trkpt>
      <trkpt lat="-22.386184" lon="-44.959896">
        <ele>1039.65</ele>
      </trkpt>
      <trkpt lat="-22.386184" lon="-44.959908">
        <ele>1039.37</ele>
      </trkpt>
      <trkpt lat="-22.386183" lon="-44.95992">
        <ele>1039.09</ele>
      </trkpt>
      <trkpt lat="-22.386182" lon="-44.959935">
        <ele>1038.8</ele>
      </trkpt>
      <trkpt lat="-22.38618" lon="-44.95995">
        <ele>1038.52</ele>
      </trkpt>
      <trkpt lat="-22.386178" lon="-44.959966">
        <ele>1038.24</ele>
      </trkpt>
      <trkpt lat="-22.386175" lon="-44.959982">
        <ele>1037.95</ele>
      </trkpt>
      <trkpt lat="-22.386173" lon="-44.959998">
        <ele>1037.67</ele>
      </trkpt>
      <trkpt lat="-22.386172" lon="-44.960015">
        <ele>1037.38</ele>
      </trkpt>
      <trkpt lat="-22.386171" lon="-44.960031">
        <ele>1037.08</ele>
      </trkpt>
      <trkpt lat="-22.38617" lon="-44.960047">
        <ele>1036.79</ele>
      </trkpt>
      <trkpt lat="-22.386172" lon="-44.960062">
        <ele>1036.5</ele>
      </trkpt>
      <trkpt lat="-22.386173" lon="-44.960076">
        <ele>1036.21</ele>
      </trkpt>
      <trkpt lat="-22.386177" lon="-44.960091">
        <ele>1035.91</ele>
      </trkpt>
      <trkpt lat="-22.386182" lon="-44.960106">
        <ele>1035.62</ele>
      </trkpt>
      <trkpt lat="-22.386189" lon="-44.960123">
        <ele>1035.33</ele>
      </trkpt>
      <trkpt lat="-22.386196" lon="-44.96014">
        <ele>1035.03</ele>
      </trkpt>
      <trkpt lat="-22.386206" lon="-44.960157">
        <ele>1034.78</ele>
      </trkpt>
      <trkpt lat="-22.386215" lon="-44.960173">
        <ele>1034.52</ele>
      </trkpt>
      <trkpt lat="-22.386226" lon="-44.960187">
        <ele>1034.26</ele>
      </trkpt>
      <trkpt lat="-22.386237" lon="-44.9602">
        <ele>1034</ele>
      </trkpt>
      <trkpt lat="-22.38625" lon="-44.96021">
        <ele>1033.74</ele>
      </trkpt>
      <trkpt lat="-22.386263" lon="-44.960219">
        <ele>1033.48</ele>
      </trkpt>
      <trkpt lat="-22.386277" lon="-44.960229">
        <ele>1033.22</ele>
      </trkpt>
      <trkpt lat="-22.386291" lon="-44.960239">
        <ele>1032.97</ele>
      </trkpt>
      <trkpt lat="-22.386304" lon="-44.96025">
        <ele>1032.71</ele>
      </trkpt>
      <trkpt lat="-22.386316" lon="-44.960261">
        <ele>1032.4</ele>
      </trkpt>
      <trkpt lat="-22.386327" lon="-44.960273">
        <ele>1032.09</ele>
      </trkpt>
      <trkpt lat="-22.386337" lon="-44.960285">
        <ele>1031.79</ele>
      </trkpt>
      <trkpt lat="-22.386345" lon="-44.960299">
        <ele>1031.48</ele>
      </trkpt>
      <trkpt lat="-22.386353" lon="-44.960312">
        <ele>1031.17</ele>
      </trkpt>
      <trkpt lat="-22.386359" lon="-44.960327">
        <ele>1030.86</ele>
      </trkpt>
      <trkpt lat="-22.386367" lon="-44.960342">
        <ele>1030.56</ele>
      </trkpt>
      <trkpt lat="-22.386372" lon="-44.960357">
        <ele>1030.25</ele>
      </trkpt>
      <trkpt lat="-22.386378" lon="-44.960373">
        <ele>1029.94</ele>
      </trkpt>
      <trkpt lat="-22.386386" lon="-44.960388">
        <ele>1029.61</ele>
      </trkpt>
      <trkpt lat="-22.386393" lon="-44.960404">
        <ele>1029.28</ele>
      </trkpt>
      <trkpt lat="-22.386403" lon="-44.960418">
        <ele>1028.95</ele>
      </trkpt>
      <trkpt lat="-22.386412" lon="-44.960433">
        <ele>1028.62</ele>
      </trkpt>
      <trkpt lat="-22.386421" lon="-44.960447">
        <ele>1028.29</ele>
      </trkpt>
      <trkpt lat="-22.38643" lon="-44.960462">
        <ele>1027.95</ele>
      </trkpt>
      <trkpt lat="-22.386436" lon="-44.960476">
        <ele>1027.62</ele>
      </trkpt>
      <trkpt lat="-22.386443" lon="-44.960489">
        <ele>1027.29</ele>
      </trkpt>
      <trkpt lat="-22.38645" lon="-44.960501">
        <ele>1026.96</ele>
      </trkpt>
      <trkpt lat="-22.386457" lon="-44.960512">
        <ele>1026.54</ele>
      </trkpt>
      <trkpt lat="-22.386468" lon="-44.960524">
        <ele>1026.11</ele>
      </trkpt>
      <trkpt lat="-22.386479" lon="-44.960536">
        <ele>1025.69</ele>
      </trkpt>
      <trkpt lat="-22.386491" lon="-44.96055">
        <ele>1025.27</ele>
      </trkpt>
      <trkpt lat="-22.386503" lon="-44.960564">
        <ele>1024.85</ele>
      </trkpt>
      <trkpt lat="-22.386516" lon="-44.960582">
        <ele>1024.42</ele>
      </trkpt>
      <trkpt lat="-22.38653" lon="-44.9606">
        <ele>1024</ele>
      </trkpt>
      <trkpt lat="-22.386542" lon="-44.96062">
        <ele>1023.58</ele>
      </trkpt>
      <trkpt lat="-22.386554" lon="-44.960641">
        <ele>1023.16</ele>
      </trkpt>
      <trkpt lat="-22.386563" lon="-44.96066">
        <ele>1022.74</ele>
      </trkpt>
      <trkpt lat="-22.386571" lon="-44.96068">
        <ele>1022.32</ele>
      </trkpt>
      <trkpt lat="-22.386578" lon="-44.960695">
        <ele>1021.91</ele>
      </trkpt>
      <trkpt lat="-22.386585" lon="-44.96071">
        <ele>1021.49</ele>
      </trkpt>
      <trkpt lat="-22.386593" lon="-44.960723">
        <ele>1021.07</ele>
      </trkpt>
      <trkpt lat="-22.386601" lon="-44.960735">
        <ele>1020.65</ele>
      </trkpt>
      <trkpt lat="-22.38661" lon="-44.96075">
        <ele>1020.23</ele>
      </trkpt>
      <trkpt lat="-22.386619" lon="-44.960765">
        <ele>1019.73</ele>
      </trkpt>
      <trkpt lat="-22.386628" lon="-44.960781">
        <ele>1019.22</ele>
      </trkpt>
      <trkpt lat="-22.386637" lon="-44.960798">
        <ele>1018.71</ele>
      </trkpt>
      <trkpt lat="-22.386648" lon="-44.960813">
        <ele>1018.2</ele>
      </trkpt>
      <trkpt lat="-22.386659" lon="-44.960829">
        <ele>1017.69</ele>
      </trkpt>
      <trkpt lat="-22.386674" lon="-44.96084">
        <ele>1017.18</ele>
      </trkpt>
      <trkpt lat="-22.386688" lon="-44.960852">
        <ele>1016.67</ele>
      </trkpt>
      <trkpt lat="-22.386705" lon="-44.960862">
        <ele>1016.16</ele>
      </trkpt>
      <trkpt lat="-22.386722" lon="-44.960872">
        <ele>1015.49</ele>
      </trkpt>
      <trkpt lat="-22.38674" lon="-44.960883">
        <ele>1014.83</ele>
      </trkpt>
      <trkpt lat="-22.386757" lon="-44.960894">
        <ele>1014.16</ele>
      </trkpt>
      <trkpt lat="-22.386775" lon="-44.960908">
        <ele>1013.49</ele>
      </trkpt>
      <trkpt lat="-22.386792" lon="-44.960921">
        <ele>1012.83</ele>
      </trkpt>
      <trkpt lat="-22.386807" lon="-44.960934">
        <ele>1012.16</ele>
      </trkpt>
      <trkpt lat="-22.386822" lon="-44.960946">
        <ele>1011.5</ele>
      </trkpt>
      <trkpt lat="-22.386834" lon="-44.960958">
        <ele>1010.99</ele>
      </trkpt>
      <trkpt lat="-22.386846" lon="-44.960969">
        <ele>1010.48</ele>
      </trkpt>
      <trkpt lat="-22.386858" lon="-44.960981">
        <ele>1009.97</ele>
      </trkpt>
      <trkpt lat="-22.38687" lon="-44.960992">
        <ele>1009.47</ele>
      </trkpt>
      <trkpt lat="-22.386883" lon="-44.961003">
        <ele>1008.96</ele>
      </trkpt>
      <trkpt lat="-22.386895" lon="-44.961013">
        <ele>1008.45</ele>
      </trkpt>
      <trkpt lat="-22.386908" lon="-44.961024">
        <ele>1007.94</ele>
      </trkpt>
      <trkpt lat="-22.38692" lon="-44.961035">
        <ele>1007.43</ele>
      </trkpt>
      <trkpt lat="-22.386934" lon="-44.961046">
        <ele>1006.93</ele>
      </trkpt>
      <trkpt lat="-22.386947" lon="-44.961056">
        <ele>1006.46</ele>
      </trkpt>
      <trkpt lat="-22.386961" lon="-44.961066">
        <ele>1005.99</ele>
      </trkpt>
      <trkpt lat="-22.386975" lon="-44.961075">
        <ele>1005.52</ele>
      </trkpt>
      <trkpt lat="-22.386989" lon="-44.961082">
        <ele>1005.04</ele>
      </trkpt>
      <trkpt lat="-22.387003" lon="-44.961089">
        <ele>1004.57</ele>
      </trkpt>
      <trkpt lat="-22.387017" lon="-44.961095">
        <ele>1004.1</ele>
      </trkpt>
      <trkpt lat="-22.38703" lon="-44.9611">
        <ele>1003.63</ele>
      </trkpt>
      <trkpt lat="-22.387044" lon="-44.961104">
        <ele>1003.16</ele>
      </trkpt>
      <trkpt lat="-22.387057" lon="-44.961108">
        <ele>1002.69</ele>
      </trkpt>
      <trkpt lat="-22.387068" lon="-44.961112">
        <ele>1002.53</ele>
      </trkpt>
      <trkpt lat="-22.387079" lon="-44.961116">
        <ele>1002.36</ele>
      </trkpt>
      <trkpt lat="-22.387087" lon="-44.96112">
        <ele>1002.19</ele>
      </trkpt>
      <trkpt lat="-22.387095" lon="-44.961124">
        <ele>1002.03</ele>
      </trkpt>
      <trkpt lat="-22.387102" lon="-44.961129">
        <ele>1001.86</ele>
      </trkpt>
      <trkpt lat="-22.38711" lon="-44.961134">
        <ele>1001.7</ele>
      </trkpt>
      <trkpt lat="-22.387119" lon="-44.96114">
        <ele>1001.53</ele>
      </trkpt>
      <trkpt lat="-22.387128" lon="-44.961146">
        <ele>1001.36</ele>
      </trkpt>
      <trkpt lat="-22.387137" lon="-44.961153">
        <ele>1001.2</ele>
      </trkpt>
      <trkpt lat="-22.387147" lon="-44.96116">
        <ele>1001.03</ele>
      </trkpt>
      <trkpt lat="-22.387147" lon="-44.96116">
        <ele>1000.87</ele>
      </trkpt>
      <trkpt lat="-22.387147" lon="-44.96116">
        <ele>1000.7</ele>
      </trkpt>
      <trkpt lat="-22.387147" lon="-44.96116">
        <ele>1000.53</ele>
      </trkpt>
      <trkpt lat="-22.387147" lon="-44.96116">
        <ele>1000.37</ele>
      </trkpt>
      <trkpt lat="-22.387147" lon="-44.96116">
        <ele>1000.2</ele>
      </trkpt>
      <trkpt lat="-22.387147" lon="-44.96116">
        <ele>1000.04</ele>
      </trkpt>
      <trkpt lat="-22.387147" lon="-44.96116">
        <ele>999.87</ele>
      </trkpt>
      <trkpt lat="-22.387147" lon="-44.96116">
        <ele>999.71</ele>
      </trkpt>
      <trkpt lat="-22.387147" lon="-44.96116">
        <ele>999.54</ele>
      </trkpt>
      <trkpt lat="-22.387147" lon="-44.96116">
        <ele>999.37</ele>
      </trkpt>
      <trkpt lat="-22.387147" lon="-44.96116">
        <ele>999.21</ele>
      </trkpt>
      <trkpt lat="-22.387147" lon="-44.96116">
        <ele>999.04</ele>
      </trkpt>
      <trkpt lat="-22.387168" lon="-44.96118">
        <ele>998.88</ele>
      </trkpt>
      <trkpt lat="-22.387176" lon="-44.96119">
        <ele>998.71</ele>
      </trkpt>
      <trkpt lat="-22.387185" lon="-44.9612">
        <ele>998.31</ele>
      </trkpt>
      <trkpt lat="-22.387191" lon="-44.961214">
        <ele>997.92</ele>
      </trkpt>
      <trkpt lat="-22.387198" lon="-44.961229">
        <ele>997.52</ele>
      </trkpt>
      <trkpt lat="-22.387207" lon="-44.96125">
        <ele>997.12</ele>
      </trkpt>
      <trkpt lat="-22.387217" lon="-44.961271">
        <ele>996.73</ele>
      </trkpt>
      <trkpt lat="-22.38723" lon="-44.961296">
        <ele>996.33</ele>
      </trkpt>
      <trkpt lat="-22.387243" lon="-44.96132">
        <ele>995.93</ele>
      </trkpt>
      <trkpt lat="-22.387257" lon="-44.961347">
        <ele>995.29</ele>
      </trkpt>
      <trkpt lat="-22.38727" lon="-44.961374">
        <ele>994.65</ele>
      </trkpt>
      <trkpt lat="-22.387283" lon="-44.961402">
        <ele>994.01</ele>
      </trkpt>
      <trkpt lat="-22.387295" lon="-44.961429">
        <ele>993.38</ele>
      </trkpt>
      <trkpt lat="-22.387306" lon="-44.961455">
        <ele>992.74</ele>
      </trkpt>
      <trkpt lat="-22.387318" lon="-44.961481">
        <ele>992.15</ele>
      </trkpt>
      <trkpt lat="-22.38733" lon="-44.961504">
        <ele>991.57</ele>
      </trkpt>
      <trkpt lat="-22.387343" lon="-44.961527">
        <ele>990.99</ele>
      </trkpt>
      <trkpt lat="-22.387356" lon="-44.961544">
        <ele>990.41</ele>
      </trkpt>
      <trkpt lat="-22.38737" lon="-44.961562">
        <ele>989.83</ele>
      </trkpt>
      <trkpt lat="-22.387387" lon="-44.961572">
        <ele>989.25</ele>
      </trkpt>
      <trkpt lat="-22.387404" lon="-44.961582">
        <ele>988.68</ele>
      </trkpt>
      <trkpt lat="-22.387423" lon="-44.961585">
        <ele>988.12</ele>
      </trkpt>
      <trkpt lat="-22.387442" lon="-44.961588">
        <ele>987.56</ele>
      </trkpt>
      <trkpt lat="-22.387462" lon="-44.961586">
        <ele>986.99</ele>
      </trkpt>
      <trkpt lat="-22.387483" lon="-44.961584">
        <ele>986.43</ele>
      </trkpt>
      <trkpt lat="-22.387502" lon="-44.961581">
        <ele>985.87</ele>
      </trkpt>
      <trkpt lat="-22.387522" lon="-44.961579">
        <ele>985.3</ele>
      </trkpt>
      <trkpt lat="-22.38754" lon="-44.961576">
        <ele>984.9</ele>
      </trkpt>
      <trkpt lat="-22.387558" lon="-44.961574">
        <ele>984.49</ele>
      </trkpt>
      <trkpt lat="-22.387575" lon="-44.96157">
        <ele>984.08</ele>
      </trkpt>
      <trkpt lat="-22.387591" lon="-44.961566">
        <ele>983.67</ele>
      </trkpt>
      <trkpt lat="-22.387606" lon="-44.961556">
        <ele>983.27</ele>
      </trkpt>
      <trkpt lat="-22.387621" lon="-44.961546">
        <ele>982.86</ele>
      </trkpt>
      <trkpt lat="-22.387633" lon="-44.961531">
        <ele>982.45</ele>
      </trkpt>
      <trkpt lat="-22.387645" lon="-44.961516">
        <ele>982.05</ele>
      </trkpt>
      <trkpt lat="-22.387655" lon="-44.961498">
        <ele>982.06</ele>
      </trkpt>
      <trkpt lat="-22.387665" lon="-44.961481">
        <ele>982.08</ele>
      </trkpt>
      <trkpt lat="-22.387674" lon="-44.961463">
        <ele>982.1</ele>
      </trkpt>
      <trkpt lat="-22.387683" lon="-44.961446">
        <ele>982.12</ele>
      </trkpt>
      <trkpt lat="-22.387693" lon="-44.961429">
        <ele>982.14</ele>
      </trkpt>
      <trkpt lat="-22.387702" lon="-44.961413">
        <ele>982.16</ele>
      </trkpt>
      <trkpt lat="-22.387712" lon="-44.961396">
        <ele>982.18</ele>
      </trkpt>
      <trkpt lat="-22.387721" lon="-44.96138">
        <ele>982.2</ele>
      </trkpt>
      <trkpt lat="-22.387731" lon="-44.961365">
        <ele>982</ele>
      </trkpt>
      <trkpt lat="-22.38774" lon="-44.96135">
        <ele>981.81</ele>
      </trkpt>
      <trkpt lat="-22.387748" lon="-44.961338">
        <ele>981.61</ele>
      </trkpt>
      <trkpt lat="-22.387756" lon="-44.961326">
        <ele>981.42</ele>
      </trkpt>
      <trkpt lat="-22.387763" lon="-44.961316">
        <ele>981.22</ele>
      </trkpt>
      <trkpt lat="-22.38777" lon="-44.961306">
        <ele>981.03</ele>
      </trkpt>
      <trkpt lat="-22.387775" lon="-44.961298">
        <ele>980.83</ele>
      </trkpt>
      <trkpt lat="-22.38778" lon="-44.961289">
        <ele>980.63</ele>
      </trkpt>
      <trkpt lat="-22.387785" lon="-44.96128">
        <ele>980.44</ele>
      </trkpt>
      <trkpt lat="-22.387789" lon="-44.961272">
        <ele>980.24</ele>
      </trkpt>
      <trkpt lat="-22.387794" lon="-44.961263">
        <ele>980.05</ele>
      </trkpt>
      <trkpt lat="-22.387798" lon="-44.961255">
        <ele>979.85</ele>
      </trkpt>
      <trkpt lat="-22.387805" lon="-44.961247">
        <ele>979.48</ele>
      </trkpt>
      <trkpt lat="-22.387811" lon="-44.96124">
        <ele>979.11</ele>
      </trkpt>
      <trkpt lat="-22.38782" lon="-44.961234">
        <ele>978.74</ele>
      </trkpt>
      <trkpt lat="-22.387828" lon="-44.961228">
        <ele>978.36</ele>
      </trkpt>
      <trkpt lat="-22.387837" lon="-44.961222">
        <ele>977.99</ele>
      </trkpt>
      <trkpt lat="-22.387846" lon="-44.961216">
        <ele>977.62</ele>
      </trkpt>
      <trkpt lat="-22.387857" lon="-44.96121">
        <ele>977.25</ele>
      </trkpt>
      <trkpt lat="-22.387868" lon="-44.961204">
        <ele>976.88</ele>
      </trkpt>
      <trkpt lat="-22.38788" lon="-44.961198">
        <ele>976.5</ele>
      </trkpt>
      <trkpt lat="-22.387892" lon="-44.961192">
        <ele>976.13</ele>
      </trkpt>
      <trkpt lat="-22.387906" lon="-44.961187">
        <ele>975.76</ele>
      </trkpt>
      <trkpt lat="-22.38792" lon="-44.961181">
        <ele>975.39</ele>
      </trkpt>
      <trkpt lat="-22.387936" lon="-44.961177">
        <ele>974.84</ele>
      </trkpt>
      <trkpt lat="-22.387951" lon="-44.961172">
        <ele>974.29</ele>
      </trkpt>
      <trkpt lat="-22.387966" lon="-44.961167">
        <ele>973.74</ele>
      </trkpt>
      <trkpt lat="-22.387982" lon="-44.961162">
        <ele>973.19</ele>
      </trkpt>
      <trkpt lat="-22.387995" lon="-44.961154">
        <ele>972.64</ele>
      </trkpt>
      <trkpt lat="-22.388008" lon="-44.961147">
        <ele>972.09</ele>
      </trkpt>
      <trkpt lat="-22.388021" lon="-44.961138">
        <ele>971.54</ele>
      </trkpt>
      <trkpt lat="-22.388033" lon="-44.961129">
        <ele>970.99</ele>
      </trkpt>
      <trkpt lat="-22.388044" lon="-44.96112">
        <ele>970.44</ele>
      </trkpt>
      <trkpt lat="-22.388055" lon="-44.96111">
        <ele>969.99</ele>
      </trkpt>
      <trkpt lat="-22.388065" lon="-44.9611">
        <ele>969.54</ele>
      </trkpt>
      <trkpt lat="-22.388074" lon="-44.96109">
        <ele>969.09</ele>
      </trkpt>
      <trkpt lat="-22.388083" lon="-44.961078">
        <ele>968.64</ele>
      </trkpt>
      <trkpt lat="-22.388093" lon="-44.961066">
        <ele>968.19</ele>
      </trkpt>
      <trkpt lat="-22.388102" lon="-44.961054">
        <ele>967.74</ele>
      </trkpt>
      <trkpt lat="-22.388111" lon="-44.961041">
        <ele>967.29</ele>
      </trkpt>
      <trkpt lat="-22.388121" lon="-44.96103">
        <ele>966.84</ele>
      </trkpt>
      <trkpt lat="-22.388131" lon="-44.961019">
        <ele>966.39</ele>
      </trkpt>
      <trkpt lat="-22.388143" lon="-44.961012">
        <ele>965.94</ele>
      </trkpt>
      <trkpt lat="-22.388155" lon="-44.961005">
        <ele>965.23</ele>
      </trkpt>
      <trkpt lat="-22.388169" lon="-44.961002">
        <ele>964.53</ele>
      </trkpt>
      <trkpt lat="-22.388183" lon="-44.960999">
        <ele>963.83</ele>
      </trkpt>
      <trkpt lat="-22.388198" lon="-44.960998">
        <ele>963.12</ele>
      </trkpt>
      <trkpt lat="-22.388214" lon="-44.960998">
        <ele>962.42</ele>
      </trkpt>
      <trkpt lat="-22.388231" lon="-44.961">
        <ele>961.71</ele>
      </trkpt>
      <trkpt lat="-22.388249" lon="-44.961003">
        <ele>961.01</ele>
      </trkpt>
      <trkpt lat="-22.388269" lon="-44.961006">
        <ele>960.3</ele>
      </trkpt>
      <trkpt lat="-22.388289" lon="-44.96101">
        <ele>959.6</ele>
      </trkpt>
      <trkpt lat="-22.388309" lon="-44.961012">
        <ele>958.76</ele>
      </trkpt>
      <trkpt lat="-22.388329" lon="-44.961014">
        <ele>957.93</ele>
      </trkpt>
      <trkpt lat="-22.388349" lon="-44.961012">
        <ele>957.09</ele>
      </trkpt>
      <trkpt lat="-22.388369" lon="-44.961009">
        <ele>956.25</ele>
      </trkpt>
      <trkpt lat="-22.388387" lon="-44.961005">
        <ele>955.42</ele>
      </trkpt>
      <trkpt lat="-22.388405" lon="-44.961001">
        <ele>954.58</ele>
      </trkpt>
      <trkpt lat="-22.388421" lon="-44.961003">
        <ele>953.74</ele>
      </trkpt>
      <trkpt lat="-22.388437" lon="-44.961005">
        <ele>952.91</ele>
      </trkpt>
      <trkpt lat="-22.388452" lon="-44.96101">
        <ele>952.8</ele>
      </trkpt>
      <trkpt lat="-22.388467" lon="-44.961014">
        <ele>952.69</ele>
      </trkpt>
      <trkpt lat="-22.388477" lon="-44.961012">
        <ele>952.58</ele>
      </trkpt>
      <trkpt lat="-22.388487" lon="-44.961009">
        <ele>952.47</ele>
      </trkpt>
      <trkpt lat="-22.38849" lon="-44.960999">
        <ele>952.36</ele>
      </trkpt>
      <trkpt lat="-22.388493" lon="-44.960989">
        <ele>952.25</ele>
      </trkpt>
      <trkpt lat="-22.388491" lon="-44.960975">
        <ele>952.15</ele>
      </trkpt>
      <trkpt lat="-22.388489" lon="-44.960961">
        <ele>952.04</ele>
      </trkpt>
      <trkpt lat="-22.388483" lon="-44.960948">
        <ele>951.93</ele>
      </trkpt>
      <trkpt lat="-22.388477" lon="-44.960934">
        <ele>951.82</ele>
      </trkpt>
      <trkpt lat="-22.388467" lon="-44.960923">
        <ele>951.71</ele>
      </trkpt>
      <trkpt lat="-22.388458" lon="-44.960912">
        <ele>952.11</ele>
      </trkpt>
      <trkpt lat="-22.388446" lon="-44.960905">
        <ele>952.51</ele>
      </trkpt>
      <trkpt lat="-22.388435" lon="-44.960898">
        <ele>952.91</ele>
      </trkpt>
      <trkpt lat="-22.388423" lon="-44.960893">
        <ele>953.31</ele>
      </trkpt>
      <trkpt lat="-22.388412" lon="-44.960888">
        <ele>953.71</ele>
      </trkpt>
      <trkpt lat="-22.388403" lon="-44.960883">
        <ele>954.11</ele>
      </trkpt>
      <trkpt lat="-22.388393" lon="-44.960878">
        <ele>954.51</ele>
      </trkpt>
      <trkpt lat="-22.388385" lon="-44.960873">
        <ele>954.91</ele>
      </trkpt>
      <trkpt lat="-22.388377" lon="-44.960867">
        <ele>955.31</ele>
      </trkpt>
      <trkpt lat="-22.388369" lon="-44.960861">
        <ele>955.71</ele>
      </trkpt>
      <trkpt lat="-22.38836" lon="-44.960856">
        <ele>956.11</ele>
      </trkpt>
      <trkpt lat="-22.388352" lon="-44.96085">
        <ele>956.52</ele>
      </trkpt>
      <trkpt lat="-22.388343" lon="-44.960845">
        <ele>956.92</ele>
      </trkpt>
      <trkpt lat="-22.388332" lon="-44.960838">
        <ele>957.17</ele>
      </trkpt>
      <trkpt lat="-22.388321" lon="-44.96083">
        <ele>957.43</ele>
      </trkpt>
      <trkpt lat="-22.38831" lon="-44.960822">
        <ele>957.69</ele>
      </trkpt>
      <trkpt lat="-22.388299" lon="-44.960813">
        <ele>957.95</ele>
      </trkpt>
      <trkpt lat="-22.38829" lon="-44.960802">
        <ele>958.21</ele>
      </trkpt>
      <trkpt lat="-22.388281" lon="-44.960791">
        <ele>958.47</ele>
      </trkpt>
      <trkpt lat="-22.388274" lon="-44.960779">
        <ele>958.73</ele>
      </trkpt>
      <trkpt lat="-22.388267" lon="-44.960766">
        <ele>958.99</ele>
      </trkpt>
      <trkpt lat="-22.388261" lon="-44.960754">
        <ele>959.25</ele>
      </trkpt>
      <trkpt lat="-22.388255" lon="-44.960742">
        <ele>959.51</ele>
      </trkpt>
      <trkpt lat="-22.388246" lon="-44.96073">
        <ele>959.77</ele>
      </trkpt>
      <trkpt lat="-22.388238" lon="-44.960719">
        <ele>960.11</ele>
      </trkpt>
      <trkpt lat="-22.388226" lon="-44.96071">
        <ele>960.45</ele>
      </trkpt>
      <trkpt lat="-22.388214" lon="-44.960701">
        <ele>960.79</ele>
      </trkpt>
      <trkpt lat="-22.3882" lon="-44.960694">
        <ele>961.13</ele>
      </trkpt>
      <trkpt lat="-22.388187" lon="-44.960687">
        <ele>961.48</ele>
      </trkpt>
      <trkpt lat="-22.388174" lon="-44.960682">
        <ele>961.82</ele>
      </trkpt>
      <trkpt lat="-22.388161" lon="-44.960677">
        <ele>962.16</ele>
      </trkpt>
      <trkpt lat="-22.38815" lon="-44.960673">
        <ele>962.5</ele>
      </trkpt>
      <trkpt lat="-22.38814" lon="-44.960668">
        <ele>962.84</ele>
      </trkpt>
      <trkpt lat="-22.388131" lon="-44.960663">
        <ele>963.18</ele>
      </trkpt>
      <trkpt lat="-22.388122" lon="-44.960657">
        <ele>963.53</ele>
      </trkpt>
      <trkpt lat="-22.388114" lon="-44.960649">
        <ele>963.65</ele>
      </trkpt>
      <trkpt lat="-22.388106" lon="-44.960641">
        <ele>963.78</ele>
      </trkpt>
      <trkpt lat="-22.388097" lon="-44.960632">
        <ele>963.91</ele>
      </trkpt>
      <trkpt lat="-22.388089" lon="-44.960622">
        <ele>964.04</ele>
      </trkpt>
      <trkpt lat="-22.388081" lon="-44.960612">
        <ele>964.16</ele>
      </trkpt>
      <trkpt lat="-22.388073" lon="-44.960603">
        <ele>964.29</ele>
      </trkpt>
      <trkpt lat="-22.388066" lon="-44.960593">
        <ele>964.42</ele>
      </trkpt>
      <trkpt lat="-22.388059" lon="-44.960583">
        <ele>964.54</ele>
      </trkpt>
      <trkpt lat="-22.388053" lon="-44.960574">
        <ele>964.67</ele>
      </trkpt>
      <trkpt lat="-22.388048" lon="-44.960564">
        <ele>964.8</ele>
      </trkpt>
      <trkpt lat="-22.388043" lon="-44.960553">
        <ele>964.93</ele>
      </trkpt>
      <trkpt lat="-22.388039" lon="-44.960542">
        <ele>965.05</ele>
      </trkpt>
      <trkpt lat="-22.388035" lon="-44.960527">
        <ele>964.98</ele>
      </trkpt>
      <trkpt lat="-22.388032" lon="-44.960513">
        <ele>964.9</ele>
      </trkpt>
      <trkpt lat="-22.388031" lon="-44.960506">
        <ele>964.82</ele>
      </trkpt>
      <trkpt lat="-22.388029" lon="-44.960499">
        <ele>964.74</ele>
      </trkpt>
      <trkpt lat="-22.388028" lon="-44.960489">
        <ele>964.66</ele>
      </trkpt>
      <trkpt lat="-22.388026" lon="-44.960479">
        <ele>964.58</ele>
      </trkpt>
      <trkpt lat="-22.388024" lon="-44.960472">
        <ele>964.51</ele>
      </trkpt>
      <trkpt lat="-22.388022" lon="-44.960465">
        <ele>964.43</ele>
      </trkpt>
      <trkpt lat="-22.388022" lon="-44.960456">
        <ele>964.35</ele>
      </trkpt>
      <trkpt lat="-22.388022" lon="-44.960447">
        <ele>964.27</ele>
      </trkpt>
      <trkpt lat="-22.388023" lon="-44.960437">
        <ele>964.19</ele>
      </trkpt>
      <trkpt lat="-22.388024" lon="-44.960427">
        <ele>964.11</ele>
      </trkpt>
      <trkpt lat="-22.388028" lon="-44.960414">
        <ele>964.04</ele>
      </trkpt>
      <trkpt lat="-22.388032" lon="-44.960402">
        <ele>963.96</ele>
      </trkpt>
      <trkpt lat="-22.388039" lon="-44.960389">
        <ele>963.88</ele>
      </trkpt>
      <trkpt lat="-22.388045" lon="-44.960375">
        <ele>963.37</ele>
      </trkpt>
      <trkpt lat="-22.388054" lon="-44.960362">
        <ele>962.86</ele>
      </trkpt>
      <trkpt lat="-22.388062" lon="-44.960348">
        <ele>962.35</ele>
      </trkpt>
      <trkpt lat="-22.388072" lon="-44.960334">
        <ele>961.85</ele>
      </trkpt>
      <trkpt lat="-22.388082" lon="-44.960321">
        <ele>961.34</ele>
      </trkpt>
      <trkpt lat="-22.388092" lon="-44.960307">
        <ele>960.83</ele>
      </trkpt>
      <trkpt lat="-22.388102" lon="-44.960294">
        <ele>960.32</ele>
      </trkpt>
      <trkpt lat="-22.388112" lon="-44.960281">
        <ele>959.81</ele>
      </trkpt>
      <trkpt lat="-22.388121" lon="-44.960269">
        <ele>959.31</ele>
      </trkpt>
      <trkpt lat="-22.38813" lon="-44.96026">
        <ele>959.16</ele>
      </trkpt>
      <trkpt lat="-22.38814" lon="-44.96025">
        <ele>959.02</ele>
      </trkpt>
      <trkpt lat="-22.388149" lon="-44.960242">
        <ele>958.87</ele>
      </trkpt>
      <trkpt lat="-22.388158" lon="-44.960234">
        <ele>958.73</ele>
      </trkpt>
      <trkpt lat="-22.388167" lon="-44.960226">
        <ele>958.58</ele>
      </trkpt>
      <trkpt lat="-22.388176" lon="-44.960218">
        <ele>958.44</ele>
      </trkpt>
      <trkpt lat="-22.388185" lon="-44.960211">
        <ele>958.29</ele>
      </trkpt>
      <trkpt lat="-22.388194" lon="-44.960205">
        <ele>958.15</ele>
      </trkpt>
      <trkpt lat="-22.388194" lon="-44.960205">
        <ele>958</ele>
      </trkpt>
      <trkpt lat="-22.388194" lon="-44.960205">
        <ele>957.86</ele>
      </trkpt>
      <trkpt lat="-22.388194" lon="-44.960205">
        <ele>957.71</ele>
      </trkpt>
      <trkpt lat="-22.388194" lon="-44.960205">
        <ele>957.57</ele>
      </trkpt>
      <trkpt lat="-22.388194" lon="-44.960205">
        <ele>957.42</ele>
      </trkpt>
      <trkpt lat="-22.388194" lon="-44.960205">
        <ele>957.28</ele>
      </trkpt>
      <trkpt lat="-22.388194" lon="-44.960205">
        <ele>957.13</ele>
      </trkpt>
      <trkpt lat="-22.388194" lon="-44.960205">
        <ele>956.99</ele>
      </trkpt>
      <trkpt lat="-22.388194" lon="-44.960205">
        <ele>956.85</ele>
      </trkpt>
      <trkpt lat="-22.388194" lon="-44.960205">
        <ele>956.7</ele>
      </trkpt>
      <trkpt lat="-22.388194" lon="-44.960205">
        <ele>956.56</ele>
      </trkpt>
      <trkpt lat="-22.388194" lon="-44.960205">
        <ele>956.41</ele>
      </trkpt>
      <trkpt lat="-22.388194" lon="-44.960205">
        <ele>956.27</ele>
      </trkpt>
      <trkpt lat="-22.388194" lon="-44.960205">
        <ele>956.12</ele>
      </trkpt>
      <trkpt lat="-22.388194" lon="-44.960205">
        <ele>955.98</ele>
      </trkpt>
      <trkpt lat="-22.388194" lon="-44.960205">
        <ele>955.83</ele>
      </trkpt>
      <trkpt lat="-22.388194" lon="-44.960205">
        <ele>955.69</ele>
      </trkpt>
      <trkpt lat="-22.388207" lon="-44.960188">
        <ele>955.54</ele>
      </trkpt>
      <trkpt lat="-22.388216" lon="-44.960176">
        <ele>955.4</ele>
      </trkpt>
      <trkpt lat="-22.388225" lon="-44.960165">
        <ele>955.25</ele>
      </trkpt>
      <trkpt lat="-22.388233" lon="-44.960157">
        <ele>955.14</ele>
      </trkpt>
      <trkpt lat="-22.388241" lon="-44.960149">
        <ele>955.03</ele>
      </trkpt>
      <trkpt lat="-22.38825" lon="-44.96014">
        <ele>954.92</ele>
      </trkpt>
      <trkpt lat="-22.388258" lon="-44.960131">
        <ele>954.81</ele>
      </trkpt>
      <trkpt lat="-22.388267" lon="-44.960122">
        <ele>954.7</ele>
      </trkpt>
      <trkpt lat="-22.388276" lon="-44.960112">
        <ele>954.59</ele>
      </trkpt>
      <trkpt lat="-22.388283" lon="-44.960103">
        <ele>954.48</ele>
      </trkpt>
      <trkpt lat="-22.388291" lon="-44.960094">
        <ele>954.37</ele>
      </trkpt>
      <trkpt lat="-22.388298" lon="-44.960086">
        <ele>954.25</ele>
      </trkpt>
      <trkpt lat="-22.388305" lon="-44.960077">
        <ele>954.14</ele>
      </trkpt>
      <trkpt lat="-22.388313" lon="-44.960068">
        <ele>954.03</ele>
      </trkpt>
      <trkpt lat="-22.38832" lon="-44.96006">
        <ele>953.92</ele>
      </trkpt>
      <trkpt lat="-22.388329" lon="-44.960051">
        <ele>953.79</ele>
      </trkpt>
      <trkpt lat="-22.388337" lon="-44.960043">
        <ele>953.67</ele>
      </trkpt>
      <trkpt lat="-22.388348" lon="-44.960034">
        <ele>953.54</ele>
      </trkpt>
      <trkpt lat="-22.388358" lon="-44.960026">
        <ele>953.41</ele>
      </trkpt>
      <trkpt lat="-22.388369" lon="-44.960017">
        <ele>953.28</ele>
      </trkpt>
      <trkpt lat="-22.38838" lon="-44.960008">
        <ele>953.16</ele>
      </trkpt>
      <trkpt lat="-22.38839" lon="-44.959999">
        <ele>953.03</ele>
      </trkpt>
      <trkpt lat="-22.3884" lon="-44.95999">
        <ele>952.9</ele>
      </trkpt>
      <trkpt lat="-22.38841" lon="-44.959981">
        <ele>952.77</ele>
      </trkpt>
      <trkpt lat="-22.38842" lon="-44.959973">
        <ele>952.64</ele>
      </trkpt>
      <trkpt lat="-22.388431" lon="-44.959966">
        <ele>952.52</ele>
      </trkpt>
      <trkpt lat="-22.388442" lon="-44.95996">
        <ele>952.27</ele>
      </trkpt>
      <trkpt lat="-22.388453" lon="-44.959955">
        <ele>952.03</ele>
      </trkpt>
      <trkpt lat="-22.388465" lon="-44.959951">
        <ele>951.79</ele>
      </trkpt>
      <trkpt lat="-22.388477" lon="-44.959948">
        <ele>951.55</ele>
      </trkpt>
      <trkpt lat="-22.388489" lon="-44.959945">
        <ele>951.3</ele>
      </trkpt>
      <trkpt lat="-22.388501" lon="-44.959945">
        <ele>951.06</ele>
      </trkpt>
      <trkpt lat="-22.388513" lon="-44.959944">
        <ele>950.82</ele>
      </trkpt>
      <trkpt lat="-22.388525" lon="-44.959947">
        <ele>950.57</ele>
      </trkpt>
      <trkpt lat="-22.388536" lon="-44.959951">
        <ele>950.33</ele>
      </trkpt>
      <trkpt lat="-22.388548" lon="-44.959955">
        <ele>950.09</ele>
      </trkpt>
      <trkpt lat="-22.388559" lon="-44.959959">
        <ele>949.84</ele>
      </trkpt>
      <trkpt lat="-22.38857" lon="-44.959961">
        <ele>949.6</ele>
      </trkpt>
      <trkpt lat="-22.38858" lon="-44.959963">
        <ele>949.43</ele>
      </trkpt>
      <trkpt lat="-22.388591" lon="-44.959966">
        <ele>949.25</ele>
      </trkpt>
      <trkpt lat="-22.388601" lon="-44.959968">
        <ele>949.08</ele>
      </trkpt>
      <trkpt lat="-22.388611" lon="-44.959973">
        <ele>948.9</ele>
      </trkpt>
      <trkpt lat="-22.388621" lon="-44.959977">
        <ele>948.73</ele>
      </trkpt>
      <trkpt lat="-22.388631" lon="-44.959979">
        <ele>948.55</ele>
      </trkpt>
      <trkpt lat="-22.388642" lon="-44.959981">
        <ele>948.38</ele>
      </trkpt>
      <trkpt lat="-22.388653" lon="-44.959979">
        <ele>948.2</ele>
      </trkpt>
      <trkpt lat="-22.388664" lon="-44.959978">
        <ele>948.02</ele>
      </trkpt>
      <trkpt lat="-22.388675" lon="-44.959975">
        <ele>947.85</ele>
      </trkpt>
      <trkpt lat="-22.388686" lon="-44.959971">
        <ele>947.67</ele>
      </trkpt>
      <trkpt lat="-22.388697" lon="-44.959967">
        <ele>947.5</ele>
      </trkpt>
      <trkpt lat="-22.388707" lon="-44.959963">
        <ele>947.32</ele>
      </trkpt>
      <trkpt lat="-22.388717" lon="-44.959959">
        <ele>947.31</ele>
      </trkpt>
      <trkpt lat="-22.388727" lon="-44.959955">
        <ele>947.3</ele>
      </trkpt>
      <trkpt lat="-22.388737" lon="-44.959953">
        <ele>947.28</ele>
      </trkpt>
      <trkpt lat="-22.388747" lon="-44.95995">
        <ele>947.27</ele>
      </trkpt>
      <trkpt lat="-22.388747" lon="-44.95995">
        <ele>947.26</ele>
      </trkpt>
      <trkpt lat="-22.388747" lon="-44.95995">
        <ele>947.25</ele>
      </trkpt>
      <trkpt lat="-22.388747" lon="-44.95995">
        <ele>947.23</ele>
      </trkpt>
      <trkpt lat="-22.388747" lon="-44.95995">
        <ele>947.22</ele>
      </trkpt>
      <trkpt lat="-22.388747" lon="-44.95995">
        <ele>947.21</ele>
      </trkpt>
      <trkpt lat="-22.388747" lon="-44.95995">
        <ele>947.19</ele>
      </trkpt>
      <trkpt lat="-22.388747" lon="-44.95995">
        <ele>947.18</ele>
      </trkpt>
      <trkpt lat="-22.388747" lon="-44.95995">
        <ele>947.17</ele>
      </trkpt>
      <trkpt lat="-22.388747" lon="-44.95995">
        <ele>947.15</ele>
      </trkpt>
      <trkpt lat="-22.388747" lon="-44.95995">
        <ele>947.14</ele>
      </trkpt>
      <trkpt lat="-22.388747" lon="-44.95995">
        <ele>947.13</ele>
      </trkpt>
      <trkpt lat="-22.388766" lon="-44.959948">
        <ele>947.11</ele>
      </trkpt>
      <trkpt lat="-22.388772" lon="-44.959947">
        <ele>947.1</ele>
      </trkpt>
      <trkpt lat="-22.388777" lon="-44.959945">
        <ele>947.09</ele>
      </trkpt>
      <trkpt lat="-22.388782" lon="-44.959941">
        <ele>947.07</ele>
      </trkpt>
      <trkpt lat="-22.388787" lon="-44.959937">
        <ele>947.06</ele>
      </trkpt>
      <trkpt lat="-22.388795" lon="-44.959932">
        <ele>947.05</ele>
      </trkpt>
      <trkpt lat="-22.388804" lon="-44.959926">
        <ele>947.03</ele>
      </trkpt>
      <trkpt lat="-22.388814" lon="-44.959921">
        <ele>947.02</ele>
      </trkpt>
      <trkpt lat="-22.388825" lon="-44.959915">
        <ele>947.01</ele>
      </trkpt>
      <trkpt lat="-22.388838" lon="-44.95991">
        <ele>947</ele>
      </trkpt>
      <trkpt lat="-22.38885" lon="-44.959905">
        <ele>947.01</ele>
      </trkpt>
      <trkpt lat="-22.388863" lon="-44.9599">
        <ele>947.02</ele>
      </trkpt>
      <trkpt lat="-22.388876" lon="-44.959896">
        <ele>947.03</ele>
      </trkpt>
      <trkpt lat="-22.38889" lon="-44.959893">
        <ele>947.04</ele>
      </trkpt>
      <trkpt lat="-22.388903" lon="-44.959889">
        <ele>947.05</ele>
      </trkpt>
      <trkpt lat="-22.388917" lon="-44.959885">
        <ele>947.06</ele>
      </trkpt>
      <trkpt lat="-22.388931" lon="-44.95988">
        <ele>947.07</ele>
      </trkpt>
      <trkpt lat="-22.388945" lon="-44.959875">
        <ele>947.08</ele>
      </trkpt>
      <trkpt lat="-22.388958" lon="-44.95987">
        <ele>947.09</ele>
      </trkpt>
      <trkpt lat="-22.388971" lon="-44.959863">
        <ele>947.1</ele>
      </trkpt>
      <trkpt lat="-22.388984" lon="-44.959857">
        <ele>947.28</ele>
      </trkpt>
      <trkpt lat="-22.388997" lon="-44.95985">
        <ele>947.45</ele>
      </trkpt>
      <trkpt lat="-22.38901" lon="-44.959843">
        <ele>947.63</ele>
      </trkpt>
      <trkpt lat="-22.389023" lon="-44.959836">
        <ele>947.81</ele>
      </trkpt>
      <trkpt lat="-22.389037" lon="-44.95983">
        <ele>947.99</ele>
      </trkpt>
      <trkpt lat="-22.38905" lon="-44.959825">
        <ele>948.17</ele>
      </trkpt>
      <trkpt lat="-22.389064" lon="-44.95982">
        <ele>948.35</ele>
      </trkpt>
      <trkpt lat="-22.389078" lon="-44.959815">
        <ele>948.53</ele>
      </trkpt>
      <trkpt lat="-22.389091" lon="-44.95981">
        <ele>948.71</ele>
      </trkpt>
      <trkpt lat="-22.389105" lon="-44.959807">
        <ele>948.89</ele>
      </trkpt>
      <trkpt lat="-22.389119" lon="-44.959803">
        <ele>948.95</ele>
      </trkpt>
      <trkpt lat="-22.389124" lon="-44.959803">
        <ele>949.02</ele>
      </trkpt>
      <trkpt lat="-22.389129" lon="-44.959803">
        <ele>949.09</ele>
      </trkpt>
      <trkpt lat="-22.389134" lon="-44.959803">
        <ele>949.16</ele>
      </trkpt>
      <trkpt lat="-22.389139" lon="-44.959803">
        <ele>949.22</ele>
      </trkpt>
      <trkpt lat="-22.389144" lon="-44.959803">
        <ele>949.29</ele>
      </trkpt>
      <trkpt lat="-22.389152" lon="-44.959805">
        <ele>949.36</ele>
      </trkpt>
      <trkpt lat="-22.38916" lon="-44.959807">
        <ele>949.43</ele>
      </trkpt>
      <trkpt lat="-22.389168" lon="-44.959811">
        <ele>949.49</ele>
      </trkpt>
      <trkpt lat="-22.389175" lon="-44.959816">
        <ele>949.56</ele>
      </trkpt>
      <trkpt lat="-22.389183" lon="-44.959824">
        <ele>949.63</ele>
      </trkpt>
      <trkpt lat="-22.38919" lon="-44.959833">
        <ele>949.7</ele>
      </trkpt>
      <trkpt lat="-22.389198" lon="-44.959848">
        <ele>949.76</ele>
      </trkpt>
      <trkpt lat="-22.389205" lon="-44.959862">
        <ele>949.83</ele>
      </trkpt>
      <trkpt lat="-22.389211" lon="-44.959884">
        <ele>949.9</ele>
      </trkpt>
      <trkpt lat="-22.389218" lon="-44.959905">
        <ele>949.69</ele>
      </trkpt>
      <trkpt lat="-22.389222" lon="-44.959932">
        <ele>949.49</ele>
      </trkpt>
      <trkpt lat="-22.389226" lon="-44.959958">
        <ele>949.28</ele>
      </trkpt>
      <trkpt lat="-22.389226" lon="-44.959987">
        <ele>949.08</ele>
      </trkpt>
      <trkpt lat="-22.389226" lon="-44.960016">
        <ele>948.88</ele>
      </trkpt>
      <trkpt lat="-22.389224" lon="-44.960046">
        <ele>948.67</ele>
      </trkpt>
      <trkpt lat="-22.389221" lon="-44.960075">
        <ele>948.28</ele>
      </trkpt>
      <trkpt lat="-22.389216" lon="-44.960104">
        <ele>947.9</ele>
      </trkpt>
      <trkpt lat="-22.389211" lon="-44.960133">
        <ele>947.51</ele>
      </trkpt>
      <trkpt lat="-22.389205" lon="-44.96016">
        <ele>947.12</ele>
      </trkpt>
      <trkpt lat="-22.389198" lon="-44.960188">
        <ele>946.73</ele>
      </trkpt>
      <trkpt lat="-22.389191" lon="-44.960214">
        <ele>946.34</ele>
      </trkpt>
      <trkpt lat="-22.389184" lon="-44.960241">
        <ele>945.92</ele>
      </trkpt>
      <trkpt lat="-22.389178" lon="-44.960267">
        <ele>945.49</ele>
      </trkpt>
      <trkpt lat="-22.389173" lon="-44.960294">
        <ele>945.06</ele>
      </trkpt>
      <trkpt lat="-22.38917" lon="-44.960321">
        <ele>944.63</ele>
      </trkpt>
      <trkpt lat="-22.389167" lon="-44.960348">
        <ele>944.21</ele>
      </trkpt>
      <trkpt lat="-22.389166" lon="-44.960377">
        <ele>943.78</ele>
      </trkpt>
      <trkpt lat="-22.389165" lon="-44.960405">
        <ele>943.41</ele>
      </trkpt>
      <trkpt lat="-22.389166" lon="-44.960436">
        <ele>943.04</ele>
      </trkpt>
      <trkpt lat="-22.389166" lon="-44.960467">
        <ele>942.67</ele>
      </trkpt>
      <trkpt lat="-22.389169" lon="-44.960498">
        <ele>942.3</ele>
      </trkpt>
      <trkpt lat="-22.389172" lon="-44.960529">
        <ele>941.93</ele>
      </trkpt>
      <trkpt lat="-22.389177" lon="-44.960559">
        <ele>941.75</ele>
      </trkpt>
      <trkpt lat="-22.389183" lon="-44.96059">
        <ele>941.56</ele>
      </trkpt>
      <trkpt lat="-22.389191" lon="-44.960619">
        <ele>941.38</ele>
      </trkpt>
      <trkpt lat="-22.3892" lon="-44.960648">
        <ele>941.2</ele>
      </trkpt>
      <trkpt lat="-22.389211" lon="-44.960675">
        <ele>941.01</ele>
      </trkpt>
      <trkpt lat="-22.389222" lon="-44.960702">
        <ele>940.84</ele>
      </trkpt>
      <trkpt lat="-22.389234" lon="-44.960728">
        <ele>940.66</ele>
      </trkpt>
      <trkpt lat="-22.389246" lon="-44.960754">
        <ele>940.49</ele>
      </trkpt>
      <trkpt lat="-22.389258" lon="-44.96078">
        <ele>940.32</ele>
      </trkpt>
      <trkpt lat="-22.38927" lon="-44.960805">
        <ele>940.14</ele>
      </trkpt>
      <trkpt lat="-22.389282" lon="-44.960832">
        <ele>939.97</ele>
      </trkpt>
      <trkpt lat="-22.389294" lon="-44.960858">
        <ele>940</ele>
      </trkpt>
      <trkpt lat="-22.389305" lon="-44.960884">
        <ele>940.04</ele>
      </trkpt>
      <trkpt lat="-22.389316" lon="-44.960911">
        <ele>940.07</ele>
      </trkpt>
      <trkpt lat="-22.389327" lon="-44.960936">
        <ele>940.1</ele>
      </trkpt>
      <trkpt lat="-22.389336" lon="-44.960962">
        <ele>940.13</ele>
      </trkpt>
      <trkpt lat="-22.389346" lon="-44.960988">
        <ele>940.17</ele>
      </trkpt>
      <trkpt lat="-22.389355" lon="-44.961014">
        <ele>940.1</ele>
      </trkpt>
      <trkpt lat="-22.389363" lon="-44.96104">
        <ele>940.03</ele>
      </trkpt>
      <trkpt lat="-22.389371" lon="-44.961066">
        <ele>939.96</ele>
      </trkpt>
      <trkpt lat="-22.389378" lon="-44.961093">
        <ele>939.89</ele>
      </trkpt>
      <trkpt lat="-22.389384" lon="-44.961119">
        <ele>939.82</ele>
      </trkpt>
      <trkpt lat="-22.38939" lon="-44.961147">
        <ele>939.76</ele>
      </trkpt>
      <trkpt lat="-22.389396" lon="-44.961175">
        <ele>939.58</ele>
      </trkpt>
      <trkpt lat="-22.389402" lon="-44.961204">
        <ele>939.41</ele>
      </trkpt>
      <trkpt lat="-22.389408" lon="-44.961233">
        <ele>939.24</ele>
      </trkpt>
      <trkpt lat="-22.389412" lon="-44.961264">
        <ele>939.07</ele>
      </trkpt>
      <trkpt lat="-22.389416" lon="-44.961295">
        <ele>938.9</ele>
      </trkpt>
      <trkpt lat="-22.389419" lon="-44.961326">
        <ele>938.51</ele>
      </trkpt>
      <trkpt lat="-22.389421" lon="-44.961358">
        <ele>938.11</ele>
      </trkpt>
      <trkpt lat="-22.389422" lon="-44.961389">
        <ele>937.72</ele>
      </trkpt>
      <trkpt lat="-22.389422" lon="-44.96142">
        <ele>937.33</ele>
      </trkpt>
      <trkpt lat="-22.389421" lon="-44.961452">
        <ele>936.93</ele>
      </trkpt>
      <trkpt lat="-22.389419" lon="-44.961483">
        <ele>936.36</ele>
      </trkpt>
      <trkpt lat="-22.389416" lon="-44.961516">
        <ele>935.79</ele>
      </trkpt>
      <trkpt lat="-22.389413" lon="-44.961549">
        <ele>935.22</ele>
      </trkpt>
      <trkpt lat="-22.38941" lon="-44.961583">
        <ele>934.65</ele>
      </trkpt>
      <trkpt lat="-22.389406" lon="-44.961617">
        <ele>934.08</ele>
      </trkpt>
      <trkpt lat="-22.389403" lon="-44.961651">
        <ele>933.68</ele>
      </trkpt>
      <trkpt lat="-22.389401" lon="-44.961685">
        <ele>933.28</ele>
      </trkpt>
      <trkpt lat="-22.3894" lon="-44.961717">
        <ele>932.87</ele>
      </trkpt>
      <trkpt lat="-22.3894" lon="-44.961748">
        <ele>932.47</ele>
      </trkpt>
      <trkpt lat="-22.389404" lon="-44.961778">
        <ele>932.06</ele>
      </trkpt>
      <trkpt lat="-22.389407" lon="-44.961808">
        <ele>931.79</ele>
      </trkpt>
      <trkpt lat="-22.389415" lon="-44.961837">
        <ele>931.51</ele>
      </trkpt>
      <trkpt lat="-22.389423" lon="-44.961867">
        <ele>931.24</ele>
      </trkpt>
      <trkpt lat="-22.389434" lon="-44.961897">
        <ele>930.96</ele>
      </trkpt>
      <trkpt lat="-22.389445" lon="-44.961927">
        <ele>930.69</ele>
      </trkpt>
      <trkpt lat="-22.389457" lon="-44.961956">
        <ele>930.46</ele>
      </trkpt>
      <trkpt lat="-22.389468" lon="-44.961985">
        <ele>930.24</ele>
      </trkpt>
      <trkpt lat="-22.38948" lon="-44.962013">
        <ele>930.01</ele>
      </trkpt>
      <trkpt lat="-22.389492" lon="-44.962041">
        <ele>929.79</ele>
      </trkpt>
      <trkpt lat="-22.389503" lon="-44.962069">
        <ele>929.56</ele>
      </trkpt>
      <trkpt lat="-22.389515" lon="-44.962097">
        <ele>929.31</ele>
      </trkpt>
      <trkpt lat="-22.389526" lon="-44.962124">
        <ele>929.05</ele>
      </trkpt>
      <trkpt lat="-22.389537" lon="-44.962152">
        <ele>928.8</ele>
      </trkpt>
      <trkpt lat="-22.389549" lon="-44.962178">
        <ele>928.54</ele>
      </trkpt>
      <trkpt lat="-22.389561" lon="-44.962205">
        <ele>928.29</ele>
      </trkpt>
      <trkpt lat="-22.389574" lon="-44.96223">
        <ele>927.94</ele>
      </trkpt>
      <trkpt lat="-22.389587" lon="-44.962256">
        <ele>927.59</ele>
      </trkpt>
      <trkpt lat="-22.389602" lon="-44.96228">
        <ele>927.24</ele>
      </trkpt>
      <trkpt lat="-22.389616" lon="-44.962303">
        <ele>926.89</ele>
      </trkpt>
      <trkpt lat="-22.389632" lon="-44.962325">
        <ele>926.54</ele>
      </trkpt>
      <trkpt lat="-22.389648" lon="-44.962346">
        <ele>926.19</ele>
      </trkpt>
      <trkpt lat="-22.389665" lon="-44.962364">
        <ele>925.85</ele>
      </trkpt>
      <trkpt lat="-22.389683" lon="-44.962383">
        <ele>925.5</ele>
      </trkpt>
      <trkpt lat="-22.389701" lon="-44.9624">
        <ele>925.16</ele>
      </trkpt>
      <trkpt lat="-22.389719" lon="-44.962418">
        <ele>924.82</ele>
      </trkpt>
      <trkpt lat="-22.389739" lon="-44.962434">
        <ele>924.47</ele>
      </trkpt>
      <trkpt lat="-22.389759" lon="-44.96245">
        <ele>924.13</ele>
      </trkpt>
      <trkpt lat="-22.389781" lon="-44.962465">
        <ele>923.79</ele>
      </trkpt>
      <trkpt lat="-22.389803" lon="-44.96248">
        <ele>923.45</ele>
      </trkpt>
      <trkpt lat="-22.389826" lon="-44.962496">
        <ele>923.11</ele>
      </trkpt>
      <trkpt lat="-22.389849" lon="-44.962511">
        <ele>922.77</ele>
      </trkpt>
      <trkpt lat="-22.389874" lon="-44.962526">
        <ele>922.43</ele>
      </trkpt>
      <trkpt lat="-22.389899" lon="-44.962542">
        <ele>922.09</ele>
      </trkpt>
      <trkpt lat="-22.389926" lon="-44.962552">
        <ele>921.99</ele>
      </trkpt>
      <trkpt lat="-22.389952" lon="-44.962563">
        <ele>921.88</ele>
      </trkpt>
      <trkpt lat="-22.389979" lon="-44.962567">
        <ele>921.77</ele>
      </trkpt>
      <trkpt lat="-22.390007" lon="-44.962571">
        <ele>921.66</ele>
      </trkpt>
      <trkpt lat="-22.390032" lon="-44.962567">
        <ele>921.55</ele>
      </trkpt>
      <trkpt lat="-22.390058" lon="-44.962563">
        <ele>921.61</ele>
      </trkpt>
      <trkpt lat="-22.390082" lon="-44.962554">
        <ele>921.67</ele>
      </trkpt>
      <trkpt lat="-22.390107" lon="-44.962545">
        <ele>921.74</ele>
      </trkpt>
      <trkpt lat="-22.390131" lon="-44.962535">
        <ele>921.8</ele>
      </trkpt>
      <trkpt lat="-22.390155" lon="-44.962525">
        <ele>921.86</ele>
      </trkpt>
      <trkpt lat="-22.390178" lon="-44.962516">
        <ele>921.93</ele>
      </trkpt>
      <trkpt lat="-22.390201" lon="-44.962507">
        <ele>921.89</ele>
      </trkpt>
      <trkpt lat="-22.390223" lon="-44.962499">
        <ele>921.86</ele>
      </trkpt>
      <trkpt lat="-22.390246" lon="-44.962491">
        <ele>921.82</ele>
      </trkpt>
      <trkpt lat="-22.390269" lon="-44.962484">
        <ele>921.79</ele>
      </trkpt>
      <trkpt lat="-22.390293" lon="-44.962478">
        <ele>921.75</ele>
      </trkpt>
      <trkpt lat="-22.390317" lon="-44.962475">
        <ele>921.72</ele>
      </trkpt>
      <trkpt lat="-22.390341" lon="-44.962473">
        <ele>921.57</ele>
      </trkpt>
      <trkpt lat="-22.390366" lon="-44.962471">
        <ele>921.43</ele>
      </trkpt>
      <trkpt lat="-22.390391" lon="-44.962469">
        <ele>921.29</ele>
      </trkpt>
      <trkpt lat="-22.390416" lon="-44.962467">
        <ele>921.14</ele>
      </trkpt>
      <trkpt lat="-22.390442" lon="-44.962465">
        <ele>921</ele>
      </trkpt>
      <trkpt lat="-22.390469" lon="-44.962462">
        <ele>920.85</ele>
      </trkpt>
      <trkpt lat="-22.390497" lon="-44.962459">
        <ele>920.69</ele>
      </trkpt>
      <trkpt lat="-22.390526" lon="-44.962457">
        <ele>920.53</ele>
      </trkpt>
      <trkpt lat="-22.390554" lon="-44.962455">
        <ele>920.36</ele>
      </trkpt>
      <trkpt lat="-22.390583" lon="-44.962456">
        <ele>920.2</ele>
      </trkpt>
      <trkpt lat="-22.390612" lon="-44.962456">
        <ele>920.03</ele>
      </trkpt>
      <trkpt lat="-22.390639" lon="-44.962458">
        <ele>920</ele>
      </trkpt>
      <trkpt lat="-22.390667" lon="-44.962459">
        <ele>919.96</ele>
      </trkpt>
      <trkpt lat="-22.390694" lon="-44.96246">
        <ele>919.93</ele>
      </trkpt>
      <trkpt lat="-22.39072" lon="-44.962461">
        <ele>919.89</ele>
      </trkpt>
      <trkpt lat="-22.390747" lon="-44.962461">
        <ele>919.86</ele>
      </trkpt>
      <trkpt lat="-22.390773" lon="-44.962462">
        <ele>919.84</ele>
      </trkpt>
      <trkpt lat="-22.390799" lon="-44.962462">
        <ele>919.82</ele>
      </trkpt>
      <trkpt lat="-22.390825" lon="-44.962463">
        <ele>919.8</ele>
      </trkpt>
      <trkpt lat="-22.39085" lon="-44.962467">
        <ele>919.78</ele>
      </trkpt>
      <trkpt lat="-22.390875" lon="-44.962471">
        <ele>919.77</ele>
      </trkpt>
      <trkpt lat="-22.390899" lon="-44.96248">
        <ele>919.75</ele>
      </trkpt>
      <trkpt lat="-22.390923" lon="-44.962489">
        <ele>919.76</ele>
      </trkpt>
      <trkpt lat="-22.390949" lon="-44.9625">
        <ele>919.77</ele>
      </trkpt>
      <trkpt lat="-22.390974" lon="-44.962511">
        <ele>919.78</ele>
      </trkpt>
      <trkpt lat="-22.390999" lon="-44.962519">
        <ele>919.8</ele>
      </trkpt>
      <trkpt lat="-22.391024" lon="-44.962528">
        <ele>919.81</ele>
      </trkpt>
      <trkpt lat="-22.391048" lon="-44.962535">
        <ele>919.82</ele>
      </trkpt>
      <trkpt lat="-22.391072" lon="-44.962543">
        <ele>919.84</ele>
      </trkpt>
      <trkpt lat="-22.391094" lon="-44.962557">
        <ele>919.87</ele>
      </trkpt>
      <trkpt lat="-22.391116" lon="-44.962571">
        <ele>919.89</ele>
      </trkpt>
      <trkpt lat="-22.391132" lon="-44.962593">
        <ele>919.91</ele>
      </trkpt>
      <trkpt lat="-22.391148" lon="-44.962616">
        <ele>919.93</ele>
      </trkpt>
      <trkpt lat="-22.391157" lon="-44.962643">
        <ele>919.96</ele>
      </trkpt>
      <trkpt lat="-22.391165" lon="-44.96267">
        <ele>919.94</ele>
      </trkpt>
      <trkpt lat="-22.391168" lon="-44.962694">
        <ele>919.92</ele>
      </trkpt>
      <trkpt lat="-22.391171" lon="-44.962718">
        <ele>919.91</ele>
      </trkpt>
      <trkpt lat="-22.391174" lon="-44.962737">
        <ele>919.89</ele>
      </trkpt>
      <trkpt lat="-22.391177" lon="-44.962756">
        <ele>919.88</ele>
      </trkpt>
      <trkpt lat="-22.391182" lon="-44.96277">
        <ele>919.86</ele>
      </trkpt>
      <trkpt lat="-22.391186" lon="-44.962785">
        <ele>919.84</ele>
      </trkpt>
      <trkpt lat="-22.391193" lon="-44.962797">
        <ele>919.85</ele>
      </trkpt>
      <trkpt lat="-22.391199" lon="-44.962809">
        <ele>919.86</ele>
      </trkpt>
      <trkpt lat="-22.391207" lon="-44.962819">
        <ele>919.87</ele>
      </trkpt>
      <trkpt lat="-22.391215" lon="-44.96283">
        <ele>919.88</ele>
      </trkpt>
      <trkpt lat="-22.391225" lon="-44.962839">
        <ele>919.89</ele>
      </trkpt>
      <trkpt lat="-22.391235" lon="-44.962848">
        <ele>919.91</ele>
      </trkpt>
      <trkpt lat="-22.391247" lon="-44.962856">
        <ele>919.92</ele>
      </trkpt>
      <trkpt lat="-22.391258" lon="-44.962864">
        <ele>919.93</ele>
      </trkpt>
      <trkpt lat="-22.391271" lon="-44.962872">
        <ele>919.94</ele>
      </trkpt>
      <trkpt lat="-22.391283" lon="-44.96288">
        <ele>919.95</ele>
      </trkpt>
      <trkpt lat="-22.391296" lon="-44.962888">
        <ele>919.96</ele>
      </trkpt>
      <trkpt lat="-22.391309" lon="-44.962897">
        <ele>919.96</ele>
      </trkpt>
      <trkpt lat="-22.391321" lon="-44.962906">
        <ele>919.96</ele>
      </trkpt>
      <trkpt lat="-22.391333" lon="-44.962915">
        <ele>919.96</ele>
      </trkpt>
      <trkpt lat="-22.391345" lon="-44.962924">
        <ele>919.97</ele>
      </trkpt>
      <trkpt lat="-22.391357" lon="-44.962933">
        <ele>919.97</ele>
      </trkpt>
      <trkpt lat="-22.391369" lon="-44.962943">
        <ele>919.97</ele>
      </trkpt>
      <trkpt lat="-22.391381" lon="-44.962954">
        <ele>919.97</ele>
      </trkpt>
      <trkpt lat="-22.391393" lon="-44.962964">
        <ele>919.98</ele>
      </trkpt>
      <trkpt lat="-22.391405" lon="-44.962975">
        <ele>919.98</ele>
      </trkpt>
      <trkpt lat="-22.391417" lon="-44.962986">
        <ele>919.94</ele>
      </trkpt>
      <trkpt lat="-22.391429" lon="-44.962996">
        <ele>919.91</ele>
      </trkpt>
      <trkpt lat="-22.391441" lon="-44.963008">
        <ele>919.87</ele>
      </trkpt>
      <trkpt lat="-22.391453" lon="-44.963019">
        <ele>919.84</ele>
      </trkpt>
      <trkpt lat="-22.391464" lon="-44.963029">
        <ele>919.8</ele>
      </trkpt>
      <trkpt lat="-22.391475" lon="-44.96304">
        <ele>919.76</ele>
      </trkpt>
      <trkpt lat="-22.391485" lon="-44.963048">
        <ele>919.73</ele>
      </trkpt>
      <trkpt lat="-22.391495" lon="-44.963056">
        <ele>919.69</ele>
      </trkpt>
      <trkpt lat="-22.391506" lon="-44.963063">
        <ele>919.65</ele>
      </trkpt>
      <trkpt lat="-22.391517" lon="-44.963071">
        <ele>919.62</ele>
      </trkpt>
      <trkpt lat="-22.391529" lon="-44.963079">
        <ele>919.56</ele>
      </trkpt>
      <trkpt lat="-22.39154" lon="-44.963087">
        <ele>919.5</ele>
      </trkpt>
      <trkpt lat="-22.391553" lon="-44.963094">
        <ele>919.45</ele>
      </trkpt>
      <trkpt lat="-22.391565" lon="-44.963101">
        <ele>919.39</ele>
      </trkpt>
      <trkpt lat="-22.391578" lon="-44.963108">
        <ele>919.33</ele>
      </trkpt>
      <trkpt lat="-22.391591" lon="-44.963115">
        <ele>919.27</ele>
      </trkpt>
      <trkpt lat="-22.391603" lon="-44.963123">
        <ele>919.21</ele>
      </trkpt>
      <trkpt lat="-22.391616" lon="-44.963131">
        <ele>919.16</ele>
      </trkpt>
      <trkpt lat="-22.391628" lon="-44.963139">
        <ele>919.1</ele>
      </trkpt>
      <trkpt lat="-22.391641" lon="-44.963147">
        <ele>919.04</ele>
      </trkpt>
      <trkpt lat="-22.391653" lon="-44.963156">
        <ele>918.95</ele>
      </trkpt>
      <trkpt lat="-22.391665" lon="-44.963165">
        <ele>918.86</ele>
      </trkpt>
      <trkpt lat="-22.391676" lon="-44.963175">
        <ele>918.77</ele>
      </trkpt>
      <trkpt lat="-22.391688" lon="-44.963185">
        <ele>918.68</ele>
      </trkpt>
      <trkpt lat="-22.391698" lon="-44.963196">
        <ele>918.58</ele>
      </trkpt>
      <trkpt lat="-22.391708" lon="-44.963206">
        <ele>918.49</ele>
      </trkpt>
      <trkpt lat="-22.391719" lon="-44.963217">
        <ele>918.4</ele>
      </trkpt>
      <trkpt lat="-22.39173" lon="-44.963227">
        <ele>918.31</ele>
      </trkpt>
      <trkpt lat="-22.391741" lon="-44.963237">
        <ele>918.22</ele>
      </trkpt>
      <trkpt lat="-22.391751" lon="-44.963248">
        <ele>918.13</ele>
      </trkpt>
      <trkpt lat="-22.391763" lon="-44.963258">
        <ele>918.03</ele>
      </trkpt>
      <trkpt lat="-22.391775" lon="-44.963268">
        <ele>917.93</ele>
      </trkpt>
      <trkpt lat="-22.391787" lon="-44.963278">
        <ele>917.83</ele>
      </trkpt>
      <trkpt lat="-22.3918" lon="-44.963287">
        <ele>917.73</ele>
      </trkpt>
      <trkpt lat="-22.391813" lon="-44.963297">
        <ele>917.64</ele>
      </trkpt>
      <trkpt lat="-22.391826" lon="-44.963306">
        <ele>917.54</ele>
      </trkpt>
      <trkpt lat="-22.391839" lon="-44.963315">
        <ele>917.44</ele>
      </trkpt>
      <trkpt lat="-22.391852" lon="-44.963324">
        <ele>917.34</ele>
      </trkpt>
      <trkpt lat="-22.391864" lon="-44.963333">
        <ele>917.24</ele>
      </trkpt>
      <trkpt lat="-22.391876" lon="-44.963341">
        <ele>917.21</ele>
      </trkpt>
      <trkpt lat="-22.391887" lon="-44.963349">
        <ele>917.18</ele>
      </trkpt>
      <trkpt lat="-22.391899" lon="-44.963357">
        <ele>917.15</ele>
      </trkpt>
      <trkpt lat="-22.39191" lon="-44.963366">
        <ele>917.12</ele>
      </trkpt>
      <trkpt lat="-22.391921" lon="-44.963375">
        <ele>917.08</ele>
      </trkpt>
      <trkpt lat="-22.391933" lon="-44.963384">
        <ele>917.05</ele>
      </trkpt>
      <trkpt lat="-22.391945" lon="-44.963394">
        <ele>917.02</ele>
      </trkpt>
      <trkpt lat="-22.391957" lon="-44.963404">
        <ele>916.99</ele>
      </trkpt>
      <trkpt lat="-22.39197" lon="-44.963414">
        <ele>916.96</ele>
      </trkpt>
      <trkpt lat="-22.391982" lon="-44.963424">
        <ele>916.93</ele>
      </trkpt>
      <trkpt lat="-22.391994" lon="-44.963435">
        <ele>916.95</ele>
      </trkpt>
      <trkpt lat="-22.392006" lon="-44.963445">
        <ele>916.98</ele>
      </trkpt>
      <trkpt lat="-22.392019" lon="-44.963454">
        <ele>917.01</ele>
      </trkpt>
      <trkpt lat="-22.392031" lon="-44.963464">
        <ele>917.03</ele>
      </trkpt>
      <trkpt lat="-22.392043" lon="-44.963474">
        <ele>917.06</ele>
      </trkpt>
      <trkpt lat="-22.392055" lon="-44.963484">
        <ele>917.09</ele>
      </trkpt>
      <trkpt lat="-22.392067" lon="-44.963493">
        <ele>917.11</ele>
      </trkpt>
      <trkpt lat="-22.392078" lon="-44.963503">
        <ele>917.14</ele>
      </trkpt>
      <trkpt lat="-22.39209" lon="-44.963513">
        <ele>917.17</ele>
      </trkpt>
      <trkpt lat="-22.392102" lon="-44.963522">
        <ele>917.21</ele>
      </trkpt>
      <trkpt lat="-22.392114" lon="-44.963531">
        <ele>917.25</ele>
      </trkpt>
      <trkpt lat="-22.392125" lon="-44.96354">
        <ele>917.29</ele>
      </trkpt>
      <trkpt lat="-22.392137" lon="-44.963549">
        <ele>917.33</ele>
      </trkpt>
      <trkpt lat="-22.392149" lon="-44.963557">
        <ele>917.37</ele>
      </trkpt>
      <trkpt lat="-22.392162" lon="-44.963565">
        <ele>917.41</ele>
      </trkpt>
      <trkpt lat="-22.392174" lon="-44.963573">
        <ele>917.45</ele>
      </trkpt>
      <trkpt lat="-22.392187" lon="-44.963581">
        <ele>917.49</ele>
      </trkpt>
      <trkpt lat="-22.3922" lon="-44.963587">
        <ele>917.53</ele>
      </trkpt>
      <trkpt lat="-22.392213" lon="-44.963594">
        <ele>917.57</ele>
      </trkpt>
      <trkpt lat="-22.392225" lon="-44.963602">
        <ele>917.64</ele>
      </trkpt>
      <trkpt lat="-22.392237" lon="-44.96361">
        <ele>917.72</ele>
      </trkpt>
      <trkpt lat="-22.392248" lon="-44.96362">
        <ele>917.8</ele>
      </trkpt>
      <trkpt lat="-22.392259" lon="-44.963631">
        <ele>917.88</ele>
      </trkpt>
      <trkpt lat="-22.39227" lon="-44.963643">
        <ele>917.96</ele>
      </trkpt>
      <trkpt lat="-22.392281" lon="-44.963655">
        <ele>918.03</ele>
      </trkpt>
      <trkpt lat="-22.392293" lon="-44.963667">
        <ele>918.11</ele>
      </trkpt>
      <trkpt lat="-22.392304" lon="-44.96368">
        <ele>918.19</ele>
      </trkpt>
      <trkpt lat="-22.392316" lon="-44.96369">
        <ele>918.27</ele>
      </trkpt>
      <trkpt lat="-22.392328" lon="-44.9637">
        <ele>918.37</ele>
      </trkpt>
      <trkpt lat="-22.39234" lon="-44.963709">
        <ele>918.48</ele>
      </trkpt>
      <trkpt lat="-22.392352" lon="-44.963718">
        <ele>918.58</ele>
      </trkpt>
      <trkpt lat="-22.392365" lon="-44.963726">
        <ele>918.69</ele>
      </trkpt>
      <trkpt lat="-22.392378" lon="-44.963734">
        <ele>918.79</ele>
      </trkpt>
      <trkpt lat="-22.39239" lon="-44.963743">
        <ele>918.9</ele>
      </trkpt>
      <trkpt lat="-22.392402" lon="-44.963751">
        <ele>919.01</ele>
      </trkpt>
      <trkpt lat="-22.392414" lon="-44.963761">
        <ele>919.11</ele>
      </trkpt>
      <trkpt lat="-22.392426" lon="-44.96377">
        <ele>919.22</ele>
      </trkpt>
      <trkpt lat="-22.392437" lon="-44.963781">
        <ele>919.32</ele>
      </trkpt>
      <trkpt lat="-22.392449" lon="-44.963792">
        <ele>919.4</ele>
      </trkpt>
      <trkpt lat="-22.39246" lon="-44.963803">
        <ele>919.47</ele>
      </trkpt>
      <trkpt lat="-22.392471" lon="-44.963815">
        <ele>919.54</ele>
      </trkpt>
      <trkpt lat="-22.392481" lon="-44.963828">
        <ele>919.62</ele>
      </trkpt>
      <trkpt lat="-22.392491" lon="-44.963842">
        <ele>919.69</ele>
      </trkpt>
      <trkpt lat="-22.3925" lon="-44.963855">
        <ele>919.76</ele>
      </trkpt>
      <trkpt lat="-22.39251" lon="-44.963868">
        <ele>919.84</ele>
      </trkpt>
      <trkpt lat="-22.392521" lon="-44.96388">
        <ele>919.91</ele>
      </trkpt>
      <trkpt lat="-22.392532" lon="-44.963891">
        <ele>919.98</ele>
      </trkpt>
      <trkpt lat="-22.392544" lon="-44.963902">
        <ele>920.02</ele>
      </trkpt>
      <trkpt lat="-22.392556" lon="-44.963912">
        <ele>920.06</ele>
      </trkpt>
      <trkpt lat="-22.392567" lon="-44.963921">
        <ele>920.1</ele>
      </trkpt>
      <trkpt lat="-22.392579" lon="-44.963931">
        <ele>920.14</ele>
      </trkpt>
      <trkpt lat="-22.39259" lon="-44.963939">
        <ele>920.18</ele>
      </trkpt>
      <trkpt lat="-22.392601" lon="-44.963948">
        <ele>920.22</ele>
      </trkpt>
      <trkpt lat="-22.392611" lon="-44.963956">
        <ele>920.26</ele>
      </trkpt>
      <trkpt lat="-22.392622" lon="-44.963965">
        <ele>920.29</ele>
      </trkpt>
      <trkpt lat="-22.392632" lon="-44.963973">
        <ele>920.33</ele>
      </trkpt>
      <trkpt lat="-22.392642" lon="-44.963982">
        <ele>920.37</ele>
      </trkpt>
      <trkpt lat="-22.392652" lon="-44.963991">
        <ele>920.4</ele>
      </trkpt>
      <trkpt lat="-22.392662" lon="-44.963999">
        <ele>920.44</ele>
      </trkpt>
      <trkpt lat="-22.392671" lon="-44.964008">
        <ele>920.47</ele>
      </trkpt>
      <trkpt lat="-22.39268" lon="-44.964016">
        <ele>920.5</ele>
      </trkpt>
      <trkpt lat="-22.392691" lon="-44.964024">
        <ele>920.53</ele>
      </trkpt>
      <trkpt lat="-22.392701" lon="-44.964032">
        <ele>920.57</ele>
      </trkpt>
      <trkpt lat="-22.392712" lon="-44.96404">
        <ele>920.6</ele>
      </trkpt>
      <trkpt lat="-22.392724" lon="-44.964048">
        <ele>920.63</ele>
      </trkpt>
      <trkpt lat="-22.392734" lon="-44.964056">
        <ele>920.67</ele>
      </trkpt>
      <trkpt lat="-22.392745" lon="-44.964065">
        <ele>920.7</ele>
      </trkpt>
      <trkpt lat="-22.392755" lon="-44.964074">
        <ele>920.73</ele>
      </trkpt>
      <trkpt lat="-22.392766" lon="-44.964083">
        <ele>920.78</ele>
      </trkpt>
      <trkpt lat="-22.392776" lon="-44.964092">
        <ele>920.82</ele>
      </trkpt>
      <trkpt lat="-22.392787" lon="-44.964101">
        <ele>920.86</ele>
      </trkpt>
      <trkpt lat="-22.392799" lon="-44.96411">
        <ele>920.91</ele>
      </trkpt>
      <trkpt lat="-22.39281" lon="-44.964119">
        <ele>920.95</ele>
      </trkpt>
      <trkpt lat="-22.392823" lon="-44.964128">
        <ele>921</ele>
      </trkpt>
      <trkpt lat="-22.392835" lon="-44.964136">
        <ele>921.04</ele>
      </trkpt>
      <trkpt lat="-22.392847" lon="-44.964146">
        <ele>921.09</ele>
      </trkpt>
      <trkpt lat="-22.392859" lon="-44.964155">
        <ele>921.13</ele>
      </trkpt>
      <trkpt lat="-22.392868" lon="-44.964166">
        <ele>921.18</ele>
      </trkpt>
      <trkpt lat="-22.392878" lon="-44.964176">
        <ele>921.2</ele>
      </trkpt>
      <trkpt lat="-22.392887" lon="-44.964188">
        <ele>921.22</ele>
      </trkpt>
      <trkpt lat="-22.392895" lon="-44.9642">
        <ele>921.25</ele>
      </trkpt>
      <trkpt lat="-22.392901" lon="-44.964213">
        <ele>921.27</ele>
      </trkpt>
      <trkpt lat="-22.392908" lon="-44.964227">
        <ele>921.29</ele>
      </trkpt>
      <trkpt lat="-22.392911" lon="-44.96424">
        <ele>921.31</ele>
      </trkpt>
      <trkpt lat="-22.392913" lon="-44.964254">
        <ele>921.34</ele>
      </trkpt>
      <trkpt lat="-22.392913" lon="-44.964268">
        <ele>921.36</ele>
      </trkpt>
      <trkpt lat="-22.392912" lon="-44.964282">
        <ele>921.38</ele>
      </trkpt>
      <trkpt lat="-22.392909" lon="-44.964296">
        <ele>921.4</ele>
      </trkpt>
      <trkpt lat="-22.392906" lon="-44.964309">
        <ele>921.42</ele>
      </trkpt>
      <trkpt lat="-22.392901" lon="-44.964321">
        <ele>921.4</ele>
      </trkpt>
      <trkpt lat="-22.392896" lon="-44.964332">
        <ele>921.37</ele>
      </trkpt>
      <trkpt lat="-22.392888" lon="-44.96434">
        <ele>921.34</ele>
      </trkpt>
      <trkpt lat="-22.39288" lon="-44.964348">
        <ele>921.31</ele>
      </trkpt>
      <trkpt lat="-22.392869" lon="-44.964354">
        <ele>921.28</ele>
      </trkpt>
      <trkpt lat="-22.392858" lon="-44.964359">
        <ele>921.25</ele>
      </trkpt>
      <trkpt lat="-22.392844" lon="-44.964364">
        <ele>921.22</ele>
      </trkpt>
      <trkpt lat="-22.39283" lon="-44.964369">
        <ele>921.19</ele>
      </trkpt>
      <trkpt lat="-22.392814" lon="-44.964372">
        <ele>921.16</ele>
      </trkpt>
      <trkpt lat="-22.392797" lon="-44.964376">
        <ele>921.13</ele>
      </trkpt>
      <trkpt lat="-22.392779" lon="-44.964379">
        <ele>921.1</ele>
      </trkpt>
      <trkpt lat="-22.392761" lon="-44.964382">
        <ele>921.08</ele>
      </trkpt>
      <trkpt lat="-22.392743" lon="-44.964385">
        <ele>921.05</ele>
      </trkpt>
      <trkpt lat="-22.392725" lon="-44.964389">
        <ele>921.03</ele>
      </trkpt>
      <trkpt lat="-22.392707" lon="-44.964394">
        <ele>921</ele>
      </trkpt>
      <trkpt lat="-22.39269" lon="-44.964398">
        <ele>920.98</ele>
      </trkpt>
      <trkpt lat="-22.392674" lon="-44.964403">
        <ele>920.95</ele>
      </trkpt>
      <trkpt lat="-22.392658" lon="-44.964408">
        <ele>920.93</ele>
      </trkpt>
      <trkpt lat="-22.392644" lon="-44.964413">
        <ele>920.9</ele>
      </trkpt>
      <trkpt lat="-22.39263" lon="-44.964418">
        <ele>920.9</ele>
      </trkpt>
      <trkpt lat="-22.392616" lon="-44.964422">
        <ele>920.9</ele>
      </trkpt>
      <trkpt lat="-22.392603" lon="-44.964426">
        <ele>920.9</ele>
      </trkpt>
      <trkpt lat="-22.392589" lon="-44.96443">
        <ele>920.9</ele>
      </trkpt>
      <trkpt lat="-22.392576" lon="-44.964433">
        <ele>920.9</ele>
      </trkpt>
      <trkpt lat="-22.392563" lon="-44.964436">
        <ele>920.9</ele>
      </trkpt>
      <trkpt lat="-22.392549" lon="-44.96444">
        <ele>920.9</ele>
      </trkpt>
      <trkpt lat="-22.392536" lon="-44.964443">
        <ele>920.9</ele>
      </trkpt>
      <trkpt lat="-22.392523" lon="-44.964447">
        <ele>920.9</ele>
      </trkpt>
      <trkpt lat="-22.392509" lon="-44.96445">
        <ele>920.9</ele>
      </trkpt>
      <trkpt lat="-22.392496" lon="-44.964453">
        <ele>920.89</ele>
      </trkpt>
      <trkpt lat="-22.392482" lon="-44.964455">
        <ele>920.87</ele>
      </trkpt>
      <trkpt lat="-22.392469" lon="-44.964458">
        <ele>920.86</ele>
      </trkpt>
      <trkpt lat="-22.392456" lon="-44.964462">
        <ele>920.85</ele>
      </trkpt>
      <trkpt lat="-22.392443" lon="-44.964465">
        <ele>920.83</ele>
      </trkpt>
      <trkpt lat="-22.392429" lon="-44.964468">
        <ele>920.82</ele>
      </trkpt>
      <trkpt lat="-22.392415" lon="-44.964472">
        <ele>920.81</ele>
      </trkpt>
      <trkpt lat="-22.3924" lon="-44.964475">
        <ele>920.79</ele>
      </trkpt>
      <trkpt lat="-22.392385" lon="-44.964478">
        <ele>920.78</ele>
      </trkpt>
      <trkpt lat="-22.392369" lon="-44.964481">
        <ele>920.77</ele>
      </trkpt>
      <trkpt lat="-22.392354" lon="-44.964484">
        <ele>920.74</ele>
      </trkpt>
      <trkpt lat="-22.392338" lon="-44.964486">
        <ele>920.72</ele>
      </trkpt>
      <trkpt lat="-22.392321" lon="-44.964489">
        <ele>920.7</ele>
      </trkpt>
      <trkpt lat="-22.392307" lon="-44.964493">
        <ele>920.67</ele>
      </trkpt>
      <trkpt lat="-22.392292" lon="-44.964497">
        <ele>920.65</ele>
      </trkpt>
      <trkpt lat="-22.392279" lon="-44.964502">
        <ele>920.63</ele>
      </trkpt>
      <trkpt lat="-22.392265" lon="-44.964508">
        <ele>920.6</ele>
      </trkpt>
      <trkpt lat="-22.392251" lon="-44.964513">
        <ele>920.58</ele>
      </trkpt>
      <trkpt lat="-22.392236" lon="-44.964518">
        <ele>920.56</ele>
      </trkpt>
      <trkpt lat="-22.392221" lon="-44.964522">
        <ele>920.54</ele>
      </trkpt>
      <trkpt lat="-22.392206" lon="-44.964527">
        <ele>920.53</ele>
      </trkpt>
      <trkpt lat="-22.392192" lon="-44.96453">
        <ele>920.52</ele>
      </trkpt>
      <trkpt lat="-22.392178" lon="-44.964533">
        <ele>920.5</ele>
      </trkpt>
      <trkpt lat="-22.392166" lon="-44.964535">
        <ele>920.49</ele>
      </trkpt>
      <trkpt lat="-22.392154" lon="-44.964537">
        <ele>920.48</ele>
      </trkpt>
      <trkpt lat="-22.392143" lon="-44.964539">
        <ele>920.46</ele>
      </trkpt>
      <trkpt lat="-22.392133" lon="-44.96454">
        <ele>920.45</ele>
      </trkpt>
      <trkpt lat="-22.392121" lon="-44.964541">
        <ele>920.44</ele>
      </trkpt>
      <trkpt lat="-22.39211" lon="-44.964543">
        <ele>920.42</ele>
      </trkpt>
      <trkpt lat="-22.392099" lon="-44.964547">
        <ele>920.41</ele>
      </trkpt>
      <trkpt lat="-22.392089" lon="-44.96455">
        <ele>920.38</ele>
      </trkpt>
      <trkpt lat="-22.392079" lon="-44.964559">
        <ele>920.35</ele>
      </trkpt>
      <trkpt lat="-22.392069" lon="-44.964567">
        <ele>920.32</ele>
      </trkpt>
      <trkpt lat="-22.392056" lon="-44.964578">
        <ele>920.29</ele>
      </trkpt>
      <trkpt lat="-22.392043" lon="-44.964589">
        <ele>920.26</ele>
      </trkpt>
      <trkpt lat="-22.392025" lon="-44.9646">
        <ele>920.23</ele>
      </trkpt>
      <trkpt lat="-22.392007" lon="-44.964611">
        <ele>920.2</ele>
      </trkpt>
      <trkpt lat="-22.391984" lon="-44.96462">
        <ele>920.17</ele>
      </trkpt>
      <trkpt lat="-22.391961" lon="-44.964629">
        <ele>920.14</ele>
      </trkpt>
      <trkpt lat="-22.391934" lon="-44.964635">
        <ele>920.11</ele>
      </trkpt>
      <trkpt lat="-22.391907" lon="-44.964641">
        <ele>920.07</ele>
      </trkpt>
      <trkpt lat="-22.39188" lon="-44.964647">
        <ele>920.04</ele>
      </trkpt>
      <trkpt lat="-22.391852" lon="-44.964653">
        <ele>920.01</ele>
      </trkpt>
      <trkpt lat="-22.391824" lon="-44.964659">
        <ele>919.98</ele>
      </trkpt>
      <trkpt lat="-22.391796" lon="-44.964665">
        <ele>919.93</ele>
      </trkpt>
      <trkpt lat="-22.391769" lon="-44.964669">
        <ele>919.89</ele>
      </trkpt>
      <trkpt lat="-22.391741" lon="-44.964674">
        <ele>919.85</ele>
      </trkpt>
      <trkpt lat="-22.391716" lon="-44.964679">
        <ele>919.81</ele>
      </trkpt>
      <trkpt lat="-22.39169" lon="-44.964685">
        <ele>919.77</ele>
      </trkpt>
      <trkpt lat="-22.391665" lon="-44.964693">
        <ele>919.64</ele>
      </trkpt>
      <trkpt lat="-22.39164" lon="-44.9647">
        <ele>919.51</ele>
      </trkpt>
      <trkpt lat="-22.391616" lon="-44.964708">
        <ele>919.38</ele>
      </trkpt>
      <trkpt lat="-22.391592" lon="-44.964716">
        <ele>919.25</ele>
      </trkpt>
      <trkpt lat="-22.391568" lon="-44.964723">
        <ele>919.12</ele>
      </trkpt>
      <trkpt lat="-22.391543" lon="-44.964731">
        <ele>918.99</ele>
      </trkpt>
      <trkpt lat="-22.391517" lon="-44.964739">
        <ele>918.89</ele>
      </trkpt>
      <trkpt lat="-22.391491" lon="-44.964746">
        <ele>918.78</ele>
      </trkpt>
      <trkpt lat="-22.391466" lon="-44.964754">
        <ele>918.68</ele>
      </trkpt>
      <trkpt lat="-22.39144" lon="-44.964763">
        <ele>918.58</ele>
      </trkpt>
      <trkpt lat="-22.391415" lon="-44.96477">
        <ele>918.47</ele>
      </trkpt>
      <trkpt lat="-22.391391" lon="-44.964777">
        <ele>918.37</ele>
      </trkpt>
      <trkpt lat="-22.391366" lon="-44.964784">
        <ele>918.37</ele>
      </trkpt>
      <trkpt lat="-22.391341" lon="-44.96479">
        <ele>918.36</ele>
      </trkpt>
      <trkpt lat="-22.391315" lon="-44.964797">
        <ele>918.35</ele>
      </trkpt>
      <trkpt lat="-22.39129" lon="-44.964804">
        <ele>918.35</ele>
      </trkpt>
      <trkpt lat="-22.391266" lon="-44.964815">
        <ele>918.34</ele>
      </trkpt>
      <trkpt lat="-22.391242" lon="-44.964826">
        <ele>918.33</ele>
      </trkpt>
      <trkpt lat="-22.391227" lon="-44.964844">
        <ele>918.34</ele>
      </trkpt>
      <trkpt lat="-22.391212" lon="-44.964863">
        <ele>918.35</ele>
      </trkpt>
      <trkpt lat="-22.391206" lon="-44.964887">
        <ele>918.35</ele>
      </trkpt>
      <trkpt lat="-22.391201" lon="-44.964911">
        <ele>918.36</ele>
      </trkpt>
      <trkpt lat="-22.391201" lon="-44.964937">
        <ele>918.37</ele>
      </trkpt>
      <trkpt lat="-22.391202" lon="-44.964963">
        <ele>918.37</ele>
      </trkpt>
      <trkpt lat="-22.391207" lon="-44.96499">
        <ele>918.4</ele>
      </trkpt>
      <trkpt lat="-22.391211" lon="-44.965017">
        <ele>918.42</ele>
      </trkpt>
      <trkpt lat="-22.391217" lon="-44.965044">
        <ele>918.45</ele>
      </trkpt>
      <trkpt lat="-22.391224" lon="-44.965071">
        <ele>918.47</ele>
      </trkpt>
      <trkpt lat="-22.39123" lon="-44.965099">
        <ele>918.49</ele>
      </trkpt>
      <trkpt lat="-22.391236" lon="-44.965126">
        <ele>918.52</ele>
      </trkpt>
      <trkpt lat="-22.391238" lon="-44.965153">
        <ele>918.67</ele>
      </trkpt>
      <trkpt lat="-22.391241" lon="-44.96518">
        <ele>918.82</ele>
      </trkpt>
      <trkpt lat="-22.391242" lon="-44.965205">
        <ele>918.97</ele>
      </trkpt>
      <trkpt lat="-22.391242" lon="-44.965231">
        <ele>919.11</ele>
      </trkpt>
      <trkpt lat="-22.391243" lon="-44.965256">
        <ele>919.26</ele>
      </trkpt>
      <trkpt lat="-22.391244" lon="-44.965281">
        <ele>919.41</ele>
      </trkpt>
      <trkpt lat="-22.391247" lon="-44.965307">
        <ele>919.57</ele>
      </trkpt>
      <trkpt lat="-22.39125" lon="-44.965332">
        <ele>919.72</ele>
      </trkpt>
      <trkpt lat="-22.391254" lon="-44.965357">
        <ele>919.88</ele>
      </trkpt>
      <trkpt lat="-22.391258" lon="-44.965383">
        <ele>920.03</ele>
      </trkpt>
      <trkpt lat="-22.391263" lon="-44.965408">
        <ele>920.18</ele>
      </trkpt>
      <trkpt lat="-22.391267" lon="-44.965434">
        <ele>920.34</ele>
      </trkpt>
      <trkpt lat="-22.391271" lon="-44.965459">
        <ele>920.51</ele>
      </trkpt>
      <trkpt lat="-22.391275" lon="-44.965485">
        <ele>920.68</ele>
      </trkpt>
      <trkpt lat="-22.391277" lon="-44.965511">
        <ele>920.85</ele>
      </trkpt>
      <trkpt lat="-22.39128" lon="-44.965537">
        <ele>921.02</ele>
      </trkpt>
      <trkpt lat="-22.391282" lon="-44.965562">
        <ele>921.18</ele>
      </trkpt>
      <trkpt lat="-22.391284" lon="-44.965588">
        <ele>921.35</ele>
      </trkpt>
      <trkpt lat="-22.391286" lon="-44.965614">
        <ele>921.49</ele>
      </trkpt>
      <trkpt lat="-22.391288" lon="-44.96564">
        <ele>921.63</ele>
      </trkpt>
      <trkpt lat="-22.391291" lon="-44.965665">
        <ele>921.77</ele>
      </trkpt>
      <trkpt lat="-22.391294" lon="-44.965691">
        <ele>921.9</ele>
      </trkpt>
      <trkpt lat="-22.391296" lon="-44.965716">
        <ele>922.04</ele>
      </trkpt>
      <trkpt lat="-22.391299" lon="-44.965741">
        <ele>922.18</ele>
      </trkpt>
      <trkpt lat="-22.391304" lon="-44.965765">
        <ele>922.28</ele>
      </trkpt>
      <trkpt lat="-22.391308" lon="-44.96579">
        <ele>922.38</ele>
      </trkpt>
      <trkpt lat="-22.391316" lon="-44.965815">
        <ele>922.48</ele>
      </trkpt>
      <trkpt lat="-22.391323" lon="-44.96584">
        <ele>922.58</ele>
      </trkpt>
      <trkpt lat="-22.391331" lon="-44.965866">
        <ele>922.68</ele>
      </trkpt>
      <trkpt lat="-22.39134" lon="-44.965892">
        <ele>922.78</ele>
      </trkpt>
      <trkpt lat="-22.391346" lon="-44.965919">
        <ele>922.77</ele>
      </trkpt>
      <trkpt lat="-22.391353" lon="-44.965945">
        <ele>922.77</ele>
      </trkpt>
      <trkpt lat="-22.391355" lon="-44.965973">
        <ele>922.76</ele>
      </trkpt>
      <trkpt lat="-22.391357" lon="-44.966">
        <ele>922.76</ele>
      </trkpt>
      <trkpt lat="-22.391356" lon="-44.966028">
        <ele>922.75</ele>
      </trkpt>
      <trkpt lat="-22.391355" lon="-44.966056">
        <ele>922.75</ele>
      </trkpt>
      <trkpt lat="-22.391356" lon="-44.966082">
        <ele>922.71</ele>
      </trkpt>
      <trkpt lat="-22.391356" lon="-44.966108">
        <ele>922.67</ele>
      </trkpt>
      <trkpt lat="-22.391359" lon="-44.966134">
        <ele>922.62</ele>
      </trkpt>
      <trkpt lat="-22.391361" lon="-44.966159">
        <ele>922.58</ele>
      </trkpt>
      <trkpt lat="-22.391364" lon="-44.966184">
        <ele>922.54</ele>
      </trkpt>
      <trkpt lat="-22.391367" lon="-44.966209">
        <ele>922.5</ele>
      </trkpt>
      <trkpt lat="-22.391369" lon="-44.966234">
        <ele>922.51</ele>
      </trkpt>
      <trkpt lat="-22.391372" lon="-44.966259">
        <ele>922.51</ele>
      </trkpt>
      <trkpt lat="-22.391374" lon="-44.966284">
        <ele>922.52</ele>
      </trkpt>
      <trkpt lat="-22.391376" lon="-44.966309">
        <ele>922.53</ele>
      </trkpt>
      <trkpt lat="-22.391377" lon="-44.966333">
        <ele>922.53</ele>
      </trkpt>
      <trkpt lat="-22.391379" lon="-44.966357">
        <ele>922.54</ele>
      </trkpt>
      <trkpt lat="-22.391381" lon="-44.966381">
        <ele>922.59</ele>
      </trkpt>
      <trkpt lat="-22.391383" lon="-44.966405">
        <ele>922.63</ele>
      </trkpt>
      <trkpt lat="-22.391386" lon="-44.966427">
        <ele>922.68</ele>
      </trkpt>
      <trkpt lat="-22.391389" lon="-44.966449">
        <ele>922.73</ele>
      </trkpt>
      <trkpt lat="-22.391393" lon="-44.966468">
        <ele>922.77</ele>
      </trkpt>
      <trkpt lat="-22.391398" lon="-44.966487">
        <ele>922.82</ele>
      </trkpt>
      <trkpt lat="-22.391403" lon="-44.966502">
        <ele>922.87</ele>
      </trkpt>
      <trkpt lat="-22.391409" lon="-44.966516">
        <ele>922.98</ele>
      </trkpt>
      <trkpt lat="-22.391413" lon="-44.966528">
        <ele>923.1</ele>
      </trkpt>
      <trkpt lat="-22.391416" lon="-44.96654">
        <ele>923.22</ele>
      </trkpt>
      <trkpt lat="-22.391412" lon="-44.966549">
        <ele>923.34</ele>
      </trkpt>
      <trkpt lat="-22.391407" lon="-44.966557">
        <ele>923.46</ele>
      </trkpt>
      <trkpt lat="-22.391393" lon="-44.966563">
        <ele>923.58</ele>
      </trkpt>
      <trkpt lat="-22.391379" lon="-44.966569">
        <ele>923.69</ele>
      </trkpt>
      <trkpt lat="-22.391358" lon="-44.966576">
        <ele>923.81</ele>
      </trkpt>
      <trkpt lat="-22.391337" lon="-44.966582">
        <ele>923.93</ele>
      </trkpt>
      <trkpt lat="-22.391311" lon="-44.966592">
        <ele>924.05</ele>
      </trkpt>
      <trkpt lat="-22.391286" lon="-44.966601">
        <ele>924.37</ele>
      </trkpt>
      <trkpt lat="-22.391259" lon="-44.966615">
        <ele>924.69</ele>
      </trkpt>
      <trkpt lat="-22.391232" lon="-44.966628">
        <ele>925.01</ele>
      </trkpt>
      <trkpt lat="-22.391205" lon="-44.966642">
        <ele>925.33</ele>
      </trkpt>
      <trkpt lat="-22.391177" lon="-44.966656">
        <ele>925.65</ele>
      </trkpt>
      <trkpt lat="-22.391148" lon="-44.966666">
        <ele>926.04</ele>
      </trkpt>
      <trkpt lat="-22.39112" lon="-44.966677">
        <ele>926.44</ele>
      </trkpt>
      <trkpt lat="-22.39109" lon="-44.966685">
        <ele>926.83</ele>
      </trkpt>
      <trkpt lat="-22.391061" lon="-44.966693">
        <ele>927.23</ele>
      </trkpt>
      <trkpt lat="-22.391032" lon="-44.966699">
        <ele>927.62</ele>
      </trkpt>
      <trkpt lat="-22.391003" lon="-44.966705">
        <ele>927.99</ele>
      </trkpt>
      <trkpt lat="-22.390976" lon="-44.966712">
        <ele>928.36</ele>
      </trkpt>
      <trkpt lat="-22.390949" lon="-44.966718">
        <ele>928.73</ele>
      </trkpt>
      <trkpt lat="-22.390922" lon="-44.966724">
        <ele>929.1</ele>
      </trkpt>
      <trkpt lat="-22.390894" lon="-44.966729">
        <ele>929.47</ele>
      </trkpt>
      <trkpt lat="-22.390866" lon="-44.966733">
        <ele>929.49</ele>
      </trkpt>
      <trkpt lat="-22.390837" lon="-44.966736">
        <ele>929.51</ele>
      </trkpt>
      <trkpt lat="-22.390807" lon="-44.96674">
        <ele>929.53</ele>
      </trkpt>
      <trkpt lat="-22.390778" lon="-44.966744">
        <ele>929.55</ele>
      </trkpt>
      <trkpt lat="-22.390747" lon="-44.966749">
        <ele>929.57</ele>
      </trkpt>
      <trkpt lat="-22.390716" lon="-44.966754">
        <ele>929.47</ele>
      </trkpt>
      <trkpt lat="-22.390687" lon="-44.966759">
        <ele>929.38</ele>
      </trkpt>
      <trkpt lat="-22.390657" lon="-44.966765">
        <ele>929.28</ele>
      </trkpt>
      <trkpt lat="-22.390629" lon="-44.966769">
        <ele>929.19</ele>
      </trkpt>
      <trkpt lat="-22.390601" lon="-44.966774">
        <ele>929.09</ele>
      </trkpt>
      <trkpt lat="-22.390574" lon="-44.966779">
        <ele>928.8</ele>
      </trkpt>
      <trkpt lat="-22.390547" lon="-44.966784">
        <ele>928.5</ele>
      </trkpt>
      <trkpt lat="-22.39052" lon="-44.96679">
        <ele>928.21</ele>
      </trkpt>
      <trkpt lat="-22.390493" lon="-44.966795">
        <ele>927.92</ele>
      </trkpt>
      <trkpt lat="-22.390466" lon="-44.9668">
        <ele>927.62</ele>
      </trkpt>
      <trkpt lat="-22.39044" lon="-44.966804">
        <ele>927.6</ele>
      </trkpt>
      <trkpt lat="-22.39044" lon="-44.966804">
        <ele>927.58</ele>
      </trkpt>
      <trkpt lat="-22.39044" lon="-44.966804">
        <ele>927.56</ele>
      </trkpt>
      <trkpt lat="-22.39044" lon="-44.966804">
        <ele>927.54</ele>
      </trkpt>
      <trkpt lat="-22.39044" lon="-44.966804">
        <ele>927.51</ele>
      </trkpt>
      <trkpt lat="-22.39044" lon="-44.966804">
        <ele>927.49</ele>
      </trkpt>
      <trkpt lat="-22.39044" lon="-44.966804">
        <ele>927.47</ele>
      </trkpt>
      <trkpt lat="-22.39044" lon="-44.966804">
        <ele>927.45</ele>
      </trkpt>
      <trkpt lat="-22.39044" lon="-44.966804">
        <ele>927.43</ele>
      </trkpt>
      <trkpt lat="-22.39044" lon="-44.966804">
        <ele>927.4</ele>
      </trkpt>
      <trkpt lat="-22.39044" lon="-44.966804">
        <ele>927.38</ele>
      </trkpt>
      <trkpt lat="-22.39044" lon="-44.966804">
        <ele>927.36</ele>
      </trkpt>
      <trkpt lat="-22.39044" lon="-44.966804">
        <ele>927.34</ele>
      </trkpt>
      <trkpt lat="-22.39044" lon="-44.966804">
        <ele>927.32</ele>
      </trkpt>
      <trkpt lat="-22.39044" lon="-44.966804">
        <ele>927.29</ele>
      </trkpt>
      <trkpt lat="-22.39044" lon="-44.966804">
        <ele>927.27</ele>
      </trkpt>
    </trkseg>
  </trk>
  <wpt lat="-22.39044" lon="-44.966804">
    <name>CHEGADA</name>
    <desc>&lt;p&gt;&lt;strong&gt;Controle de passagem &lt;br&gt;Alimentação&lt;/strong&gt;&lt;br&gt;&lt;strong&gt;Hidratação&lt;br&gt;Banheiros&lt;/strong&gt;&lt;br&gt;&lt;strong&gt;Médicos&lt;/strong&gt;&lt;/p&gt;</desc>
    <extensions>
      <distance>15.3</distance>
    </extensions>
  </wpt>
  <wpt lat="-22.390405" lon="-44.966162">
    <name>LARGADA</name>
    <desc>&lt;p&gt;&lt;strong&gt;Controle de Passagem&lt;br&gt;Alimentação &lt;br&gt;Banheiros&lt;/strong&gt;&lt;/p&gt;</desc>
    <extensions>
      <distance>0</distance>
    </extensions>
  </wpt>
  <wpt lat="-22.3921198551342" lon="-44.9441228551338">
    <name>PH CACHOEIRA</name>
    <desc>&lt;p&gt;ÁGUA MINERAL PASSA QUATRO&lt;/p&gt;</desc>
    <extensions>
      <distance>5.1</distance>
    </extensions>
  </wpt>
  <wpt lat="-22.3830151693054" lon="-44.948448">
    <name>PCA FLONA PORTARIA</name>
    <desc>&lt;p&gt;&lt;strong&gt;Controle de passagem &lt;br&gt;Alimentação&lt;br&gt;Hidratação&lt;br&gt;Banheiros&lt;/strong&gt;&lt;/p&gt;&lt;p&gt;&lt;/p&gt;</desc>
    <extensions>
      <distance>11.58</distance>
    </extensions>
  </wpt>
</gpx>